dir,stem,cell,build,app,fault,wait,trial,ts,diag,bytes,iters,inject,gidsel,gid0,gid1,cut_s,r0rc,r1rc,left,wall_s,r0_outcome,r1_outcome,burst_P,burst_K,burst_agg,tx_done,tx_rc,tx_rc_it,tx_err_threads,tx_max_iter_us,rx_done,rx_rc,dev_bad_slots,host_bad_slots,host_missing_slots,host_slots,signals,signals_bad,signals_high,signals_low,signal_exact,tx_done_r1,tx_rc_r1,rx_done_r0,rx_rc_r0,dev_bad_slots_r0,host_bad_slots_r0,signal_exact_r0,r0_async,r1_async,r0_async_ms,r1_async_ms,async_samples_r0,async_samples_r1,lat_p50_us,lat_p99_us,lat_mean_us,lat_max_us,lat_max_it,lat_n,ts_on_r0,ts_on_r1,ts_off,n_fires_r0,n_fires_r1,trigger_miss,q4_r0,q4_r1,q4_class_r0,q4_class_r1,rec_init_r0,rec_init_r1,rec_resp_r0,rec_resp_r1,tie_kept,yielded,decl_r0,decl_r1,quiesce_stuck,watchdog,gid_moved_r0,gid_moved_r1,teardown_r0,teardown_r1,teardown_ms_r0,teardown_ms_r1,kernel_ms_r0,kernel_ms_r1,bind_fail,transparent_ok,fire_dt_r1_minus_r0_ms,fault_mono_r0,fault_after_launch_ms,cut_start_after_launch_ms,cut_len_ms,gids_after_cut,first_q4_class,fault_to_mbx_ms,cut_end_to_mbx_ms,fault_to_resumed_ms,cut_end_to_resumed_ms,S/U/n_first
lat,lat_base_256k_n1,lat_base_256k,base,default,lat,blocking,n1,1,,262144,3000,700,primary,4,3,0,0,0,0,2.2,ok,ok,,,,3000,no error,-1,,,3000,no error,0,0,0,0,1,0,0,0,1,,,,,,,,none,none,-1.0,-1.0,1685,1676,38.37,39.17,38.31,47.97,130,3000,0,0,,0,0,0,0,0,,,0,0,0,0,0,0,,,0,0,,,no error,no error,947.0,950.0,118.8,118.7,0,1,,,,,,,,,,,,
lat,lat_base_256k_n2,lat_base_256k,base,default,lat,blocking,n2,1,,262144,3000,700,primary,4,3,0,0,0,0,2.2,ok,ok,,,,3000,no error,-1,,,3000,no error,0,0,0,0,1,0,0,0,1,,,,,,,,none,none,-1.0,-1.0,1684,1675,38.30,38.94,38.25,46.78,1702,3000,0,0,,0,0,0,0,0,,,0,0,0,0,0,0,,,0,0,,,no error,no error,956.7,959.8,118.8,118.5,0,1,,,,,,,,,,,,
lat,lat_base_256k_n3,lat_base_256k,base,default,lat,blocking,n3,1,,262144,3000,700,primary,4,3,0,0,0,0,2.2,ok,ok,,,,3000,no error,-1,,,3000,no error,0,0,0,0,1,0,0,0,1,,,,,,,,none,none,-1.0,-1.0,1690,1683,38.53,45.06,38.77,49.12,554,3000,0,0,,0,0,0,0,0,,,0,0,0,0,0,0,,,0,0,,,no error,no error,955.3,957.2,120.0,120.4,0,1,,,,,,,,,,,,
lat,lat_base_256k_n4,lat_base_256k,base,default,lat,blocking,n4,1,,262144,3000,700,primary,4,3,0,0,0,0,2.2,ok,ok,,,,3000,no error,-1,,,3000,no error,0,0,0,0,1,0,0,0,1,,,,,,,,none,none,-1.0,-1.0,1684,1676,38.30,38.94,38.25,46.88,1779,3000,0,0,,0,0,0,0,0,,,0,0,0,0,0,0,,,0,0,,,no error,no error,938.0,940.4,118.8,118.6,0,1,,,,,,,,,,,,
lat,lat_base_256k_n5,lat_base_256k,base,default,lat,blocking,n5,1,,262144,3000,700,primary,4,3,0,0,0,0,2.2,ok,ok,,,,3000,no error,-1,,,3000,no error,0,0,0,0,1,0,0,0,1,,,,,,,,none,none,-1.0,-1.0,1687,1678,38.43,39.94,38.36,49.60,343,3000,0,0,,0,0,0,0,0,,,0,0,0,0,0,0,,,0,0,,,no error,no error,945.4,948.2,119.3,119.2,0,1,,,,,,,,,,,,
lat,lat_base_4k_n1,lat_base_4k,base,default,lat,blocking,n1,1,,4096,3000,700,primary,4,3,0,0,0,0,1.7,ok,ok,,,,3000,no error,-1,,,3000,no error,0,0,0,0,1,0,0,0,1,,,,,,,,none,none,-1.0,-1.0,1344,1336,10.05,10.27,9.99,16.80,107,3000,0,0,,0,0,0,0,0,,,0,0,0,0,0,0,,,0,0,,,no error,no error,541.0,543.9,33.8,33.7,0,1,,,,,,,,,,,,
lat,lat_base_4k_n2,lat_base_4k,base,default,lat,blocking,n2,1,,4096,3000,700,primary,4,3,0,0,0,0,1.8,ok,ok,,,,3000,no error,-1,,,3000,no error,0,0,0,0,1,0,0,0,1,,,,,,,,none,none,-1.0,-1.0,1347,1340,10.24,11.39,10.22,20.16,1767,3000,0,0,,0,0,0,0,0,,,0,0,0,0,0,0,,,0,0,,,no error,no error,542.7,545.8,34.9,34.8,0,1,,,,,,,,,,,,
lat,lat_base_4k_n3,lat_base_4k,base,default,lat,blocking,n3,1,,4096,3000,700,primary,4,3,0,0,0,0,1.7,ok,ok,,,,3000,no error,-1,,,3000,no error,0,0,0,0,1,0,0,0,1,,,,,,,,none,none,-1.0,-1.0,1346,1338,10.24,11.26,10.11,18.40,1794,3000,0,0,,0,0,0,0,0,,,0,0,0,0,0,0,,,0,0,,,no error,no error,539.3,542.1,34.3,34.2,0,1,,,,,,,,,,,,
lat,lat_base_4k_n4,lat_base_4k,base,default,lat,blocking,n4,1,,4096,3000,700,primary,4,3,0,0,0,0,1.7,ok,ok,,,,3000,no error,-1,,,3000,no error,0,0,0,0,1,0,0,0,1,,,,,,,,none,none,-1.0,-1.0,1347,1338,10.24,11.36,10.14,14.66,1933,3000,0,0,,0,0,0,0,0,,,0,0,0,0,0,0,,,0,0,,,no error,no error,539.0,541.4,34.3,34.2,0,1,,,,,,,,,,,,
lat,lat_base_4k_n5,lat_base_4k,base,default,lat,blocking,n5,1,,4096,3000,700,primary,4,3,0,0,0,0,1.7,ok,ok,,,,3000,no error,-1,,,3000,no error,0,0,0,0,1,0,0,0,1,,,,,,,,none,none,-1.0,-1.0,1350,1341,10.24,11.42,10.29,20.45,2092,3000,0,0,,0,0,0,0,0,,,0,0,0,0,0,0,,,0,0,,,no error,no error,524.4,526.8,34.9,34.9,0,1,,,,,,,,,,,,
lat,lat_s1off_256k_n1,lat_s1off_256k,s1,default,lat,blocking,n1,0,,262144,3000,700,primary,4,3,0,0,0,0,2.2,ok,ok,,,,3000,no error,-1,,,3000,no error,0,0,0,0,1,0,0,0,1,,,,,,,,none,none,-1.0,-1.0,1690,1678,38.56,38.94,38.45,47.20,1623,3000,0,0,,0,0,0,0,0,,,0,0,0,0,0,0,,,0,0,,,no error,no error,943.5,946.8,119.3,119.3,0,1,,,,,,,,,,,,
lat,lat_s1off_256k_n2,lat_s1off_256k,s1,default,lat,blocking,n2,0,,262144,3000,700,primary,4,3,0,0,0,0,2.3,ok,ok,,,,3000,no error,-1,,,3000,no error,0,0,0,0,1,0,0,0,1,,,,,,,,none,none,-1.0,-1.0,1691,1678,38.56,40.10,38.49,49.15,167,3000,0,0,,0,0,0,0,0,,,0,0,0,0,0,0,,,0,0,,,no error,no error,945.1,948.5,119.8,119.4,0,1,,,,,,,,,,,,
lat,lat_s1off_256k_n3,lat_s1off_256k,s1,default,lat,blocking,n3,0,,262144,3000,700,primary,4,3,0,0,0,0,2.3,ok,ok,,,,3000,no error,-1,,,3000,no error,0,0,0,0,1,0,0,0,1,,,,,,,,none,none,-1.0,-1.0,1691,1679,38.62,40.16,38.53,49.15,234,3000,0,0,,0,0,0,0,0,,,0,0,0,0,0,0,,,0,0,,,no error,no error,950.7,953.4,119.8,119.5,0,1,,,,,,,,,,,,
lat,lat_s1off_256k_n4,lat_s1off_256k,s1,default,lat,blocking,n4,0,,262144,3000,700,primary,4,3,0,0,0,0,2.2,ok,ok,,,,3000,no error,-1,,,3000,no error,0,0,0,0,1,0,0,0,1,,,,,,,,none,none,-1.0,-1.0,1693,1678,38.62,41.89,38.59,51.49,55,3000,0,0,,0,0,0,0,0,,,0,0,0,0,0,0,,,0,0,,,no error,no error,934.5,938.2,120.0,119.6,0,1,,,,,,,,,,,,
lat,lat_s1off_256k_n5,lat_s1off_256k,s1,default,lat,blocking,n5,0,,262144,3000,700,primary,4,3,0,0,0,0,2.2,ok,ok,,,,3000,no error,-1,,,3000,no error,0,0,0,0,1,0,0,0,1,,,,,,,,none,none,-1.0,-1.0,1691,1679,38.62,40.29,38.56,50.43,333,3000,0,0,,0,0,0,0,0,,,0,0,0,0,0,0,,,0,0,,,no error,no error,939.9,942.6,119.9,119.4,0,1,,,,,,,,,,,,
lat,lat_s1off_4k_n1,lat_s1off_4k,s1,default,lat,blocking,n1,0,,4096,3000,700,primary,4,3,0,0,0,0,1.7,ok,ok,,,,3000,no error,-1,,,3000,no error,0,0,0,0,1,0,0,0,1,,,,,,,,none,none,-1.0,-1.0,1354,1342,10.24,11.71,10.39,19.01,1993,3000,0,0,,0,0,0,0,0,,,0,0,0,0,0,0,,,0,0,,,no error,no error,516.6,519.6,35.5,35.4,0,1,,,,,,,,,,,,
lat,lat_s1off_4k_n2,lat_s1off_4k,s1,default,lat,blocking,n2,0,,4096,3000,700,primary,4,3,0,0,0,0,1.7,ok,ok,,,,3000,no error,-1,,,3000,no error,0,0,0,0,1,0,0,0,1,,,,,,,,none,none,-1.0,-1.0,1354,1343,10.24,11.71,10.41,21.66,1372,3000,0,0,,0,0,0,0,0,,,0,0,0,0,0,0,,,0,0,,,no error,no error,531.8,534.4,35.4,35.4,0,1,,,,,,,,,,,,
lat,lat_s1off_4k_n3,lat_s1off_4k,s1,default,lat,blocking,n3,0,,4096,3000,700,primary,4,3,0,1,7,0,0.0,,,,,,,,,,,,,,,,,,,,,,,,,,,,,,,,,,,,,,,,,0,0,,0,0,0,0,0,,,0,0,0,0,0,0,,,0,0,,,,,,,,,1,0,,,,,,,,,,,,
lat,lat_s1off_4k_n4,lat_s1off_4k,s1,default,lat,blocking,n4,0,,4096,3000,700,primary,4,3,0,0,0,0,1.7,ok,ok,,,,3000,no error,-1,,,3000,no error,0,0,0,0,1,0,0,0,1,,,,,,,,none,none,-1.0,-1.0,1354,1343,10.24,11.68,10.35,19.01,2118,3000,0,0,,0,0,0,0,0,,,0,0,0,0,0,0,,,0,0,,,no error,no error,516.8,520.0,35.4,35.4,0,1,,,,,,,,,,,,
lat,lat_s1off_4k_n5,lat_s1off_4k,s1,default,lat,blocking,n5,0,,4096,3000,700,primary,4,3,0,0,0,0,1.7,ok,ok,,,,3000,no error,-1,,,3000,no error,0,0,0,0,1,0,0,0,1,,,,,,,,none,none,-1.0,-1.0,1354,1343,10.27,11.71,10.43,19.55,382,3000,0,0,,0,0,0,0,0,,,0,0,0,0,0,0,,,0,0,,,no error,no error,536.2,539.1,35.4,35.4,0,1,,,,,,,,,,,,
lat,lat_s1on_256k_n1,lat_s1on_256k,s1,default,lat,blocking,n1,1,,262144,3000,700,primary,4,3,0,0,0,0,2.3,ok,ok,,,,3000,no error,-1,,,3000,no error,0,0,0,0,1,0,0,0,1,,,,,,,,none,none,-1.0,-1.0,1737,1727,42.02,48.67,42.28,55.58,53,3000,1,1,,0,0,0,0,0,,,0,0,0,0,0,0,,,0,0,,,no error,no error,922.0,923.2,130.9,130.5,0,1,,,,,,,,,,,,
lat,lat_s1on_256k_n2,lat_s1on_256k,s1,default,lat,blocking,n2,1,,262144,3000,700,primary,4,3,0,0,0,0,2.2,ok,ok,,,,3000,no error,-1,,,3000,no error,0,0,0,0,1,0,0,0,1,,,,,,,,none,none,-1.0,-1.0,1728,1717,41.82,43.01,41.88,51.17,61,3000,1,1,,0,0,0,0,0,,,0,0,0,0,0,0,,,0,0,,,no error,no error,930.2,933.0,129.3,129.3,0,1,,,,,,,,,,,,
lat,lat_s1on_256k_n3,lat_s1on_256k,s1,default,lat,blocking,n3,1,,262144,3000,700,primary,4,3,0,0,0,0,2.2,ok,ok,,,,3000,no error,-1,,,3000,no error,0,0,0,0,1,0,0,0,1,,,,,,,,none,none,-1.0,-1.0,1735,1721,41.79,45.60,42.06,54.82,186,3000,1,1,,0,0,0,0,0,,,0,0,0,0,0,0,,,0,0,,,no error,no error,939.6,942.4,130.4,130.0,0,1,,,,,,,,,,,,
lat,lat_s1on_256k_n4,lat_s1on_256k,s1,default,lat,blocking,n4,1,,262144,3000,700,primary,4,3,0,0,0,0,2.2,ok,ok,,,,3000,no error,-1,,,3000,no error,0,0,0,0,1,0,0,0,1,,,,,,,,none,none,-1.0,-1.0,1738,1725,42.11,46.30,42.38,55.14,429,3000,1,1,,0,0,0,0,0,,,0,0,0,0,0,0,,,0,0,,,no error,no error,919.4,922.0,130.9,131.0,0,1,,,,,,,,,,,,
lat,lat_s1on_256k_n5,lat_s1on_256k,s1,default,lat,blocking,n5,1,,262144,3000,700,primary,4,3,0,0,0,0,2.2,ok,ok,,,,3000,no error,-1,,,3000,no error,0,0,0,0,1,0,0,0,1,,,,,,,,none,none,-1.0,-1.0,1730,1714,41.63,42.91,41.69,49.76,1016,3000,1,1,,0,0,0,0,0,,,0,0,0,0,0,0,,,0,0,,,no error,no error,927.7,931.5,129.3,128.9,0,1,,,,,,,,,,,,
lat,lat_s1on_4k_n1,lat_s1on_4k,s1,default,lat,blocking,n1,1,,4096,3000,700,primary,4,3,0,0,0,0,1.8,ok,ok,,,,3000,no error,-1,,,3000,no error,0,0,0,0,1,0,0,0,1,,,,,,,,none,none,-1.0,-1.0,1431,1420,16.80,18.40,17.02,22.43,2419,3000,1,1,,0,0,0,0,0,,,0,0,0,0,0,0,,,0,0,,,no error,no error,510.5,512.4,54.8,54.9,0,1,,,,,,,,,,,,
lat,lat_s1on_4k_n2,lat_s1on_4k,s1,default,lat,blocking,n2,1,,4096,3000,700,primary,4,3,0,0,0,0,1.7,ok,ok,,,,3000,no error,-1,,,3000,no error,0,0,0,0,1,0,0,0,1,,,,,,,,none,none,-1.0,-1.0,1431,1421,16.83,18.34,16.98,23.90,2265,3000,1,1,,0,0,0,0,0,,,0,0,0,0,0,0,,,0,0,,,no error,no error,514.6,517.2,54.8,55.0,0,1,,,,,,,,,,,,
lat,lat_s1on_4k_n3,lat_s1on_4k,s1,default,lat,blocking,n3,1,,4096,3000,700,primary,4,3,0,0,0,0,2.3,ok,ok,,,,3000,no error,-1,,,3000,no error,0,0,0,0,1,0,0,0,1,,,,,,,,none,none,-1.0,-1.0,1432,1421,16.83,18.24,16.95,22.27,1677,3000,1,1,,0,0,0,0,0,,,0,0,0,0,0,0,,,0,0,,,no error,no error,995.2,997.5,55.3,54.9,0,1,,,,,,,,,,,,
lat,lat_s1on_4k_n4,lat_s1on_4k,s1,default,lat,blocking,n4,1,,4096,3000,700,primary,4,3,0,0,0,0,1.7,ok,ok,,,,3000,no error,-1,,,3000,no error,0,0,0,0,1,0,0,0,1,,,,,,,,none,none,-1.0,-1.0,1430,1420,16.80,18.02,16.91,22.02,2482,3000,1,1,,0,0,0,0,0,,,0,0,0,0,0,0,,,0,0,,,no error,no error,511.2,513.4,54.8,54.9,0,1,,,,,,,,,,,,
lat,lat_s1on_4k_n5,lat_s1on_4k,s1,default,lat,blocking,n5,1,,4096,3000,700,primary,4,3,0,0,0,0,1.7,ok,ok,,,,3000,no error,-1,,,3000,no error,0,0,0,0,1,0,0,0,1,,,,,,,,none,none,-1.0,-1.0,1431,1420,16.80,18.43,17.02,20.58,0,3000,1,1,,0,0,0,0,0,,,0,0,0,0,0,0,,,0,0,,,no error,no error,522.0,523.9,54.7,54.8,0,1,,,,,,,,,,,,
lat,lat_s2off_256k_n1,lat_s2off_256k,s2,default,lat,blocking,n1,0,,262144,3000,700,primary,4,3,0,0,0,0,2.3,ok,ok,,,,3000,no error,-1,,,3000,no error,0,0,0,0,1,0,0,0,1,,,,,,,,none,none,-1.0,-1.0,1692,1680,38.56,42.59,38.59,47.30,0,3000,0,0,,0,0,0,0,0,,,0,0,0,0,0,0,,,0,0,,,no error,no error,949.1,951.8,119.8,119.8,0,1,,,,,,,,,,,,
lat,lat_s2off_256k_n2,lat_s2off_256k,s2,default,lat,blocking,n2,0,,262144,3000,700,primary,4,3,0,0,0,0,2.2,ok,ok,,,,3000,no error,-1,,,3000,no error,0,0,0,0,1,0,0,0,1,,,,,,,,none,none,-1.0,-1.0,1689,1678,38.46,38.94,38.37,47.23,1500,3000,0,0,,0,0,0,0,0,,,0,0,0,0,0,0,,,0,0,,,no error,no error,953.0,955.9,119.2,119.3,0,1,,,,,,,,,,,,
lat,lat_s2off_256k_n3,lat_s2off_256k,s2,default,lat,blocking,n3,0,,262144,3000,700,primary,4,3,0,0,0,0,2.2,ok,ok,,,,3000,no error,-1,,,3000,no error,0,0,0,0,1,0,0,0,1,,,,,,,,none,none,-1.0,-1.0,1688,1677,38.46,38.94,38.37,47.30,1135,3000,0,0,,0,0,0,0,0,,,0,0,0,0,0,0,,,0,0,,,no error,no error,954.9,957.4,118.8,118.8,0,1,,,,,,,,,,,,
lat,lat_s2off_256k_n4,lat_s2off_256k,s2,default,lat,blocking,n4,0,,262144,3000,700,primary,4,3,0,0,0,0,2.3,ok,ok,,,,3000,no error,-1,,,3000,no error,0,0,0,0,1,0,0,0,1,,,,,,,,none,none,-1.0,-1.0,1690,1678,38.34,42.78,38.39,50.30,135,3000,0,0,,0,0,0,0,0,,,0,0,0,0,0,0,,,0,0,,,no error,no error,934.6,937.4,119.3,119.1,0,1,,,,,,,,,,,,
lat,lat_s2off_256k_n5,lat_s2off_256k,s2,default,lat,blocking,n5,0,,262144,3000,700,primary,4,3,0,0,0,0,2.3,ok,ok,,,,3000,no error,-1,,,3000,no error,0,0,0,0,1,0,0,0,1,,,,,,,,none,none,-1.0,-1.0,1681,1675,38.43,38.94,38.35,47.10,51,3000,0,0,,0,0,0,0,0,,,0,0,0,0,0,0,,,0,0,,,no error,no error,944.4,947.3,118.8,118.8,0,1,,,,,,,,,,,,
lat,lat_s2off_4k_n1,lat_s2off_4k,s2,default,lat,blocking,n1,0,,4096,3000,700,primary,4,3,0,0,0,0,1.7,ok,ok,,,,3000,no error,-1,,,3000,no error,0,0,0,0,1,0,0,0,1,,,,,,,,none,none,-1.0,-1.0,1351,1340,10.24,11.42,10.25,18.46,622,3000,0,0,,0,0,0,0,0,,,0,0,0,0,0,0,,,0,0,,,no error,no error,521.4,524.0,34.9,34.7,0,1,,,,,,,,,,,,
lat,lat_s2off_4k_n2,lat_s2off_4k,s2,default,lat,blocking,n2,0,,4096,3000,700,primary,4,3,0,0,0,0,1.8,ok,ok,,,,3000,no error,-1,,,3000,no error,0,0,0,0,1,0,0,0,1,,,,,,,,none,none,-1.0,-1.0,1351,1339,10.24,11.55,10.27,19.55,2844,3000,0,0,,0,0,0,0,0,,,0,0,0,0,0,0,,,0,0,,,no error,no error,528.9,531.7,34.8,34.8,0,1,,,,,,,,,,,,
lat,lat_s2off_4k_n3,lat_s2off_4k,s2,default,lat,blocking,n3,0,,4096,3000,700,primary,4,3,0,0,0,0,1.8,ok,ok,,,,3000,no error,-1,,,3000,no error,0,0,0,0,1,0,0,0,1,,,,,,,,none,none,-1.0,-1.0,1354,1343,10.24,11.62,10.42,16.35,1647,3000,0,0,,0,0,0,0,0,,,0,0,0,0,0,0,,,0,0,,,no error,no error,523.1,525.9,35.4,35.3,0,1,,,,,,,,,,,,
lat,lat_s2off_4k_n4,lat_s2off_4k,s2,default,lat,blocking,n4,0,,4096,3000,700,primary,4,3,0,0,0,0,1.7,ok,ok,,,,3000,no error,-1,,,3000,no error,0,0,0,0,1,0,0,0,1,,,,,,,,none,none,-1.0,-1.0,1351,1341,10.24,11.33,10.25,19.68,2108,3000,0,0,,0,0,0,0,0,,,0,0,0,0,0,0,,,0,0,,,no error,no error,537.5,540.2,34.9,34.9,0,1,,,,,,,,,,,,
lat,lat_s2off_4k_n5,lat_s2off_4k,s2,default,lat,blocking,n5,0,,4096,3000,700,primary,4,3,0,0,0,0,1.7,ok,ok,,,,3000,no error,-1,,,3000,no error,0,0,0,0,1,0,0,0,1,,,,,,,,none,none,-1.0,-1.0,1352,1339,10.24,11.49,10.25,18.02,2511,3000,0,0,,0,0,0,0,0,,,0,0,0,0,0,0,,,0,0,,,no error,no error,534.1,536.6,34.9,34.8,0,1,,,,,,,,,,,,
lat,lat_s2on_256k_n1,lat_s2on_256k,s2,default,lat,blocking,n1,1,,262144,3000,700,primary,4,3,0,0,0,0,2.2,ok,ok,,,,3000,no error,-1,,,3000,no error,0,0,0,0,1,0,0,0,1,,,,,,,,none,none,-1.0,-1.0,1691,1682,38.88,40.13,38.88,48.16,1643,3000,1,1,,0,0,0,0,0,,,0,0,0,0,0,0,,,0,0,,,no error,no error,945.9,947.5,120.4,120.6,0,1,,,,,,,,,,,,
lat,lat_s2on_256k_n2,lat_s2on_256k,s2,default,lat,blocking,n2,1,,262144,3000,700,primary,4,3,0,0,0,0,2.2,ok,ok,,,,3000,no error,-1,,,3000,no error,0,0,0,0,1,0,0,0,1,,,,,,,,none,none,-1.0,-1.0,1693,1682,38.88,40.10,38.83,48.32,1363,3000,1,1,,0,0,0,0,0,,,0,0,0,0,0,0,,,0,0,,,no error,no error,942.7,945.3,120.4,120.3,0,1,,,,,,,,,,,,
lat,lat_s2on_256k_n3,lat_s2on_256k,s2,default,lat,blocking,n3,1,,262144,3000,700,primary,4,3,0,0,0,0,2.3,ok,ok,,,,3000,no error,-1,,,3000,no error,0,0,0,0,1,0,0,0,1,,,,,,,,none,none,-1.0,-1.0,1708,1697,38.94,46.88,39.96,54.75,292,3000,1,1,,0,0,0,0,0,,,0,0,0,0,0,0,,,0,0,,,no error,no error,935.0,937.7,123.6,123.9,0,1,,,,,,,,,,,,
lat,lat_s2on_256k_n4,lat_s2on_256k,s2,default,lat,blocking,n4,1,,262144,3000,700,primary,4,3,0,0,0,0,2.3,ok,ok,,,,3000,no error,-1,,,3000,no error,0,0,0,0,1,0,0,0,1,,,,,,,,none,none,-1.0,-1.0,1698,1688,38.94,43.01,39.22,50.53,216,3000,1,1,,0,0,0,0,0,,,0,0,0,0,0,0,,,0,0,,,no error,no error,938.0,938.1,121.4,121.5,0,1,,,,,,,,,,,,
lat,lat_s2on_256k_n5,lat_s2on_256k,s2,default,lat,blocking,n5,1,,262144,3000,700,primary,4,3,0,0,0,0,2.3,ok,ok,,,,3000,no error,-1,,,3000,no error,0,0,0,0,1,0,0,0,1,,,,,,,,none,none,-1.0,-1.0,1717,1703,38.94,49.18,40.65,57.38,278,3000,1,1,,0,0,0,0,0,,,0,0,0,0,0,0,,,0,0,,,no error,no error,939.9,941.0,125.9,125.7,0,1,,,,,,,,,,,,
lat,lat_s2on_4k_n1,lat_s2on_4k,s2,default,lat,blocking,n1,1,,4096,3000,700,primary,4,3,0,0,0,0,1.8,ok,ok,,,,3000,no error,-1,,,3000,no error,0,0,0,0,1,0,0,0,1,,,,,,,,none,none,-1.0,-1.0,1360,1347,10.85,11.90,10.89,20.51,2285,3000,1,1,,0,0,0,0,0,,,0,0,0,0,0,0,,,0,0,,,no error,no error,532.8,536.0,36.6,36.5,0,1,,,,,,,,,,,,
lat,lat_s2on_4k_n2,lat_s2on_4k,s2,default,lat,blocking,n2,1,,4096,3000,700,primary,4,3,0,0,0,0,1.7,ok,ok,,,,3000,no error,-1,,,3000,no error,0,0,0,0,1,0,0,0,1,,,,,,,,none,none,-1.0,-1.0,1358,1347,10.85,11.90,10.91,16.26,617,3000,1,1,,0,0,0,0,0,,,0,0,0,0,0,0,,,0,0,,,no error,no error,525.4,528.1,36.5,36.5,0,1,,,,,,,,,,,,
lat,lat_s2on_4k_n3,lat_s2on_4k,s2,default,lat,blocking,n3,1,,4096,3000,700,primary,4,3,0,0,0,0,1.8,ok,ok,,,,3000,no error,-1,,,3000,no error,0,0,0,0,1,0,0,0,1,,,,,,,,none,none,-1.0,-1.0,1359,1347,10.85,11.90,10.89,20.96,788,3000,1,1,,0,0,0,0,0,,,0,0,0,0,0,0,,,0,0,,,no error,no error,525.3,527.1,36.5,36.8,0,1,,,,,,,,,,,,
lat,lat_s2on_4k_n4,lat_s2on_4k,s2,default,lat,blocking,n4,1,,4096,3000,700,primary,4,3,0,0,0,0,1.8,ok,ok,,,,3000,no error,-1,,,3000,no error,0,0,0,0,1,0,0,0,1,,,,,,,,none,none,-1.0,-1.0,1360,1346,10.85,11.90,10.90,20.45,1050,3000,1,1,,0,0,0,0,0,,,0,0,0,0,0,0,,,0,0,,,no error,no error,532.4,535.3,36.5,36.5,0,1,,,,,,,,,,,,
lat,lat_s2on_4k_n5,lat_s2on_4k,s2,default,lat,blocking,n5,1,,4096,3000,700,primary,4,3,0,0,0,0,1.8,ok,ok,,,,3000,no error,-1,,,3000,no error,0,0,0,0,1,0,0,0,1,,,,,,,,none,none,-1.0,-1.0,1358,1347,10.85,11.90,10.90,21.02,692,3000,1,1,,0,0,0,0,0,,,0,0,0,0,0,0,,,0,0,,,no error,no error,528.6,531.4,36.5,36.5,0,1,,,,,,,,,,,,
lat,lat_s2sys_256k_n1,lat_s2sys_256k,var_sys,default,lat,blocking,n1,1,,262144,3000,700,primary,4,3,0,0,0,0,2.3,ok,ok,,,,3000,no error,-1,,,3000,no error,0,0,0,0,1,0,0,0,1,,,,,,,,none,none,-1.0,-1.0,1704,1692,39.65,40.96,39.58,51.23,2390,3000,1,1,,0,0,0,0,0,,,0,0,0,0,0,0,,,0,0,,,no error,no error,935.2,937.3,122.8,122.8,0,1,,,,,,,,,,,,
lat,lat_s2sys_256k_n2,lat_s2sys_256k,var_sys,default,lat,blocking,n2,1,,262144,3000,700,primary,4,3,0,0,0,0,2.2,ok,ok,,,,3000,no error,-1,,,3000,no error,0,0,0,0,1,0,0,0,1,,,,,,,,none,none,-1.0,-1.0,1706,1699,39.97,44.38,40.13,51.17,583,3000,1,1,,0,0,0,0,0,,,0,0,0,0,0,0,,,0,0,,,no error,no error,933.6,936.0,124.4,124.4,0,1,,,,,,,,,,,,
lat,lat_s2sys_256k_n3,lat_s2sys_256k,var_sys,default,lat,blocking,n3,1,,262144,3000,700,primary,4,3,0,0,0,0,2.2,ok,ok,,,,3000,no error,-1,,,3000,no error,0,0,0,0,1,0,0,0,1,,,,,,,,none,none,-1.0,-1.0,1706,1694,39.74,40.99,39.77,50.11,246,3000,1,1,,0,0,0,0,0,,,0,0,0,0,0,0,,,0,0,,,no error,no error,944.5,947.5,123.3,123.3,0,1,,,,,,,,,,,,
lat,lat_s2sys_256k_n4,lat_s2sys_256k,var_sys,default,lat,blocking,n4,1,,262144,3000,700,primary,4,3,0,0,0,0,2.2,ok,ok,,,,3000,no error,-1,,,3000,no error,0,0,0,0,1,0,0,0,1,,,,,,,,none,none,-1.0,-1.0,1708,1695,39.74,40.96,39.85,49.18,1232,3000,1,1,,0,0,0,0,0,,,0,0,0,0,0,0,,,0,0,,,no error,no error,932.0,934.6,123.4,123.8,0,1,,,,,,,,,,,,
lat,lat_s2sys_256k_n5,lat_s2sys_256k,var_sys,default,lat,blocking,n5,1,,262144,3000,700,primary,4,3,0,0,0,0,2.2,ok,ok,,,,3000,no error,-1,,,3000,no error,0,0,0,0,1,0,0,0,1,,,,,,,,none,none,-1.0,-1.0,1705,1693,39.74,40.99,39.83,51.10,159,3000,1,1,,0,0,0,0,0,,,0,0,0,0,0,0,,,0,0,,,no error,no error,949.6,952.5,123.8,123.4,0,1,,,,,,,,,,,,
lat,lat_s2sys_4k_n1,lat_s2sys_4k,var_sys,default,lat,blocking,n1,1,,4096,3000,700,primary,4,3,0,0,0,0,2.3,ok,ok,,,,3000,no error,-1,,,3000,no error,0,0,0,0,1,0,0,0,1,,,,,,,,none,none,-1.0,-1.0,1375,1361,12.22,12.48,12.05,18.53,902,3000,1,1,,0,0,0,0,0,,,0,0,0,0,0,0,,,0,0,,,no error,no error,1008.3,510.6,40.3,39.9,0,1,,,,,,,,,,,,
lat,lat_s2sys_4k_n2,lat_s2sys_4k,var_sys,default,lat,blocking,n2,1,,4096,3000,700,primary,4,3,0,0,0,0,1.7,ok,ok,,,,3000,no error,-1,,,3000,no error,0,0,0,0,1,0,0,0,1,,,,,,,,none,none,-1.0,-1.0,1376,1360,12.19,12.48,12.04,20.06,1366,3000,1,1,,0,0,0,0,0,,,0,0,0,0,0,0,,,0,0,,,no error,no error,537.3,538.8,40.3,39.9,0,1,,,,,,,,,,,,
lat,lat_s2sys_4k_n3,lat_s2sys_4k,var_sys,default,lat,blocking,n3,1,,4096,3000,700,primary,4,3,0,0,0,0,1.8,ok,ok,,,,3000,no error,-1,,,3000,no error,0,0,0,0,1,0,0,0,1,,,,,,,,none,none,-1.0,-1.0,1375,1361,12.22,12.48,12.05,20.45,588,3000,1,1,,0,0,0,0,0,,,0,0,0,0,0,0,,,0,0,,,no error,no error,524.3,527.5,40.4,39.9,0,1,,,,,,,,,,,,
lat,lat_s2sys_4k_n4,lat_s2sys_4k,var_sys,default,lat,blocking,n4,1,,4096,3000,700,primary,4,3,0,0,0,0,1.8,ok,ok,,,,3000,no error,-1,,,3000,no error,0,0,0,0,1,0,0,0,1,,,,,,,,none,none,-1.0,-1.0,1375,1359,12.26,12.54,12.06,21.34,674,3000,1,1,,0,0,0,0,0,,,0,0,0,0,0,0,,,0,0,,,no error,no error,526.1,528.4,40.4,40.4,0,1,,,,,,,,,,,,
lat,lat_s2sys_4k_n5,lat_s2sys_4k,var_sys,default,lat,blocking,n5,1,,4096,3000,700,primary,4,3,0,0,0,0,1.8,ok,ok,,,,3000,no error,-1,,,3000,no error,0,0,0,0,1,0,0,0,1,,,,,,,,none,none,-1.0,-1.0,1376,1363,12.26,12.54,12.07,20.32,1698,3000,1,1,,0,0,0,0,0,,,0,0,0,0,0,0,,,0,0,,,no error,no error,514.6,517.3,40.4,40.4,0,1,,,,,,,,,,,,
