sleep_us,scenario,iteration,t_inject_request_ns,t_ack_ns,tcp_rtt_ns,t_wakeup_ns,t_detected_ns,detection_delay_ns,wakeup_to_detection_ns,error_status,vendor_err
10000,KILL_PROCESS,0,307660730306739,307660730481220,174481,307660740621489,307664479773824,3749379845,3739152335,12,0x81
10000,KILL_PROCESS,1,307667490605278,307667490817835,212557,307667500885343,307671190694402,3699982846,3689809059,12,0x81
10000,KILL_PROCESS,2,307674200890762,307674201125930,235168,307674211192499,307677901617406,3700609060,3690424907,12,0x81
10000,KILL_PROCESS,3,307680912095562,307680912382292,286730,307680922448894,307684612539967,3700301040,3690091073,12,0x81
10000,KILL_PROCESS,4,307687622447010,307687622591748,144738,307687632659027,307691323458684,3700939305,3690799657,12,0x81
10000,KILL_PROCESS,5,307694334339640,307694334652269,312629,307694344720056,307698034379873,3699883919,3689659817,12,0x81
10000,KILL_PROCESS,6,307701045380769,307701045652367,271598,307701055718852,307704745301762,3699785194,3689582910,12,0x81
10000,KILL_PROCESS,7,307707755864580,307707756053349,188769,307707766119707,307711456218499,3700259535,3690098792,12,0x81
10000,KILL_PROCESS,8,307714467110556,307714467338806,228250,307714477415104,307718167140162,3699915481,3689725058,12,0x81
10000,KILL_PROCESS,9,307721178166715,307721178378496,211781,307721188450382,307724878059341,3699786736,3689608959,12,0x81
10000,KILL_PROCESS,10,307727887919221,307727888051537,132316,307727898118445,307731588978795,3700993416,3690860350,12,0x81
10000,KILL_PROCESS,11,307734598517408,307734598654656,137248,307734608722172,307738299896429,3701310397,3691174257,12,0x81
10000,KILL_PROCESS,12,307741309957280,307741310215992,258712,307741320282808,307745010815067,3700728431,3690532259,12,0x81
10000,KILL_PROCESS,13,307748021394573,307748021655873,261300,307748031722912,307751721734245,3700209022,3690011333,12,0x81
10000,KILL_PROCESS,14,307754732078309,307754732273138,194829,307754742342183,307758432651184,3700475461,3690309001,12,0x81
10000,KILL_PROCESS,15,307761442563960,307761442803893,239933,307761452942840,307765143570426,3700886500,3690627586,12,0x81
10000,KILL_PROCESS,16,307768153508078,307768153821615,313537,307768163892922,307771854487758,3700822912,3690594836,12,0x81
10000,KILL_PROCESS,17,307774864798825,307774865145088,346263,307774875212453,307778565404946,3700432990,3690192493,12,0x81
10000,KILL_PROCESS,18,307781576516793,307781576795683,278890,307781586862284,307785276320537,3699664299,3689458253,12,0x81
10000,KILL_PROCESS,19,307788286942516,307788287193189,250673,307788297259778,307791987238959,3700171107,3689979181,12,0x81
10000,KILL_PROCESS,20,307794998440396,307794998707201,266805,307795008779106,307798698156879,3699583081,3689377773,12,0x81
10000,KILL_PROCESS,21,307801708414557,307801708616438,201881,307801718685408,307805409071151,3700555654,3690385743,12,0x81
10000,KILL_PROCESS,22,307808418875781,307808418938537,62756,307808429013517,307812119989195,3701082036,3690975678,12,0x81
10000,KILL_PROCESS,23,307815129640743,307815129853566,212823,307815139919760,307818830904369,3701157215,3690984609,12,0x81
10000,KILL_PROCESS,24,307821841528944,307821841806561,277617,307821851872868,307825541820638,3700152886,3689947770,12,0x81
10000,KILL_PROCESS,25,307828552154779,307828552217420,62641,307828562273001,307832252735188,3700549089,3690462187,12,0x81
10000,KILL_PROCESS,26,307835262532860,307835262737982,205122,307835272804209,307838963651403,3701015982,3690847194,12,0x81
10000,KILL_PROCESS,27,307841974321116,307841974456435,135319,307841984523498,307845674565769,3700176994,3690042271,12,0x81
10000,KILL_PROCESS,28,307848683813769,307848684015418,201649,307848694081531,307852385480106,3701565513,3691398575,12,0x81
10000,KILL_PROCESS,29,307855395413693,307855395480478,66785,307855405548719,307859096395438,3700948353,3690846719,12,0x81
