stack,backend,fault,wait_mode,trial,iters_ok_before,init_outcome,target_outcome,data_check,silent_success,host_error,host_error_ms,fp_where,status,vendor_err,teardown,notes,cqe_opcode,cqe_syndrome,cqe_vendor_err,cqe_wqe_counter
nvshmem-ibgda,CPU_with_host_memory_backend,none,timeout,1,8,ok,ok,ok,0,exit0,1.2,cqe,n/a,0x44,clean,pe0_rc=0;pe1_rc=0,0x0,0xe1,0x44,30
nvshmem-ibgda,CPU_with_host_memory_backend,none,timeout,2,8,ok,ok,ok,0,exit0,1.2,cqe,n/a,0x10,clean,pe0_rc=0;pe1_rc=0,0x0,0x3c,0x10,30
nvshmem-ibgda,CPU_with_host_memory_backend,none,timeout,3,8,ok,ok,ok,0,exit0,1.2,cqe,n/a,0x5e,clean,pe0_rc=0;pe1_rc=0,0x0,0x03,0x5e,30
nvshmem-ibgda,CPU_with_host_memory_backend,none,timeout,4,8,ok,ok,ok,0,exit0,1.2,cqe,n/a,0xc3,clean,pe0_rc=0;pe1_rc=0,0x0,0x06,0xc3,30
nvshmem-ibgda,CPU_with_host_memory_backend,none,timeout,5,8,ok,ok,ok,0,exit0,1.2,cqe,n/a,0x0c,clean,pe0_rc=0;pe1_rc=0,0x0,0xd9,0x0c,30
nvshmem-ibgda,CPU_with_host_memory_backend,none,blocking,1,8,ok,ok,ok,0,exit0,1.2,cqe,n/a,0xcb,clean,pe0_rc=0;pe1_rc=0,0x0,0xe8,0xcb,30
nvshmem-ibgda,CPU_with_host_memory_backend,none,blocking,2,8,ok,ok,ok,0,exit0,1.2,cqe,n/a,0x12,clean,pe0_rc=0;pe1_rc=0,0x0,0xe3,0x12,30
nvshmem-ibgda,CPU_with_host_memory_backend,none,blocking,3,8,ok,ok,ok,0,exit0,1.2,cqe,n/a,0xd5,clean,pe0_rc=0;pe1_rc=0,0x0,0xc5,0xd5,30
nvshmem-ibgda,CPU_with_host_memory_backend,none,blocking,4,8,ok,ok,ok,0,exit0,1.2,cqe,n/a,0x0a,clean,pe0_rc=0;pe1_rc=0,0x0,0x32,0x0a,30
nvshmem-ibgda,CPU_with_host_memory_backend,none,blocking,5,8,ok,ok,ok,0,exit0,1.2,cqe,n/a,0xb2,clean,pe0_rc=0;pe1_rc=0,0x0,0x00,0xb2,30
nvshmem-ibgda,CPU_with_host_memory_backend,none,deepep_poll,1,8,ok,ok,ok,0,exit0,1.2,cqe,n/a,0xdb,clean,pe0_rc=0;pe1_rc=0,0x0,0x5f,0xdb,30
nvshmem-ibgda,CPU_with_host_memory_backend,none,deepep_poll,2,8,ok,ok,ok,0,exit0,1.2,cqe,n/a,0xfe,clean,pe0_rc=0;pe1_rc=0,0x0,0xf3,0xfe,30
nvshmem-ibgda,CPU_with_host_memory_backend,none,deepep_poll,3,8,ok,ok,ok,0,exit0,1.2,cqe,n/a,0x04,clean,pe0_rc=0;pe1_rc=0,0x0,0xbe,0x04,30
nvshmem-ibgda,CPU_with_host_memory_backend,none,deepep_poll,4,8,ok,ok,ok,0,exit0,1.2,cqe,n/a,0x2b,clean,pe0_rc=0;pe1_rc=0,0x0,0x55,0x2b,30
nvshmem-ibgda,CPU_with_host_memory_backend,none,deepep_poll,5,8,ok,ok,ok,0,exit0,1.2,cqe,n/a,0x69,clean,pe0_rc=0;pe1_rc=0,0x0,0x70,0x69,30
nvshmem-ibgda,CPU_with_host_memory_backend,F2a,timeout,1,8,ok,ok,mismatch,1,exit0,1.2,cqe,n/a,0x6a,clean,pe0_rc=0;pe1_rc=5,0x0,0x5d,0x6a,30
nvshmem-ibgda,CPU_with_host_memory_backend,F2a,timeout,2,8,ok,ok,mismatch,1,exit0,1.2,cqe,n/a,0x61,clean,pe0_rc=0;pe1_rc=5,0x0,0xd5,0x61,30
nvshmem-ibgda,CPU_with_host_memory_backend,F2a,timeout,3,8,ok,ok,mismatch,1,exit0,1.2,cqe,n/a,0x62,clean,pe0_rc=0;pe1_rc=5,0x0,0xbe,0x62,30
nvshmem-ibgda,CPU_with_host_memory_backend,F2a,blocking,1,8,ok,ok,mismatch,1,exit0,1.2,cqe,n/a,0xd3,clean,pe0_rc=0;pe1_rc=5,0x0,0xe7,0xd3,30
nvshmem-ibgda,CPU_with_host_memory_backend,F2a,blocking,2,8,ok,ok,mismatch,1,exit0,1.2,cqe,n/a,0x4c,clean,pe0_rc=0;pe1_rc=5,0x0,0xa1,0x4c,30
nvshmem-ibgda,CPU_with_host_memory_backend,F2a,blocking,3,8,ok,ok,mismatch,1,exit0,1.2,cqe,n/a,0xad,clean,pe0_rc=0;pe1_rc=5,0x0,0x70,0xad,30
nvshmem-ibgda,CPU_with_host_memory_backend,F2a,deepep_poll,1,8,ok,ok,mismatch,1,exit0,1.2,cqe,n/a,0x1a,clean,pe0_rc=0;pe1_rc=5,0x0,0xe5,0x1a,30
nvshmem-ibgda,CPU_with_host_memory_backend,F2a,deepep_poll,2,8,ok,ok,mismatch,1,exit0,1.2,cqe,n/a,0x36,clean,pe0_rc=0;pe1_rc=5,0x0,0xec,0x36,30
nvshmem-ibgda,CPU_with_host_memory_backend,F2a,deepep_poll,3,8,ok,ok,mismatch,1,exit0,1.2,cqe,n/a,0xa3,clean,pe0_rc=0;pe1_rc=5,0x0,0xb4,0xa3,30
nvshmem-ibgda,CPU_with_host_memory_backend,F1,timeout,1,5,hang_killed,timeout,missing,0,exit7,1440.8,cqe,n/a,0xee,hang,pe0_rc=7;pe1_rc=7,0x0,0x9d,0xee,24
nvshmem-ibgda,CPU_with_host_memory_backend,F1,timeout,2,5,hang_killed,timeout,missing,0,exit7,1471.0,cqe,n/a,0x55,hang,pe0_rc=7;pe1_rc=7,0x0,0x8c,0x55,24
nvshmem-ibgda,CPU_with_host_memory_backend,F1,timeout,3,5,hang_killed,timeout,missing,0,exit7,1456.7,cqe,n/a,0x9d,hang,pe0_rc=7;pe1_rc=7,0x0,0x6e,0x9d,24
nvshmem-ibgda,CPU_with_host_memory_backend,F1,blocking,1,5,hang_killed,ok,ok,0,exit7,1.2,cqe,n/a,0x17,hang,pe0_rc=7;pe1_rc=7,0x0,0x24,0x17,24
nvshmem-ibgda,CPU_with_host_memory_backend,F1,blocking,2,5,hang_killed,ok,ok,0,exit7,1.2,cqe,n/a,0xa3,hang,pe0_rc=7;pe1_rc=7,0x0,0x62,0xa3,24
nvshmem-ibgda,CPU_with_host_memory_backend,F1,blocking,3,5,hang_killed,ok,ok,0,exit7,1.2,cqe,n/a,0xd3,hang,pe0_rc=7;pe1_rc=7,0x0,0x4d,0xd3,24
nvshmem-ibgda,CPU_with_host_memory_backend,F1,deepep_poll,1,5,hang_killed,timeout,missing,0,exit7,1458.1,cqe,n/a,0x0b,hang,pe0_rc=7;pe1_rc=7,0x0,0x7a,0x0b,24
nvshmem-ibgda,CPU_with_host_memory_backend,F1,deepep_poll,2,5,hang_killed,timeout,missing,0,exit7,1471.0,cqe,n/a,0x8a,hang,pe0_rc=7;pe1_rc=7,0x0,0x97,0x8a,24
nvshmem-ibgda,CPU_with_host_memory_backend,F1,deepep_poll,3,5,hang_killed,timeout,missing,0,exit7,1479.2,cqe,n/a,0x3b,hang,pe0_rc=7;pe1_rc=7,0x0,0x9d,0x3b,24
nvshmem-ibgda,CPU_with_host_memory_backend,F3,timeout,1,5,hang_killed,timeout,missing,0,exit7,5758.1,cqe,n/a,0x52,hang,pe0_rc=7;pe1_rc=7,0x0,0x4b,0x52,24
nvshmem-ibgda,CPU_with_host_memory_backend,F3,timeout,2,5,hang_killed,timeout,missing,0,exit7,5754.0,cqe,n/a,0x0b,hang,pe0_rc=7;pe1_rc=7,0x0,0x99,0x0b,24
nvshmem-ibgda,CPU_with_host_memory_backend,F3,timeout,3,5,hang_killed,timeout,missing,0,exit7,5753.0,cqe,n/a,0x2a,hang,pe0_rc=7;pe1_rc=7,0x0,0xb5,0x2a,24
nvshmem-ibgda,CPU_with_host_memory_backend,F3,blocking,1,5,hang_killed,ok,ok,0,exit7,1.2,cqe,n/a,0xc8,hang,pe0_rc=7;pe1_rc=7,0x0,0x4d,0xc8,24
nvshmem-ibgda,CPU_with_host_memory_backend,F3,blocking,2,5,hang_killed,ok,ok,0,exit7,1.2,cqe,n/a,0xee,hang,pe0_rc=7;pe1_rc=7,0x0,0x5b,0xee,24
nvshmem-ibgda,CPU_with_host_memory_backend,F3,blocking,3,5,hang_killed,ok,ok,0,exit7,1.2,cqe,n/a,0x61,hang,pe0_rc=7;pe1_rc=7,0x0,0xfa,0x61,24
nvshmem-ibgda,CPU_with_host_memory_backend,F3,deepep_poll,1,5,hang_killed,timeout,missing,0,exit7,5793.0,cqe,n/a,0x37,hang,pe0_rc=7;pe1_rc=7,0x0,0xc7,0x37,24
nvshmem-ibgda,CPU_with_host_memory_backend,F3,deepep_poll,2,5,hang_killed,timeout,missing,0,exit7,5785.7,cqe,n/a,0xba,hang,pe0_rc=7;pe1_rc=7,0x0,0xc9,0xba,24
nvshmem-ibgda,CPU_with_host_memory_backend,F3,deepep_poll,3,5,hang_killed,timeout,missing,0,exit7,5783.8,cqe,n/a,0x83,hang,pe0_rc=7;pe1_rc=7,0x0,0x29,0x83,24
nvshmem-ibgda,CPU_with_host_memory_backend,F4,timeout,1,4,hang_killed,killed,ok,0,exit7,5788.1,cqe,n/a,0x36,hang,pe0_rc=7;pe1_rc=255,0x0,0x0f,0x36,22
nvshmem-ibgda,CPU_with_host_memory_backend,F4,timeout,2,4,hang_killed,killed,ok,0,exit7,5781.3,cqe,n/a,0x42,hang,pe0_rc=7;pe1_rc=255,0x0,0xb7,0x42,22
nvshmem-ibgda,CPU_with_host_memory_backend,F4,timeout,3,4,hang_killed,killed,ok,0,exit7,5794.5,cqe,n/a,0xae,hang,pe0_rc=7;pe1_rc=255,0x0,0x1d,0xae,22
nvshmem-ibgda,CPU_with_host_memory_backend,F4,blocking,1,4,hang_killed,killed,ok,0,exit7,1.2,cqe,n/a,0xbd,hang,pe0_rc=7;pe1_rc=255,0x0,0xbb,0xbd,22
nvshmem-ibgda,CPU_with_host_memory_backend,F4,blocking,2,4,hang_killed,killed,ok,0,exit7,1.3,cqe,n/a,0xc9,hang,pe0_rc=7;pe1_rc=255,0x0,0x95,0xc9,22
nvshmem-ibgda,CPU_with_host_memory_backend,F4,blocking,3,4,hang_killed,killed,ok,0,exit7,1.2,cqe,n/a,0x0d,hang,pe0_rc=7;pe1_rc=255,0x0,0xd9,0x0d,22
nvshmem-ibgda,CPU_with_host_memory_backend,F4,deepep_poll,1,4,hang_killed,killed,ok,0,exit7,5792.2,cqe,n/a,0x97,hang,pe0_rc=7;pe1_rc=255,0x0,0xe9,0x97,22
nvshmem-ibgda,CPU_with_host_memory_backend,F4,deepep_poll,2,4,hang_killed,killed,ok,0,exit7,5785.6,cqe,n/a,0x3e,hang,pe0_rc=7;pe1_rc=255,0x0,0x06,0x3e,22
nvshmem-ibgda,CPU_with_host_memory_backend,F4,deepep_poll,3,4,hang_killed,killed,ok,0,exit7,5789.8,cqe,n/a,0xc9,hang,pe0_rc=7;pe1_rc=255,0x0,0xd0,0xc9,22
nvshmem-ibgda,CPU_with_host_memory_backend,F2b,timeout,1,4,hang_killed,timeout,missing,0,exit7,3833.3,cqe,n/a,0xfa,hang,pe0_rc=7;pe1_rc=7,0x0,0x60,0xfa,22
nvshmem-ibgda,CPU_with_host_memory_backend,F2b,timeout,2,4,hang_killed,timeout,missing,0,exit7,3856.9,cqe,n/a,0xc4,hang,pe0_rc=7;pe1_rc=7,0x0,0xd8,0xc4,22
nvshmem-ibgda,CPU_with_host_memory_backend,F2b,timeout,3,4,hang_killed,timeout,missing,0,exit7,3849.9,cqe,n/a,0x61,hang,pe0_rc=7;pe1_rc=7,0x0,0x9f,0x61,22
