key,status,sub,stem,cell,build,trial,dir,app,fault,wait,ts,diag,bytes,iters,inject,gidsel,gid0,gid1,cut_s,r0rc,r1rc,left,wall_s,r0_outcome,r1_outcome,burst_P,burst_K,burst_agg,tx_done,tx_rc,tx_rc_it,tx_err_threads,tx_max_iter_us,rx_done,rx_rc,dev_bad_slots,host_bad_slots,host_missing_slots,host_slots,signals,signals_bad,signals_high,signals_low,signal_exact,tx_done_r1,tx_rc_r1,rx_done_r0,rx_rc_r0,dev_bad_slots_r0,host_bad_slots_r0,signal_exact_r0,r0_async,r1_async,r0_async_ms,r1_async_ms,async_samples_r0,async_samples_r1,lat_p50_us,lat_p99_us,lat_mean_us,lat_max_us,lat_max_it,lat_n,ts_on_r0,ts_on_r1,ts_off,n_fires_r0,n_fires_r1,trigger_miss,q4_r0,q4_r1,q4_class_r0,q4_class_r1,rec_init_r0,rec_init_r1,rec_resp_r0,rec_resp_r1,tie_kept,yielded,decl_r0,decl_r1,quiesce_stuck,watchdog,gid_moved_r0,gid_moved_r1,teardown_r0,teardown_r1,teardown_ms_r0,teardown_ms_r1,kernel_ms_r0,kernel_ms_r1,bind_fail,transparent_ok,fire_dt_r1_minus_r0_ms,fault_mono_r0,fault_after_launch_ms,cut_start_after_launch_ms,cut_len_ms,gids_after_cut,first_q4_class,fault_to_mbx_ms,cut_end_to_mbx_ms,fault_to_resumed_ms,cut_end_to_resumed_ms,S/U/n_first,get_n,get_bad,ua_r0,ua_r1,n_mute_on_r0,mute_on_ms_r0,n_sock_close_r0,sock_close_ms_r0,sock_close_cause_r0,sock_close_cause_r1,decl_mono_r0,killed,async_before_fault,r1_alive_at_decline,silent_bad,pr_mode_r0,pr_mode_r1,scope_r0,scope_reason_r0,n_rec_r0,n_rec_r1,conflict_r1,rec_scope_r0,rec_qps_r0,ep_c0_r0,ep_c1_r0,ep_c2_r0,ep_c3_r0,inj_ctx_r0,rec_scope_r1,rec_qps_r1,ep_c0_r1,ep_c1_r1,ep_c2_r1,ep_c3_r1,inj_ctx_r1,init_qps_r1,commit_us_r0,total_us_r0,r1_q4_in_stall,dual_r0,dual_r1,dual_win_us,dual_c1_in_win,dual_c1_max_in_win_us,dual_c1_end_after_win,dual_c1_max_us,tnum,fault_to_decline_ms
pr_bidirf_conflict_b@pr,scored,conflict,pr_bidirf_conflict_b_n1,pr_bidirf_conflict_b,pr,n1,conflict,bidir,F1both,blocking,1,,4096,8000,67,primary,4,3,0,0,0,0,2.3,ok,ok,,,,8000,no error,-1,,,8000,no error,0,0,0,8000,1,0,0,0,1,8000,no error,8000,no error,0,0,1,none,none,-1.0,-1.0,1996,2057,10.88,13.54,15.56,24408.06,940,8000,1,1,,1,1,0,1,1,LOCAL_QP_ERR,LOCAL_QP_ERR,1,1,1,1,1,0,,,0,0,,,no error,no error,817.3,786.7,141.8,141.8,0,1,5.863999843597412,2585609084.992,12.315999984741211,,,,LOCAL_QP_ERR,0.38000011444091797,,24.508999824523926,,[1882/1880/2],,,1,1,0,,0,,,FIN,,0,0,0,0,1,1,0x1,pair,2,2,1,0x1,1,4,2,2,2,0,0x1,1,4,2,2,2,1,4,766,23226,1,,,,,,,,1,
pr_bidirf_conflict_b@pr,scored,conflict,pr_bidirf_conflict_b_n2,pr_bidirf_conflict_b,pr,n2,conflict,bidir,F1both,blocking,1,,4096,8000,74,primary,4,3,0,0,0,0,2.3,ok,ok,,,,8000,no error,-1,,,8000,no error,0,0,0,8000,1,0,0,0,1,8000,no error,8000,no error,0,0,1,none,none,-1.0,-1.0,1994,2027,10.88,13.60,15.60,23795.71,1670,8000,1,1,,1,1,0,1,1,LOCAL_QP_ERR,LOCAL_QP_ERR,1,1,1,1,1,0,,,0,0,,,no error,no error,816.0,794.0,141.9,141.6,0,1,5.892000198364258,2585612806.766,21.68400001525879,,,,LOCAL_QP_ERR,0.33700037002563477,,23.888000011444092,,[3342/3342/0],,,1,1,0,,0,,,FIN,,0,0,0,0,1,1,0x1,pair,2,2,1,0x1,1,4,2,2,2,0,0x1,1,4,2,2,2,1,4,788,23296,1,,,,,,,,2,
pr_bidirf_conflict_b@pr,scored,conflict,pr_bidirf_conflict_b_n3,pr_bidirf_conflict_b,pr,n3,conflict,bidir,F1both,blocking,1,,4096,8000,81,primary,4,3,0,0,0,0,2.3,ok,ok,,,,8000,no error,-1,,,8000,no error,0,0,0,8000,1,0,0,0,1,8000,no error,8000,no error,0,0,1,none,none,-1.0,-1.0,2003,1993,10.91,13.66,15.65,24039.46,2099,8000,1,1,,1,1,0,1,1,LOCAL_QP_ERR,LOCAL_QP_ERR,1,1,1,1,1,0,,,0,0,,,no error,no error,818.3,805.2,141.7,141.7,0,1,5.818000316619873,2585616571.065,27.105000019073486,,,,LOCAL_QP_ERR,0.3969998359680176,,24.132999897003174,,[4200/4200/0],,,1,1,0,,0,,,FIN,,0,0,0,0,1,1,0x1,pair,2,2,1,0x1,1,4,2,2,2,0,0x1,1,4,2,2,2,1,4,746,23202,1,,,,,,,,3,
pr_bidirf_conflict_b@pr,scored,conflict,pr_bidirf_conflict_b_n4,pr_bidirf_conflict_b,pr,n4,conflict,bidir,F1both,blocking,1,,4096,8000,88,primary,4,3,0,0,0,0,2.3,ok,ok,,,,8000,no error,-1,,,8000,no error,0,0,0,8000,1,0,0,0,1,8000,no error,8000,no error,0,0,1,none,none,-1.0,-1.0,2039,2006,10.91,13.54,15.76,24439.17,2086,8000,1,1,,1,1,0,2,1,LOCAL_QP_ERR;LOCAL_QP_ERR,LOCAL_QP_ERR,1,1,1,1,1,0,,,0,0,,,no error,no error,808.3,794.2,142.4,142.3,0,1,5.811000347137451,2585620349.351,26.608999729156494,,,,LOCAL_QP_ERR,0.38700008392333984,,24.526999950408936,,[4174/4174/0],,,1,1,0,,0,,,FIN,,0,0,0,0,1,1,0x1,pair,2,2,1,0x1,1,4,2,2,2,0,0x1,1,4,2,2,2,1,4,760,23180,1,,,,,,,,4,
pr_bidirf_conflict_b@pr,scored,conflict,pr_bidirf_conflict_b_n5,pr_bidirf_conflict_b,pr,n5,conflict,bidir,F1both,blocking,1,,4096,8000,95,primary,4,3,0,0,0,0,2.3,ok,ok,,,,8000,no error,-1,,,8000,no error,0,0,0,8000,1,0,0,0,1,8000,no error,8000,no error,0,0,1,none,none,-1.0,-1.0,1982,1987,10.98,13.70,15.70,23787.26,3417,8000,1,1,,1,1,0,1,1,LOCAL_QP_ERR,LOCAL_QP_ERR,1,1,1,1,1,0,,,0,0,,,no error,no error,811.7,797.8,141.9,141.5,0,1,5.6080002784729,2585624123.006,43.914000034332275,,,,LOCAL_QP_ERR,0.4270000457763672,,23.875,,[6836/6836/0],,,1,1,0,,0,,,FIN,,0,0,0,0,1,1,0x1,pair,2,2,1,0x1,1,4,2,2,2,0,0x1,1,4,2,2,2,1,4,759,23230,1,,,,,,,,5,
pr_bidirf_conflict_b@pr,scored,conflict,pr_bidirf_conflict_b_n6,pr_bidirf_conflict_b,pr,n6,conflict,bidir,F1both,blocking,1,,4096,8000,102,primary,4,3,0,0,0,0,2.3,ok,ok,,,,8000,no error,-1,,,8000,no error,0,0,0,8000,1,0,0,0,1,8000,no error,8000,no error,0,0,1,none,none,-1.0,-1.0,1996,2116,10.94,13.66,15.71,24230.62,3782,8000,1,1,,1,1,0,1,1,LOCAL_QP_ERR,LOCAL_QP_ERR,1,1,1,1,1,0,,,0,0,,,no error,no error,805.0,759.4,141.9,141.6,0,1,5.892000198364258,2585627837.882,48.121999740600586,,,,LOCAL_QP_ERR,0.42600011825561523,,24.3270001411438,,[7566/7566/0],,,1,1,0,,0,,,FIN,,0,0,0,0,1,1,0x1,pair,2,2,1,0x1,1,4,2,2,2,0,0x1,1,4,2,2,2,1,4,757,23222,1,,,,,,,,6,
pr_bidirf_conflict_b@pr,scored,conflict,pr_bidirf_conflict_b_n7,pr_bidirf_conflict_b,pr,n7,conflict,bidir,F1both,blocking,1,,4096,8000,109,primary,4,3,0,0,0,0,2.3,ok,ok,,,,8000,no error,-1,,,8000,no error,0,0,0,8000,1,0,0,0,1,8000,no error,8000,no error,0,0,1,none,none,-1.0,-1.0,2027,1997,10.98,13.63,15.74,24522.75,3703,8000,1,1,,1,1,0,1,1,LOCAL_QP_ERR,LOCAL_QP_ERR,1,1,1,1,1,0,,,0,0,,,no error,no error,817.6,802.4,142.3,142.0,0,1,5.878000259399414,2585631560.312,47.12999963760376,,,,LOCAL_QP_ERR,0.4120001792907715,,24.625,,[7408/7406/2],,,1,1,0,,0,,,FIN,,0,0,0,0,1,1,0x1,pair,2,2,1,0x1,1,4,2,2,2,0,0x1,1,4,2,2,2,1,4,761,23180,1,,,,,,,,7,
pr_bidirf_conflict_b@pr,scored,conflict,pr_bidirf_conflict_b_n8,pr_bidirf_conflict_b,pr,n8,conflict,bidir,F1both,blocking,1,,4096,8000,66,primary,4,3,0,0,0,0,2.3,ok,ok,,,,8000,no error,-1,,,8000,no error,0,0,0,8000,1,0,0,0,1,8000,no error,8000,no error,0,0,1,none,none,-1.0,-1.0,1980,1980,10.88,13.57,15.63,24384.77,941,8000,1,1,,1,1,0,1,1,LOCAL_QP_ERR,LOCAL_QP_ERR,1,1,1,1,1,0,,,0,0,,,no error,no error,820.5,805.2,138.0,137.8,0,1,5.8979997634887695,2585635250.967,12.263000011444092,,,,LOCAL_QP_ERR,0.4369997978210449,,24.476999759674072,,[1884/1884/0],,,1,1,0,,0,,,FIN,,0,0,0,0,1,1,0x1,pair,2,2,1,0x1,1,4,2,2,2,0,0x1,1,4,2,2,2,1,4,768,23224,1,,,,,,,,8,
pr_bidirf_conflict_b@pr,scored,conflict,pr_bidirf_conflict_b_n9,pr_bidirf_conflict_b,pr,n9,conflict,bidir,F1both,blocking,1,,4096,8000,73,primary,4,3,0,0,0,0,2.3,ok,ok,,,,8000,no error,-1,,,8000,no error,0,0,0,8000,1,0,0,0,1,8000,no error,8000,no error,0,0,1,none,none,-1.0,-1.0,1986,2032,10.91,13.60,15.56,23662.46,1644,8000,1,1,,1,1,0,1,1,LOCAL_QP_ERR,LOCAL_QP_ERR,1,1,1,1,1,0,,,0,0,,,no error,no error,809.1,784.5,141.2,141.3,0,1,5.813999652862549,2585639026.57,21.228000164031982,,,,LOCAL_QP_ERR,0.38699960708618164,,23.757999897003174,,[3290/3288/2],,,1,1,0,,0,,,FIN,,0,0,0,0,1,1,0x1,pair,2,2,1,0x1,1,4,2,2,2,0,0x1,1,4,2,2,2,1,4,760,23218,1,,,,,,,,9,
pr_bidirf_conflict_b@pr,cond_stall,conflict,pr_bidirf_conflict_b_n10,pr_bidirf_conflict_b,pr,n10,conflict,bidir,F1both,blocking,1,,4096,8000,80,primary,4,3,0,0,0,0,2.3,ok,ok,,,,8000,no error,-1,,,8000,no error,0,0,0,8000,1,0,0,0,1,8000,no error,8000,no error,0,0,1,none,none,-1.0,-1.0,1972,1969,10.88,13.60,15.62,24074.27,869,8000,1,1,,1,1,0,1,1,LOCAL_QP_ERR,LOCAL_QP_ERR,1,1,1,1,1,0,,,0,0,,,no error,no error,814.6,798.9,135.2,135.5,0,1,18.97700023651123,2585642724.009,11.381999969482422,,,,LOCAL_QP_ERR,0.4270000457763672,,24.163000106811523,,[1740/1740/0],,,1,1,0,,0,,,FIN,,0,0,0,0,1,1,0x1,pair,2,2,1,0x1,1,4,2,2,2,0,0x1,1,4,2,2,2,1,4,773,23252,0,,,,,,,,10,
pr_bidirf_conflict_b@pr,scored,conflict,pr_bidirf_conflict_b_n11,pr_bidirf_conflict_b,pr,n11,conflict,bidir,F1both,blocking,1,,4096,8000,87,primary,4,3,0,0,0,0,2.3,ok,ok,,,,8000,no error,-1,,,8000,no error,0,0,0,8000,1,0,0,0,1,8000,no error,8000,no error,0,0,1,none,none,-1.0,-1.0,1979,1995,10.94,13.66,15.76,24487.87,2751,8000,1,1,,1,1,0,1,1,LOCAL_QP_ERR,LOCAL_QP_ERR,1,1,1,1,1,0,,,0,0,,,no error,no error,814.6,797.7,141.3,141.1,0,1,5.73799991607666,2585751214.322,35.14300012588501,,,,LOCAL_QP_ERR,0.4200000762939453,,24.586999893188477,,[5504/5502/2],,,1,1,0,,0,,,FIN,,0,0,0,0,1,1,0x1,pair,2,2,1,0x1,1,4,2,2,2,0,0x1,1,4,2,2,2,1,4,752,23321,1,,,,,,,,11,
pr_dual_f1all_b@prd,scored,dual,pr_dual_f1all_b_n1,pr_dual_f1all_b,prd,n1,dual,default,F1,blocking,1,,4096,3000,537,primary,4,3,0,0,0,0,3.8,ok,ok,,,,3000,no error,-1,,,3000,no error,0,0,0,6000,2,0,0,0,1,,,,,,,,none,none,-1.0,-1.0,7396,7628,10.78,11.17,14.57,11494.02,990,3000,1,1,,1,0,0,2,0,LOCAL_QP_ERR;LOCAL_QP_ERR,,1,0,0,1,0,0,,,0,0,,,no error,no error,987.6,936.1,1548.4,1547.5,0,1,,2585524136.365,506.79899978637695,,,,LOCAL_QP_ERR,0.4910001754760742,,11.865000247955322,,"[1982/1980/2,1986/1984/2,0/0/0,0/0/0]",,,1,1,0,,0,,,FIN,,0,0,0,0,1,1,0xf,queued,1,1,0,0xf,4,2,2,2,2,,0xf,4,2,2,2,2,,,3388,10968,,1,1,11494.0,0,11463.4,1,11463.4,1,
pr_dual_f1all_b@prd,scored,dual,pr_dual_f1all_b_n2,pr_dual_f1all_b,prd,n2,dual,default,F1,blocking,1,,4096,3000,674,primary,4,3,0,0,0,0,3.8,ok,ok,,,,3000,no error,-1,,,3000,no error,0,0,0,6000,2,0,0,0,1,,,,,,,,none,none,-1.0,-1.0,7396,7702,10.78,12.22,14.71,11864.54,1258,3000,1,1,,1,0,0,2,0,LOCAL_QP_ERR;LOCAL_QP_ERR,,1,0,0,1,0,0,,,0,0,,,no error,no error,975.3,905.2,1548.3,1547.9,0,1,,2585529496.166,643.7560000419617,,,,LOCAL_QP_ERR,0.7020001411437988,,12.506999969482422,,"[2518/2516/2,2522/2522/0,0/0/0,0/0/0]",,,1,1,0,,0,,,FIN,,0,0,0,0,1,1,0xf,queued,1,1,0,0xf,4,2,2,2,2,,0xf,4,2,2,2,2,,,3413,10786,,1,1,11864.5,0,12160.4,1,12160.4,2,
pr_dual_f1all_b@prd,scored,dual,pr_dual_f1all_b_n3,pr_dual_f1all_b,prd,n3,dual,default,F1,blocking,1,,4096,3000,811,primary,4,3,0,0,0,0,3.8,ok,ok,,,,3000,no error,-1,,,3000,no error,0,0,0,6000,2,0,0,0,1,,,,,,,,none,none,-1.0,-1.0,7396,7655,10.78,11.17,14.54,11433.98,1525,3000,1,1,,1,0,0,2,0,LOCAL_QP_ERR;LOCAL_QP_ERR,,1,0,0,1,0,0,,,0,0,,,no error,no error,967.3,907.4,1548.4,1547.9,0,1,,2585534926.594,780.7579998970032,,,,LOCAL_QP_ERR,0.5799999237060547,,11.860000133514404,,"[3052/3050/2,3058/3056/2,0/0/0,0/0/0]",,,1,1,0,,0,,,FIN,,0,0,0,0,1,1,0xf,qp_state,1,1,0,0xf,4,2,2,2,2,,0xf,4,2,2,2,2,,,3354,11233,,1,1,11434.0,0,11256.6,1,11256.6,3,
pr_dual_f1all_b@prd,scored,dual,pr_dual_f1all_b_n4,pr_dual_f1all_b,prd,n4,dual,default,F1,blocking,1,,4096,3000,948,primary,4,3,0,0,0,0,3.8,ok,ok,,,,3000,no error,-1,,,3000,no error,0,0,0,6000,2,0,0,0,1,,,,,,,,none,none,-1.0,-1.0,7394,7632,10.75,11.17,14.47,11244.32,1793,3000,1,1,,1,0,0,2,0,LOCAL_QP_ERR;LOCAL_QP_ERR,,1,0,0,1,0,0,,,0,0,,,no error,no error,981.3,928.3,1547.9,1547.1,0,1,,2585540276.654,917.7159996032715,,,,LOCAL_QP_ERR,0.6460003852844238,,11.844000339508057,,"[3588/3586/2,3594/3592/2,0/0/0,0/0/0]",,,1,1,0,,0,,,FIN,,0,0,0,0,1,1,0xf,queued,1,1,0,0xf,4,2,2,2,2,,0xf,4,2,2,2,2,,,3356,10393,,1,1,11244.3,0,11472.8,1,11472.8,4,
pr_dual_f1all_b@prd,scored,dual,pr_dual_f1all_b_n5,pr_dual_f1all_b,prd,n5,dual,default,F1,blocking,1,,4096,3000,1085,primary,4,3,0,0,0,0,3.8,ok,ok,,,,3000,no error,-1,,,3000,no error,0,0,0,6000,2,0,0,0,1,,,,,,,,none,none,-1.0,-1.0,7430,7645,10.75,11.20,14.53,11391.01,2043,3000,1,1,,1,0,0,2,0,LOCAL_QP_ERR;LOCAL_QP_ERR,,1,0,0,1,0,0,,,0,0,,,no error,no error,967.0,905.5,1547.9,1547.2,0,1,,2585545664.384,1045.7349996566772,,,,LOCAL_QP_ERR,0.7720003128051758,,12.025000095367432,,"[4088/4086/2,4096/4094/2,0/0/0,0/0/0]",,,1,1,0,,0,,,FIN,,0,0,0,0,1,1,0xf,queued,1,1,0,0xf,4,2,2,2,2,,0xf,4,2,2,2,2,,,3314,10522,,1,1,11391.0,0,11311.9,1,11311.9,5,
pr_dual_f1all_b@prd,scored,dual,pr_dual_f1all_b_n6,pr_dual_f1all_b,prd,n6,dual,default,F1,blocking,1,,4096,3000,522,primary,4,3,0,0,0,0,3.8,ok,ok,,,,3000,no error,-1,,,3000,no error,0,0,0,6000,2,0,0,0,1,,,,,,,,none,none,-1.0,-1.0,7395,7690,10.75,11.17,14.42,11102.56,961,3000,1,1,,1,0,0,2,0,LOCAL_QP_ERR;LOCAL_QP_ERR,,1,0,0,1,0,0,,,0,0,,,no error,no error,981.1,913.9,1547.8,1547.2,0,1,,2585550301.552,491.84100008010864,,,,LOCAL_QP_ERR,0.6129999160766602,,11.529999732971191,,"[1924/1922/2,1928/1926/2,0/0/0,0/0/0]",,,1,1,0,,0,,,FIN,,0,0,0,0,1,1,0xf,queued,1,1,0,0xf,4,2,2,2,2,,0xf,4,2,2,2,2,,,3255,10343,,1,1,11102.6,0,11034.7,1,11034.7,6,
pr_dual_f1all_b@prd,scored,dual,pr_dual_f1all_b_n7,pr_dual_f1all_b,prd,n7,dual,default,F1,blocking,1,,4096,3000,659,primary,4,3,0,0,0,0,3.8,ok,ok,,,,3000,no error,-1,,,3000,no error,0,0,0,6000,2,0,0,0,1,,,,,,,,none,none,-1.0,-1.0,7395,7612,10.75,11.17,14.53,11434.24,1227,3000,1,1,,1,0,0,2,0,LOCAL_QP_ERR;LOCAL_QP_ERR,,1,0,0,1,0,0,,,0,0,,,no error,no error,978.2,925.4,1547.8,1547.3,0,1,,2585555727.559,628.210000038147,,,,LOCAL_QP_ERR,0.40600013732910156,,11.701000213623047,,"[2456/2454/2,2462/2460/2,0/0/0,0/0/0]",,,1,1,0,,0,,,FIN,,0,0,0,0,1,1,0xf,queued,1,1,0,0xf,4,2,2,2,2,,0xf,4,2,2,2,2,,,3405,10636,,1,1,11434.2,0,11064.1,1,11064.1,7,
pr_dual_f1all_b@prd,scored,dual,pr_dual_f1all_b_n8,pr_dual_f1all_b,prd,n8,dual,default,F1,blocking,1,,4096,3000,796,primary,4,3,0,0,0,0,3.8,ok,ok,,,,3000,no error,-1,,,3000,no error,0,0,0,6000,2,0,0,0,1,,,,,,,,none,none,-1.0,-1.0,7392,7624,10.75,11.17,14.40,10984.35,1496,3000,1,1,,1,0,0,2,0,LOCAL_QP_ERR;LOCAL_QP_ERR,,1,0,0,1,0,0,,,0,0,,,no error,no error,984.9,932.6,1547.3,1547.3,0,1,,2585561108.732,765.6970000267029,,,,LOCAL_QP_ERR,0.7839999198913574,,11.526000022888184,,"[2994/2992/2,3000/2998/2,0/0/0,0/0/0]",,,1,1,0,,0,,,FIN,,0,0,0,0,1,1,0xf,queued,1,1,0,0xf,4,2,2,2,2,,0xf,4,2,2,2,2,,,3318,10607,,1,1,10984.4,0,10910.5,1,10910.5,8,
pr_dual_f1all_b@prd,scored,dual,pr_dual_f1all_b_n9,pr_dual_f1all_b,prd,n9,dual,default,F1,blocking,1,,4096,3000,933,primary,4,3,0,0,0,0,3.8,ok,ok,,,,3000,no error,-1,,,3000,no error,0,0,0,6000,2,0,0,0,1,,,,,,,,none,none,-1.0,-1.0,7396,7632,10.78,11.17,14.63,11670.30,1764,3000,1,1,,1,0,0,2,0,LOCAL_QP_ERR;LOCAL_QP_ERR,,1,0,0,1,0,0,,,0,0,,,no error,no error,979.2,926.2,1548.3,1547.8,0,1,,2585566501.371,902.9359998703003,,,,LOCAL_QP_ERR,0.8550000190734863,,12.201000213623047,,"[3530/3528/2,3538/3536/2,0/0/0,0/0/0]",,,1,1,0,,0,,,FIN,,0,0,0,0,1,1,0xf,queued,1,1,0,0xf,4,2,2,2,2,,0xf,4,2,2,2,2,,,3367,10432,,1,1,11670.3,0,11399.9,1,11399.9,9,
pr_dual_f1all_b@prd,scored,dual,pr_dual_f1all_b_n10,pr_dual_f1all_b,prd,n10,dual,default,F1,blocking,1,,4096,3000,1070,primary,4,3,0,0,0,0,3.8,ok,ok,,,,3000,no error,-1,,,3000,no error,0,0,0,6000,2,0,0,0,1,,,,,,,,none,none,-1.0,-1.0,7395,7636,10.78,11.17,14.53,11396.03,2031,3000,1,1,,1,0,0,2,0,LOCAL_QP_ERR;LOCAL_QP_ERR,,1,0,0,1,0,0,,,0,0,,,no error,no error,982.6,928.5,1548.2,1547.2,0,1,,2585571844.408,1039.8790001869202,,,,LOCAL_QP_ERR,0.46000003814697266,,11.729000091552734,,"[4064/4062/2,4072/4070/2,0/0/0,0/0/0]",,,1,1,0,,0,,,FIN,,0,0,0,0,1,1,0xf,queued,1,1,0,0xf,4,2,2,2,2,,0xf,4,2,2,2,2,,,3369,10869,,1,1,11396.0,0,11350.9,1,11350.9,10,
pr_dual_f1c0_b@prd,scored,dual,pr_dual_f1c0_b_n1,pr_dual_f1c0_b,prd,n1,dual,default,F1,blocking,1,,4096,3000,537,primary,4,3,0,0,0,0,3.8,ok,ok,,,,3000,no error,-1,,,3000,no error,0,0,0,6000,2,0,0,0,1,,,,,,,,none,none,-1.0,-1.0,7362,7607,10.78,11.17,11.91,3529.63,988,3000,1,1,,1,0,0,1,0,LOCAL_QP_ERR,,1,0,0,1,0,0,,,0,0,,,no error,no error,972.8,917.7,1540.2,1539.8,0,1,,2585253817.658,505.59299993515015,,,,LOCAL_QP_ERR,0.5780000686645508,,3.932000160217285,,[1978/1976/2],,,1,1,0,,0,,,FIN,,0,0,0,0,1,1,0x1,pair,1,1,0,0x1,1,2,0,0,0,0,0x1,1,2,0,0,0,,,773,2976,,1,1,3529.6,7,11.0,1,15.9,1,
pr_dual_f1c0_b@prd,scored,dual,pr_dual_f1c0_b_n2,pr_dual_f1c0_b,prd,n2,dual,default,F1,blocking,1,,4096,3000,674,primary,4,3,0,0,0,0,3.8,ok,ok,,,,3000,no error,-1,,,3000,no error,0,0,0,6000,2,0,0,0,1,,,,,,,,none,none,-1.0,-1.0,7368,7604,10.78,12.26,11.90,3423.07,1258,3000,1,1,,1,0,0,1,0,LOCAL_QP_ERR,,1,0,0,1,0,0,,,0,0,,,no error,no error,995.5,941.9,1540.0,1539.7,0,1,,2585259188.016,643.9779996871948,,,,LOCAL_QP_ERR,0.7080001831054688,,3.9170002937316895,,[2518/2516/2],,,1,1,0,,0,,,FIN,,0,0,0,0,1,1,0x1,pair,1,1,0,0x1,1,2,0,0,0,0,0x1,1,2,0,0,0,,,767,3093,,1,1,3423.1,6,11.1,1,16.3,2,
pr_dual_f1c0_b@prd,scored,dual,pr_dual_f1c0_b_n3,pr_dual_f1c0_b,prd,n3,dual,default,F1,blocking,1,,4096,3000,811,primary,4,3,0,0,0,0,3.8,ok,ok,,,,3000,no error,-1,,,3000,no error,0,0,0,6000,2,0,0,0,1,,,,,,,,none,none,-1.0,-1.0,7365,7662,10.78,11.17,12.02,3878.98,1525,3000,1,1,,1,0,0,1,0,LOCAL_QP_ERR,,1,0,0,1,0,0,,,0,0,,,no error,no error,985.7,918.1,1540.6,1539.8,0,1,,2585269775.955,780.6119999885559,,,,LOCAL_QP_ERR,0.5529999732971191,,4.247000217437744,,[3052/3050/2],,,1,1,0,,0,,,FIN,,0,0,0,0,1,1,0x1,pair,1,1,0,0x1,1,2,0,0,0,0,0x1,1,2,0,0,0,,,743,2934,,1,1,3879.0,7,10.8,1,16.1,3,
pr_dual_f1c0_b@prd,scored,dual,pr_dual_f1c0_b_n4,pr_dual_f1c0_b,prd,n4,dual,default,F1,blocking,1,,4096,3000,948,primary,4,3,0,0,0,0,3.8,ok,ok,,,,3000,no error,-1,,,3000,no error,0,0,0,6000,2,0,0,0,1,,,,,,,,none,none,-1.0,-1.0,7364,7652,10.78,11.17,12.06,3942.75,1793,3000,1,1,,1,0,0,1,0,LOCAL_QP_ERR,,1,0,0,1,0,0,,,0,0,,,no error,no error,982.1,917.6,1540.5,1539.9,0,1,,2585275164.56,917.7599997520447,,,,LOCAL_QP_ERR,0.6690001487731934,,4.413000106811523,,[3588/3586/2],,,1,1,0,,0,,,FIN,,0,0,0,0,1,1,0x1,pair,1,1,0,0x1,1,2,0,0,0,0,0x1,1,2,0,0,0,,,769,3083,,1,1,3942.8,8,11.1,1,16.4,4,
pr_dual_f1c0_b@prd,scored,dual,pr_dual_f1c0_b_n5,pr_dual_f1c0_b,prd,n5,dual,default,F1,blocking,1,,4096,3000,1085,primary,4,3,0,0,0,0,3.8,ok,ok,,,,3000,no error,-1,,,3000,no error,0,0,0,6000,2,0,0,0,1,,,,,,,,none,none,-1.0,-1.0,7366,7624,10.78,11.17,12.13,4195.10,2059,3000,1,1,,1,0,0,1,0,LOCAL_QP_ERR,,1,0,0,1,0,0,,,0,0,,,no error,no error,987.3,925.8,1540.9,1540.4,0,1,,2585285782.17,1054.188000202179,,,,LOCAL_QP_ERR,0.4270000457763672,,4.453999996185303,,[4120/4118/2],,,1,1,0,,0,,,FIN,,0,0,0,0,1,1,0x1,pair,1,1,0,0x1,1,2,0,0,0,0,0x1,1,2,0,0,0,,,773,3044,,1,1,4195.1,9,11.2,1,15.1,5,
pr_dual_f1c0_b@prd,scored,dual,pr_dual_f1c0_b_n6,pr_dual_f1c0_b,prd,n6,dual,default,F1,blocking,1,,4096,3000,522,primary,4,3,0,0,0,0,3.8,ok,ok,,,,3000,no error,-1,,,3000,no error,0,0,0,6000,2,0,0,0,1,,,,,,,,none,none,-1.0,-1.0,7364,7609,10.78,11.17,12.05,3965.79,963,3000,1,1,,1,0,0,1,0,LOCAL_QP_ERR,,1,0,0,1,0,0,,,0,0,,,no error,no error,981.7,925.9,1540.6,1540.0,0,1,,2585290488.296,492.97900009155273,,,,LOCAL_QP_ERR,0.42799997329711914,,4.186999797821045,,[1928/1926/2],,,1,1,0,,0,,,FIN,,0,0,0,0,1,1,0x1,pair,1,1,0,0x1,1,2,0,0,0,0,0x1,1,2,0,0,0,,,785,3022,,1,1,3965.8,8,11.1,1,16.4,6,
pr_dual_f1c0_b@prd,scored,dual,pr_dual_f1c0_b_n7,pr_dual_f1c0_b,prd,n7,dual,default,F1,blocking,1,,4096,3000,659,primary,4,3,0,0,0,0,3.8,ok,ok,,,,3000,no error,-1,,,3000,no error,0,0,0,6000,2,0,0,0,1,,,,,,,,none,none,-1.0,-1.0,7363,7605,10.78,11.17,11.98,3707.71,1228,3000,1,1,,1,0,0,1,0,LOCAL_QP_ERR,,1,0,0,1,0,0,,,0,0,,,no error,no error,989.4,933.2,1540.1,1539.6,0,1,,2585301134.171,628.6300001144409,,,,LOCAL_QP_ERR,0.49900007247924805,,3.989999771118164,,[2458/2456/2],,,1,1,0,,0,,,FIN,,0,0,0,0,1,1,0x1,pair,1,1,0,0x1,1,2,0,0,0,0,0x1,1,2,0,0,0,,,752,3004,,1,1,3707.7,7,10.7,1,16.4,7,
pr_dual_f1c0_b@prd,scored,dual,pr_dual_f1c0_b_n8,pr_dual_f1c0_b,prd,n8,dual,default,F1,blocking,1,,4096,3000,796,primary,4,3,0,0,0,0,3.8,ok,ok,,,,3000,no error,-1,,,3000,no error,0,0,0,6000,2,0,0,0,1,,,,,,,,none,none,-1.0,-1.0,7361,7597,10.78,11.17,12.03,3855.20,1496,3000,1,1,,1,0,0,1,0,LOCAL_QP_ERR,,1,0,0,1,0,0,,,0,0,,,no error,no error,991.0,938.6,1540.2,1540.0,0,1,,2585306469.55,765.9000000953674,,,,LOCAL_QP_ERR,0.47099971771240234,,4.10699987411499,,[2994/2992/2],,,1,1,0,,0,,,FIN,,0,0,0,0,1,1,0x1,pair,1,1,0,0x1,1,2,0,0,0,0,0x1,1,2,0,0,0,,,751,2970,,1,1,3855.2,8,11.2,1,16.4,8,
pr_dual_f1c0_b@prd,scored,dual,pr_dual_f1c0_b_n9,pr_dual_f1c0_b,prd,n9,dual,default,F1,blocking,1,,4096,3000,933,primary,4,3,0,0,0,0,3.8,ok,ok,,,,3000,no error,-1,,,3000,no error,0,0,0,6000,2,0,0,0,1,,,,,,,,none,none,-1.0,-1.0,7364,7614,10.78,12.22,11.99,3505.06,1763,3000,1,1,,1,0,0,1,0,LOCAL_QP_ERR,,1,0,0,1,0,0,,,0,0,,,no error,no error,978.8,924.7,1540.5,1540.2,0,1,,2585317107.55,902.9520001411438,,,,LOCAL_QP_ERR,0.5249996185302734,,3.8449997901916504,,[3528/3526/2],,,1,1,0,,0,,,FIN,,0,0,0,0,1,1,0x1,pair,1,1,0,0x1,1,2,0,0,0,0,0x1,1,2,0,0,0,,,767,2975,,1,1,3505.1,7,11.1,1,16.0,9,
pr_dual_f1c0_b@prd,scored,dual,pr_dual_f1c0_b_n10,pr_dual_f1c0_b,prd,n10,dual,default,F1,blocking,1,,4096,3000,1070,primary,4,3,0,0,0,0,3.8,ok,ok,,,,3000,no error,-1,,,3000,no error,0,0,0,6000,2,0,0,0,1,,,,,,,,none,none,-1.0,-1.0,7360,7644,10.75,11.17,11.84,3349.44,2030,3000,1,1,,1,0,0,1,0,LOCAL_QP_ERR,,1,0,0,1,0,0,,,0,0,,,no error,no error,979.5,917.4,1539.7,1539.5,0,1,,2585322511.744,1039.4079999923706,,,,LOCAL_QP_ERR,0.4050002098083496,,3.5269999504089355,,[4062/4060/2],,,1,1,0,,0,,,FIN,,0,0,0,0,1,1,0x1,pair,1,1,0,0x1,1,2,0,0,0,0,0x1,1,2,0,0,0,,,771,3057,,1,1,3349.4,7,10.7,1,17.4,10,
pr_dual_f1c0_full_b@prd,scored,dual,pr_dual_f1c0_full_b_n1,pr_dual_f1c0_full_b,prd,n1,dual,default,F1,blocking,1,,4096,3000,537,primary,4,3,0,0,0,0,3.8,ok,ok,,,,3000,no error,-1,,,3000,no error,0,0,0,6000,2,0,0,0,1,,,,,,,,none,none,-1.0,-1.0,7396,7644,10.78,11.17,14.67,11787.04,990,3000,1,1,,1,0,0,1,0,LOCAL_QP_ERR,,1,0,0,1,0,0,,,0,0,,,no error,no error,972.4,917.5,1548.4,1548.0,0,1,,2585264302.46,506.646999835968,,,,LOCAL_QP_ERR,0.570000171661377,,12.236000061035156,,"[1982/1980/2,1986/1986/0,0/0/0,0/0/0]",,,1,1,0,,0,,,FIN,,0,0,0,0,0,0,0xf,off,1,1,0,0xf,4,2,2,2,2,0,0xf,4,2,2,2,2,,,3333,11324,,1,1,11787.0,1,11223.3,1,11223.3,1,
pr_dual_f1c0_full_b@prd,scored,dual,pr_dual_f1c0_full_b_n2,pr_dual_f1c0_full_b,prd,n2,dual,default,F1,blocking,1,,4096,3000,674,primary,4,3,0,0,0,0,3.8,ok,ok,,,,3000,no error,-1,,,3000,no error,0,0,0,6000,2,0,0,0,1,,,,,,,,none,none,-1.0,-1.0,7396,7644,10.75,11.17,14.66,11800.77,1256,3000,1,1,,1,0,0,1,0,LOCAL_QP_ERR,,1,0,0,1,0,0,,,0,0,,,no error,no error,981.6,927.2,1548.5,1548.0,0,1,,2585280153.106,643.2209997177124,,,,LOCAL_QP_ERR,0.4099998474121094,,11.966000080108643,,"[2514/2514/0,2520/2520/0,0/0/0,0/0/0]",,,1,1,0,,0,,,FIN,,0,0,0,0,0,0,0xf,off,1,1,0,0xf,4,2,2,2,2,0,0xf,4,2,2,2,2,,,3308,11379,,1,1,11800.8,1,10990.5,1,10990.5,2,
pr_dual_f1c0_full_b@prd,scored,dual,pr_dual_f1c0_full_b_n3,pr_dual_f1c0_full_b,prd,n3,dual,default,F1,blocking,1,,4096,3000,811,primary,4,3,0,0,0,0,3.8,ok,ok,,,,3000,no error,-1,,,3000,no error,0,0,0,6000,2,0,0,0,1,,,,,,,,none,none,-1.0,-1.0,7393,7659,10.78,11.17,14.64,11692.86,1525,3000,1,1,,1,0,0,1,0,LOCAL_QP_ERR,,1,0,0,1,0,0,,,0,0,,,no error,no error,986.8,924.3,1548.0,1547.6,0,1,,2585296023.903,780.6939997673035,,,,LOCAL_QP_ERR,0.5320000648498535,,12.056000232696533,,"[3052/3050/2,3058/3058/0,0/0/0,0/0/0]",,,1,1,0,,0,,,FIN,,0,0,0,0,0,0,0xf,off,1,1,0,0xf,4,2,2,2,2,0,0xf,4,2,2,2,2,,,3315,11499,,1,1,11692.9,1,11161.8,1,11161.8,3,
pr_dual_f1c0_full_b@prd,scored,dual,pr_dual_f1c0_full_b_n4,pr_dual_f1c0_full_b,prd,n4,dual,default,F1,blocking,1,,4096,3000,948,primary,4,3,0,0,0,0,3.8,ok,ok,,,,3000,no error,-1,,,3000,no error,0,0,0,6000,2,0,0,0,1,,,,,,,,none,none,-1.0,-1.0,7398,7696,10.78,11.17,14.74,12005.34,1793,3000,1,1,,1,0,0,1,0,LOCAL_QP_ERR,,1,0,0,1,0,0,,,0,0,,,no error,no error,980.6,911.6,1548.8,1548.1,0,1,,2585311860.983,917.7519998550415,,,,LOCAL_QP_ERR,0.6880002021789551,,12.558000087738037,,"[3588/3586/2,3598/3598/0,0/0/0,0/0/0]",,,1,1,0,,0,,,FIN,,0,0,0,0,0,0,0xf,off,1,1,0,0xf,4,2,2,2,2,0,0xf,4,2,2,2,2,,,3283,11215,,1,1,12005.3,2,10732.4,1,10732.4,4,
pr_dual_f1c0_full_b@prd,scored,dual,pr_dual_f1c0_full_b_n5,pr_dual_f1c0_full_b,prd,n5,dual,default,F1,blocking,1,,4096,3000,1085,primary,4,3,0,0,0,0,3.8,ok,ok,,,,3000,no error,-1,,,3000,no error,0,0,0,6000,2,0,0,0,1,,,,,,,,none,none,-1.0,-1.0,7398,7631,10.78,11.17,14.74,12014.37,2060,3000,1,1,,1,0,0,1,0,LOCAL_QP_ERR,,1,0,0,1,0,0,,,0,0,,,no error,no error,970.3,919.1,1548.8,1548.1,0,1,,2585327745.563,1054.6460003852844,,,,LOCAL_QP_ERR,0.5299997329711914,,12.402999877929688,,"[4122/4120/2,4130/4130/0,0/0/0,0/0/0]",,,1,1,0,,0,,,FIN,,0,0,0,0,0,0,0xf,off,1,1,0,0xf,4,2,2,2,2,0,0xf,4,2,2,2,2,,,3510,11645,,1,1,12014.4,1,11532.3,1,11532.3,5,
pr_dual_f3c0_b@prd,scored,dual,pr_dual_f3c0_b_n1,pr_dual_f3c0_b,prd,n1,dual,default,F3,blocking,1,,4096,3000,537,primary,4,3,0,0,0,0,11.8,ok,ok,,,,3000,no error,-1,,,3000,no error,0,0,0,6000,2,0,0,0,1,,,,,,,,none,none,-1.0,-1.0,39500,39754,10.78,11.20,1190.38,3538958.56,252,3000,1,1,,0,1,0,1,0,RETRY_EXC,,1,0,0,1,0,0,,,0,0,,,no error,no error,957.9,900.2,9573.4,9571.7,0,1,,2585391702.401,506.4800000190735,,,,RETRY_EXC,3535.691999912262,,3539.3540000915527,,[506/504/2],,,1,1,0,,0,,,FIN,,0,0,0,0,1,1,0x1,pair,1,1,0,0x1,1,2,0,0,0,,0x1,1,2,0,0,0,0,,758,2807,,1,1,3538958.6,1759,12.1,1,16.4,1,
pr_dual_f3c0_b@prd,scored,dual,pr_dual_f3c0_b_n2,pr_dual_f3c0_b,prd,n2,dual,default,F3,blocking,1,,4096,3000,674,primary,4,3,0,0,0,0,11.8,ok,ok,,,,3000,no error,-1,,,3000,no error,0,0,0,6000,2,0,0,0,1,,,,,,,,none,none,-1.0,-1.0,39766,40113,10.82,11.20,1213.31,3607649.09,321,3000,1,1,,0,1,0,1,0,RETRY_EXC,,1,0,0,1,0,0,,,0,0,,,no error,no error,896.6,820.0,9642.3,9640.7,0,1,,2585405054.727,644.5500001907349,,,,RETRY_EXC,3604.950999736786,,3608.7689995765686,,[644/642/2],,,1,1,0,,0,,,FIN,,0,0,0,0,1,1,0x1,pair,1,1,0,0x1,1,2,0,0,0,,0x1,1,2,0,0,0,0,,759,2857,,1,1,3607649.1,1793,11.2,1,16.4,2,
pr_dual_f3c0_b@prd,scored,dual,pr_dual_f3c0_b_n3,pr_dual_f3c0_b,prd,n3,dual,default,F3,blocking,1,,4096,3000,811,primary,4,3,0,0,0,0,11.8,ok,ok,,,,3000,no error,-1,,,3000,no error,0,0,0,6000,2,0,0,0,1,,,,,,,,none,none,-1.0,-1.0,39994,40233,10.78,11.17,1232.03,3663874.78,389,3000,1,1,,0,1,0,1,0,RETRY_EXC,,1,0,0,1,0,0,,,0,0,,,no error,no error,835.5,784.3,9698.6,9696.7,0,1,,2585418419.623,781.576000213623,,,,RETRY_EXC,3661.6040000915527,,3664.7259998321533,,[780/778/2],,,1,1,0,,0,,,FIN,,0,0,0,0,1,1,0x1,pair,1,1,0,0x1,1,2,0,0,0,,0x1,1,2,0,0,0,0,,762,2874,,1,1,3663874.8,1821,11.2,1,16.4,3,
pr_dual_f3c0_b@prd,scored,dual,pr_dual_f3c0_b_n4,pr_dual_f3c0_b,prd,n4,dual,default,F3,blocking,1,,4096,3000,948,primary,4,3,0,0,0,0,11.8,ok,ok,,,,3000,no error,-1,,,3000,no error,0,0,0,6000,2,0,0,0,1,,,,,,,,none,none,-1.0,-1.0,40053,40340,10.78,11.20,1236.87,3678366.50,457,3000,1,1,,0,1,0,1,0,RETRY_EXC,,1,0,0,1,0,0,,,0,0,,,no error,no error,834.9,766.2,9712.8,9710.8,0,1,,2585431826.974,918.3810000419617,,,,RETRY_EXC,3675.839000225067,,3679.2210001945496,,[916/914/2],,,1,1,0,,0,,,FIN,,0,0,0,0,1,1,0x1,pair,1,1,0,0x1,1,2,0,0,0,,0x1,1,2,0,0,0,0,,774,2831,,1,1,3678366.5,1829,11.2,1,16.4,4,
pr_dual_f3c0_b@prd,scored,dual,pr_dual_f3c0_b_n5,pr_dual_f3c0_b,prd,n5,dual,default,F3,blocking,1,,4096,3000,1085,primary,4,3,0,0,0,0,11.8,ok,ok,,,,3000,no error,-1,,,3000,no error,0,0,0,6000,2,0,0,0,1,,,,,,,,none,none,-1.0,-1.0,40190,40563,10.82,11.20,1248.17,3712213.82,525,3000,1,1,,0,1,0,1,0,RETRY_EXC,,1,0,0,1,0,0,,,0,0,,,no error,no error,795.4,708.9,9747.2,9745.5,0,1,,2585445215.236,1055.5209999084473,,,,RETRY_EXC,3709.199999809265,,3712.8979997634888,,[1052/1050/2],,,1,1,0,,0,,,FIN,,0,0,0,0,1,1,0x1,pair,1,1,0,0x1,1,2,0,0,0,,0x1,1,2,0,0,0,0,,755,2874,,1,1,3712213.8,1846,11.2,1,15.1,5,
pr_dual_f3c0_b@prd,scored,dual,pr_dual_f3c0_b_n6,pr_dual_f3c0_b,prd,n6,dual,default,F3,blocking,1,,4096,3000,522,primary,4,3,0,0,0,0,11.8,ok,ok,,,,3000,no error,-1,,,3000,no error,0,0,0,6000,2,0,0,0,1,,,,,,,,none,none,-1.0,-1.0,39838,40086,10.78,11.20,1219.25,3625547.90,246,3000,1,1,,0,1,0,1,0,RETRY_EXC,,1,0,0,1,0,0,,,0,0,,,no error,no error,872.9,820.6,9660.1,9658.4,0,1,,2585457916.386,493.0110001564026,,,,RETRY_EXC,3624.3379998207092,,3627.361000061035,,[494/492/2],,,1,1,0,,0,,,FIN,,0,0,0,0,1,1,0x1,pair,1,1,0,0x1,1,2,0,0,0,,0x1,1,2,0,0,0,0,,770,2870,,1,1,3625547.9,1802,12.2,1,16.4,6,
pr_dual_f3c0_b@prd,scored,dual,pr_dual_f3c0_b_n7,pr_dual_f3c0_b,prd,n7,dual,default,F3,blocking,1,,4096,3000,659,primary,4,3,0,0,0,0,11.8,ok,ok,,,,3000,no error,-1,,,3000,no error,0,0,0,6000,2,0,0,0,1,,,,,,,,none,none,-1.0,-1.0,40062,40332,10.78,11.20,1237.72,3680968.96,314,3000,1,1,,0,1,0,1,0,RETRY_EXC,,1,0,0,1,0,0,,,0,0,,,no error,no error,811.9,750.0,9715.4,9713.4,0,1,,2585471283.57,629.8740000724792,,,,RETRY_EXC,3678.7389998435974,,3682.6979999542236,,[630/628/2],,,1,1,0,,0,,,FIN,,0,0,0,0,1,1,0x1,pair,1,1,0,0x1,1,2,0,0,0,,0x1,1,2,0,0,0,0,,774,2910,,1,1,3680969.0,1830,12.3,1,15.9,7,
pr_dual_f3c0_b@prd,scored,dual,pr_dual_f3c0_b_n8,pr_dual_f3c0_b,prd,n8,dual,default,F3,blocking,1,,4096,3000,796,primary,4,3,0,0,0,0,11.8,ok,ok,,,,3000,no error,-1,,,3000,no error,0,0,0,6000,2,0,0,0,1,,,,,,,,none,none,-1.0,-1.0,40133,40380,10.78,11.20,1243.38,3697965.28,382,3000,1,1,,0,1,0,1,0,RETRY_EXC,,1,0,0,1,0,0,,,0,0,,,no error,no error,805.8,752.6,9732.8,9730.7,0,1,,2585484687.781,766.4739999771118,,,,RETRY_EXC,3696.1129999160767,,3699.864999771118,,[766/764/2],,,1,1,0,,0,,,FIN,,0,0,0,0,1,1,0x1,pair,1,1,0,0x1,1,2,0,0,0,,0x1,1,2,0,0,0,0,,773,2808,,1,1,3697965.3,1838,12.1,1,16.1,8,
pr_dual_f3c0_b@prd,scored,dual,pr_dual_f3c0_b_n9,pr_dual_f3c0_b,prd,n9,dual,default,F3,blocking,1,,4096,3000,933,primary,4,3,0,0,0,0,11.8,ok,ok,,,,3000,no error,-1,,,3000,no error,0,0,0,6000,2,0,0,0,1,,,,,,,,none,none,-1.0,-1.0,40286,40536,10.78,11.20,1256.18,3736337.22,450,3000,1,1,,0,1,0,1,0,RETRY_EXC,,1,0,0,1,0,0,,,0,0,,,no error,no error,761.9,704.2,9770.8,9768.9,0,1,,2585498071.6800003,904.2150001525879,,,,RETRY_EXC,3733.8369998931885,,3737.2649998664856,,[902/900/2],,,1,1,0,,0,,,FIN,,0,0,0,0,1,1,0x1,pair,1,1,0,0x1,1,2,0,0,0,,0x1,1,2,0,0,0,0,,780,2840,,1,1,3736337.2,1857,11.2,1,16.4,9,
pr_dual_f3c0_b@prd,scored,dual,pr_dual_f3c0_b_n10,pr_dual_f3c0_b,prd,n10,dual,default,F3,blocking,1,,4096,3000,1070,primary,4,3,0,0,0,0,11.8,ok,ok,,,,3000,no error,-1,,,3000,no error,0,0,0,6000,2,0,0,0,1,,,,,,,,none,none,-1.0,-1.0,40393,40633,10.82,11.17,1265.33,3763757.76,518,3000,1,1,,0,1,0,1,0,RETRY_EXC,,1,0,0,1,0,0,,,0,0,,,no error,no error,731.3,678.7,9798.3,9796.7,0,1,,2585511464.809,1040.481999874115,,,,RETRY_EXC,3762.290999889374,,3765.215000152588,,[1038/1036/2],,,1,1,0,,0,,,FIN,,0,0,0,0,1,1,0x1,pair,1,1,0,0x1,1,2,0,0,0,,0x1,1,2,0,0,0,0,,770,2875,,1,1,3763757.8,1871,11.2,1,15.1,10,
pr_dual_none_b@prd,scored,dual,pr_dual_none_b_n1,pr_dual_none_b,prd,n1,dual,default,none,blocking,1,,4096,3000,700,primary,4,3,0,0,0,0,3.8,ok,ok,,,,3000,no error,-1,,,3000,no error,0,0,0,6000,2,0,0,0,1,,,,,,,,none,none,-1.0,-1.0,7349,7599,10.78,11.17,10.74,16.13,0,3000,1,1,,0,0,0,0,0,,,0,0,0,0,0,0,,,0,0,,,no error,no error,991.3,937.7,1536.5,1536.0,0,1,,,,,,,,,,,,,,,1,1,0,,0,,,FIN,,0,0,0,0,1,1,,,0,0,0,,,0,0,0,0,,,,0,0,0,0,,,,,,1,1,16.1,1,16.0,1,16.0,1,
pr_dual_none_b@prd,scored,dual,pr_dual_none_b_n2,pr_dual_none_b,prd,n2,dual,default,none,blocking,1,,4096,3000,700,primary,4,3,0,0,0,0,3.8,ok,ok,,,,3000,no error,-1,,,3000,no error,0,0,0,6000,2,0,0,0,1,,,,,,,,none,none,-1.0,-1.0,7350,7655,10.75,11.20,10.69,16.06,0,3000,1,1,,0,0,0,0,0,,,0,0,0,0,0,0,,,0,0,,,no error,no error,993.1,923.7,1536.9,1536.5,0,1,,,,,,,,,,,,,,,1,1,0,,0,,,FIN,,0,0,0,0,1,1,,,0,0,0,,,0,0,0,0,,,,0,0,0,0,,,,,,1,1,16.1,1,15.9,1,15.9,2,
pr_dual_none_b@prd,scored,dual,pr_dual_none_b_n3,pr_dual_none_b,prd,n3,dual,default,none,blocking,1,,4096,3000,700,primary,4,3,0,0,0,0,3.8,ok,ok,,,,3000,no error,-1,,,3000,no error,0,0,0,6000,2,0,0,0,1,,,,,,,,none,none,-1.0,-1.0,7349,7607,10.78,11.17,10.75,16.38,0,3000,1,1,,0,0,0,0,0,,,0,0,0,0,0,0,,,0,0,,,no error,no error,976.3,923.1,1536.8,1536.1,0,1,,,,,,,,,,,,,,,1,1,0,,0,,,FIN,,0,0,0,0,1,1,,,0,0,0,,,0,0,0,0,,,,0,0,0,0,,,,,,1,1,16.4,1,16.4,1,16.4,3,
pr_dual_none_b@prd,scored,dual,pr_dual_none_b_n4,pr_dual_none_b,prd,n4,dual,default,none,blocking,1,,4096,3000,700,primary,4,3,0,0,0,0,3.8,ok,ok,,,,3000,no error,-1,,,3000,no error,0,0,0,6000,2,0,0,0,1,,,,,,,,none,none,-1.0,-1.0,7348,7633,10.78,11.17,10.74,16.38,0,3000,1,1,,0,0,0,0,0,,,0,0,0,0,0,0,,,0,0,,,no error,no error,958.5,894.9,1536.5,1535.9,0,1,,,,,,,,,,,,,,,1,1,0,,0,,,FIN,,0,0,0,0,1,1,,,0,0,0,,,0,0,0,0,,,,0,0,0,0,,,,,,1,1,16.4,1,16.4,1,16.4,4,
pr_dual_none_b@prd,scored,dual,pr_dual_none_b_n5,pr_dual_none_b,prd,n5,dual,default,none,blocking,1,,4096,3000,700,primary,4,3,0,0,0,0,3.8,ok,ok,,,,3000,no error,-1,,,3000,no error,0,0,0,6000,2,0,0,0,1,,,,,,,,none,none,-1.0,-1.0,7349,7593,10.78,11.17,10.75,16.35,0,3000,1,1,,0,0,0,0,0,,,0,0,0,0,0,0,,,0,0,,,no error,no error,986.7,933.3,1536.6,1536.3,0,1,,,,,,,,,,,,,,,1,1,0,,0,,,FIN,,0,0,0,0,1,1,,,0,0,0,,,0,0,0,0,,,,0,0,0,0,,,,,,1,1,16.4,1,16.4,1,16.4,5,
lat_pr_on_256k@pr,scored,lat,lat_pr_on_256k_n1,lat_pr_on_256k,pr,n1,lat,default,lat,blocking,1,,262144,3000,700,primary,4,3,0,0,0,0,2.3,ok,ok,,,,3000,no error,-1,,,3000,no error,0,0,0,0,1,0,0,0,1,,,,,,,,none,none,-1.0,-1.0,1697,1684,38.91,40.16,38.92,48.13,1195,3000,1,1,,0,0,0,0,0,,,0,0,0,0,0,0,,,0,0,,,no error,no error,932.0,933.0,121.0,120.9,0,1,,,,,,,,,,,,,,,1,1,0,,1,2584928066.131,FIN,,,0,0,0,0,1,1,,,0,0,0,,,0,0,0,0,,,,0,0,0,0,,,,,,,,,,,,,1,
lat_pr_on_256k@pr,scored,lat,lat_pr_on_256k_n2,lat_pr_on_256k,pr,n2,lat,default,lat,blocking,1,,262144,3000,700,primary,4,3,0,0,0,0,2.3,ok,ok,,,,3000,no error,-1,,,3000,no error,0,0,0,0,1,0,0,0,1,,,,,,,,none,none,-1.0,-1.0,1694,1684,38.88,40.19,38.91,48.03,1546,3000,1,1,,0,0,0,0,0,,,0,0,0,0,0,0,,,0,0,,,no error,no error,917.8,918.0,120.9,120.9,0,1,,,,,,,,,,,,,,,1,1,0,,1,2584942066.399,FIN,,,0,0,0,0,1,1,,,0,0,0,,,0,0,0,0,,,,0,0,0,0,,,,,,,,,,,,,2,
lat_pr_on_256k@pr,scored,lat,lat_pr_on_256k_n3,lat_pr_on_256k,pr,n3,lat,default,lat,blocking,1,,262144,3000,700,primary,4,3,0,0,0,0,2.3,ok,ok,,,,3000,no error,-1,,,3000,no error,0,0,0,0,1,0,0,0,1,,,,,,,,none,none,-1.0,-1.0,1700,1686,38.91,40.83,39.03,50.05,298,3000,1,1,,0,0,0,0,0,,,0,0,0,0,0,0,,,0,0,,,no error,no error,935.7,935.6,121.4,121.2,0,1,,,,,,,,,,,,,,,1,1,0,,1,2584956041.422,FIN,,,0,0,0,0,1,1,,,0,0,0,,,0,0,0,0,,,,0,0,0,0,,,,,,,,,,,,,3,
lat_pr_on_256k@pr,scored,lat,lat_pr_on_256k_n4,lat_pr_on_256k,pr,n4,lat,default,lat,blocking,1,,262144,3000,700,primary,4,3,0,0,0,0,2.3,ok,ok,,,,3000,no error,-1,,,3000,no error,0,0,0,0,1,0,0,0,1,,,,,,,,none,none,-1.0,-1.0,1697,1685,38.91,40.10,38.89,47.14,329,3000,1,1,,0,0,0,0,0,,,0,0,0,0,0,0,,,0,0,,,no error,no error,930.4,931.8,121.0,121.0,0,1,,,,,,,,,,,,,,,1,1,0,,1,2584970020.809,FIN,,,0,0,0,0,1,1,,,0,0,0,,,0,0,0,0,,,,0,0,0,0,,,,,,,,,,,,,4,
lat_pr_on_256k@pr,scored,lat,lat_pr_on_256k_n5,lat_pr_on_256k,pr,n5,lat,default,lat,blocking,1,,262144,3000,700,primary,4,3,0,0,0,0,2.3,ok,ok,,,,3000,no error,-1,,,3000,no error,0,0,0,0,1,0,0,0,1,,,,,,,,none,none,-1.0,-1.0,1698,1686,38.91,40.74,39.00,50.94,186,3000,1,1,,0,0,0,0,0,,,0,0,0,0,0,0,,,0,0,,,no error,no error,930.7,931.3,121.0,121.1,0,1,,,,,,,,,,,,,,,1,1,0,,0,,,FIN,,0,0,0,0,1,1,,,0,0,0,,,0,0,0,0,,,,0,0,0,0,,,,,,,,,,,,,5,
lat_pr_on_4k@pr,scored,lat,lat_pr_on_4k_n1,lat_pr_on_4k,pr,n1,lat,default,lat,blocking,1,,4096,3000,700,primary,4,3,0,0,0,0,1.8,ok,ok,,,,3000,no error,-1,,,3000,no error,0,0,0,0,1,0,0,0,1,,,,,,,,none,none,-1.0,-1.0,1356,1344,10.59,11.81,10.65,18.43,98,3000,1,1,,0,0,0,0,0,,,0,0,0,0,0,0,,,0,0,,,no error,no error,510.0,512.7,36.0,35.9,0,1,,,,,,,,,,,,,,,1,1,0,,1,2584924779.992,FIN,,,0,0,0,0,1,1,,,0,0,0,,,0,0,0,0,,,,0,0,0,0,,,,,,,,,,,,,1,
lat_pr_on_4k@pr,scored,lat,lat_pr_on_4k_n2,lat_pr_on_4k,pr,n2,lat,default,lat,blocking,1,,4096,3000,700,primary,4,3,0,0,0,0,1.8,ok,ok,,,,3000,no error,-1,,,3000,no error,0,0,0,0,1,0,0,0,1,,,,,,,,none,none,-1.0,-1.0,1357,1344,10.56,11.68,10.63,18.72,1709,3000,1,1,,0,0,0,0,0,,,0,0,0,0,0,0,,,0,0,,,no error,no error,521.3,522.9,36.0,35.9,0,1,,,,,,,,,,,,,,,1,1,0,,0,,,,,0,0,0,0,1,1,,,0,0,0,,,0,0,0,0,,,,0,0,0,0,,,,,,,,,,,,,2,
lat_pr_on_4k@pr,scored,lat,lat_pr_on_4k_n3,lat_pr_on_4k,pr,n3,lat,default,lat,blocking,1,,4096,3000,700,primary,4,3,0,0,0,0,1.8,ok,ok,,,,3000,no error,-1,,,3000,no error,0,0,0,0,1,0,0,0,1,,,,,,,,none,none,-1.0,-1.0,1358,1345,10.59,12.03,10.68,14.34,0,3000,1,1,,0,0,0,0,0,,,0,0,0,0,0,0,,,0,0,,,no error,no error,511.6,512.5,36.0,36.0,0,1,,,,,,,,,,,,,,,1,1,0,,0,,,,,0,0,0,0,1,1,,,0,0,0,,,0,0,0,0,,,,0,0,0,0,,,,,,,,,,,,,3,
lat_pr_on_4k@pr,scored,lat,lat_pr_on_4k_n4,lat_pr_on_4k,pr,n4,lat,default,lat,blocking,1,,4096,3000,700,primary,4,3,0,0,0,0,1.8,ok,ok,,,,3000,no error,-1,,,3000,no error,0,0,0,0,1,0,0,0,1,,,,,,,,none,none,-1.0,-1.0,1358,1345,10.56,11.78,10.63,18.69,2664,3000,1,1,,0,0,0,0,0,,,0,0,0,0,0,0,,,0,0,,,no error,no error,520.3,522.6,36.0,35.9,0,1,,,,,,,,,,,,,,,1,1,0,,0,,,,,0,0,0,0,1,1,,,0,0,0,,,0,0,0,0,,,,0,0,0,0,,,,,,,,,,,,,4,
lat_pr_on_4k@pr,scored,lat,lat_pr_on_4k_n5,lat_pr_on_4k,pr,n5,lat,default,lat,blocking,1,,4096,3000,700,primary,4,3,0,0,0,0,1.8,ok,ok,,,,3000,no error,-1,,,3000,no error,0,0,0,0,1,0,0,0,1,,,,,,,,none,none,-1.0,-1.0,1357,1345,10.56,11.74,10.64,19.81,1966,3000,1,1,,0,0,0,0,0,,,0,0,0,0,0,0,,,0,0,,,no error,no error,511.0,512.8,36.0,35.8,0,1,,,,,,,,,,,,,,,1,1,0,,0,,,,,0,0,0,0,1,1,,,0,0,0,,,0,0,0,0,,,,0,0,0,0,,,,,,,,,,,,,5,
lat_rc_on_256k@rc,scored,lat,lat_rc_on_256k_n1,lat_rc_on_256k,rc,n1,lat,default,lat,blocking,1,,262144,3000,700,primary,4,3,0,0,0,0,2.3,ok,ok,,,,3000,no error,-1,,,3000,no error,0,0,0,0,1,0,0,0,1,,,,,,,,none,none,-1.0,-1.0,1698,1683,38.91,40.19,38.89,47.20,1150,3000,1,1,,0,0,0,0,0,,,0,0,0,0,0,0,,,0,0,,,no error,no error,927.1,929.4,121.0,120.6,0,1,,,,,,,,,,,,,,,1,1,0,,1,2584921124.542,FIN,,,0,0,0,0,,,,,0,0,0,,,,,,,,,,,,,,,,,,,,,,,,,,1,
lat_rc_on_256k@rc,scored,lat,lat_rc_on_256k_n2,lat_rc_on_256k,rc,n2,lat,default,lat,blocking,1,,262144,3000,700,primary,4,3,0,0,0,0,2.3,ok,ok,,,,3000,no error,-1,,,3000,no error,0,0,0,0,1,0,0,0,1,,,,,,,,none,none,-1.0,-1.0,1700,1688,38.91,42.88,39.11,49.12,87,3000,1,1,,0,0,0,0,0,,,0,0,0,0,0,0,,,0,0,,,no error,no error,917.8,919.5,121.5,121.6,0,1,,,,,,,,,,,,,,,1,1,0,,0,,,FIN,,0,0,0,0,,,,,0,0,0,,,,,,,,,,,,,,,,,,,,,,,,,,2,
lat_rc_on_256k@rc,scored,lat,lat_rc_on_256k_n3,lat_rc_on_256k,rc,n3,lat,default,lat,blocking,1,,262144,3000,700,primary,4,3,0,0,0,0,2.3,ok,ok,,,,3000,no error,-1,,,3000,no error,0,0,0,0,1,0,0,0,1,,,,,,,,none,none,-1.0,-1.0,1750,1684,38.91,40.16,38.92,48.77,1094,3000,1,1,,0,0,0,0,0,,,0,0,0,0,0,0,,,0,0,,,no error,no error,913.9,928.9,121.0,120.8,0,1,,,,,,,,,,,,,,,1,1,0,,1,2584949020.723,FIN,,,0,0,0,0,,,,,0,0,0,,,,,,,,,,,,,,,,,,,,,,,,,,3,
lat_rc_on_256k@rc,scored,lat,lat_rc_on_256k_n4,lat_rc_on_256k,rc,n4,lat,default,lat,blocking,1,,262144,3000,700,primary,4,3,0,0,0,0,2.3,ok,ok,,,,3000,no error,-1,,,3000,no error,0,0,0,0,1,0,0,0,1,,,,,,,,none,none,-1.0,-1.0,1693,1682,38.88,40.10,38.67,47.14,190,3000,1,1,,0,0,0,0,0,,,0,0,0,0,0,0,,,0,0,,,no error,no error,927.4,929.5,120.0,120.1,0,1,,,,,,,,,,,,,,,1,1,0,,1,2584963053.632,FIN,,,0,0,0,0,,,,,0,0,0,,,,,,,,,,,,,,,,,,,,,,,,,,4,
lat_rc_on_256k@rc,scored,lat,lat_rc_on_256k_n5,lat_rc_on_256k,rc,n5,lat,default,lat,blocking,1,,262144,3000,700,primary,4,3,0,0,0,0,2.3,ok,ok,,,,3000,no error,-1,,,3000,no error,0,0,0,0,1,0,0,0,1,,,,,,,,none,none,-1.0,-1.0,1696,1684,38.91,40.16,38.93,48.86,825,3000,1,1,,0,0,0,0,0,,,0,0,0,0,0,0,,,0,0,,,no error,no error,922.6,925.5,121.1,120.6,0,1,,,,,,,,,,,,,,,1,1,0,,1,2584977018.973,FIN,,,0,0,0,0,,,,,0,0,0,,,,,,,,,,,,,,,,,,,,,,,,,,5,
lat_rc_on_4k@rc,scored,lat,lat_rc_on_4k_n1,lat_rc_on_4k,rc,n1,lat,default,lat,blocking,1,,4096,3000,700,primary,4,3,0,0,0,0,1.8,ok,ok,,,,3000,no error,-1,,,3000,no error,0,0,0,0,1,0,0,0,1,,,,,,,,none,none,-1.0,-1.0,1356,1344,10.56,11.74,10.63,18.43,410,3000,1,1,,0,0,0,0,0,,,0,0,0,0,0,0,,,0,0,,,no error,no error,516.9,520.2,35.9,35.9,0,1,,,,,,,,,,,,,,,1,1,0,,1,2584917821.335,FIN,,,0,0,0,0,,,,,0,0,0,,,,,,,,,,,,,,,,,,,,,,,,,,1,
lat_rc_on_4k@rc,scored,lat,lat_rc_on_4k_n2,lat_rc_on_4k,rc,n2,lat,default,lat,blocking,1,,4096,3000,700,primary,4,3,0,0,0,0,1.8,ok,ok,,,,3000,no error,-1,,,3000,no error,0,0,0,0,1,0,0,0,1,,,,,,,,none,none,-1.0,-1.0,1357,1345,10.59,11.81,10.64,19.14,800,3000,1,1,,0,0,0,0,0,,,0,0,0,0,0,0,,,0,0,,,no error,no error,513.5,515.4,35.9,35.9,0,1,,,,,,,,,,,,,,,1,1,0,,1,2584931738.44,FIN,,,0,0,0,0,,,,,0,0,0,,,,,,,,,,,,,,,,,,,,,,,,,,2,
lat_rc_on_4k@rc,scored,lat,lat_rc_on_4k_n3,lat_rc_on_4k,rc,n3,lat,default,lat,blocking,1,,4096,3000,700,primary,4,3,0,0,0,0,1.8,ok,ok,,,,3000,no error,-1,,,3000,no error,0,0,0,0,1,0,0,0,1,,,,,,,,none,none,-1.0,-1.0,1357,1344,10.56,11.74,10.63,19.14,1733,3000,1,1,,0,0,0,0,0,,,0,0,0,0,0,0,,,0,0,,,no error,no error,517.2,519.8,35.9,35.9,0,1,,,,,,,,,,,,,,,1,1,0,,1,2584945723.063,FIN,,,0,0,0,0,,,,,0,0,0,,,,,,,,,,,,,,,,,,,,,,,,,,3,
lat_rc_on_4k@rc,scored,lat,lat_rc_on_4k_n4,lat_rc_on_4k,rc,n4,lat,default,lat,blocking,1,,4096,3000,700,primary,4,3,0,0,0,0,1.8,ok,ok,,,,3000,no error,-1,,,3000,no error,0,0,0,0,1,0,0,0,1,,,,,,,,none,none,-1.0,-1.0,1357,1344,10.56,11.74,10.63,14.75,0,3000,1,1,,0,0,0,0,0,,,0,0,0,0,0,0,,,0,0,,,no error,no error,508.0,510.7,36.0,35.7,0,1,,,,,,,,,,,,,,,1,1,0,,1,2584959704.663,FIN,,,0,0,0,0,,,,,0,0,0,,,,,,,,,,,,,,,,,,,,,,,,,,4,
lat_rc_on_4k@rc,scored,lat,lat_rc_on_4k_n5,lat_rc_on_4k,rc,n5,lat,default,lat,blocking,1,,4096,3000,700,primary,4,3,0,0,0,0,1.8,ok,ok,,,,3000,no error,-1,,,3000,no error,0,0,0,0,1,0,0,0,1,,,,,,,,none,none,-1.0,-1.0,1356,1345,10.59,11.71,10.64,15.42,2228,3000,1,1,,0,0,0,0,0,,,0,0,0,0,0,0,,,0,0,,,no error,no error,513.6,516.4,36.0,35.8,0,1,,,,,,,,,,,,,,,1,1,0,,0,,,,,0,0,0,0,,,,,0,0,0,,,,,,,,,,,,,,,,,,,,,,,,,,5,
bidirf_sym_b@pr,scored,rep_pr,bidirf_sym_b_n1,bidirf_sym_b,pr,n1,rep_pr,bidir,F1both,blocking,1,,4096,8000,67,primary,4,3,0,0,0,0,2.3,ok,ok,,,,8000,no error,-1,,,8000,no error,0,0,0,8000,1,0,0,0,1,8000,no error,8000,no error,0,0,1,none,none,-1.0,-1.0,1908,1920,11.10,13.54,12.66,11034.59,1124,8000,1,1,,1,1,0,1,1,LOCAL_QP_ERR,LOCAL_QP_ERR,0,1,1,0,0,0,,,0,0,,,no error,no error,846.7,830.9,121.4,121.5,0,1,-1.2280001640319824,2585058372.515,14.65399980545044,,,,LOCAL_QP_ERR,0.9060001373291016,,10.903000354766846,,"[0/0/0,1980/1980/0,0/0/0,0/0/0]",,,1,1,0,,0,,,FIN,,0,0,0,0,1,1,,,1,1,0,0xf,4,2,2,2,2,,0xf,4,2,2,2,2,,4,,,,,,,,,,,1,
bidirf_sym_b@pr,scored,rep_pr,bidirf_sym_b_n2,bidirf_sym_b,pr,n2,rep_pr,bidir,F1both,blocking,1,,4096,8000,74,primary,4,3,0,0,0,0,2.3,ok,ok,,,,8000,no error,-1,,,8000,no error,0,0,0,8000,1,0,0,0,1,8000,no error,8000,no error,0,0,1,none,none,-1.0,-1.0,1903,1911,10.91,13.63,12.54,10493.86,1713,8000,1,1,,1,1,0,1,1,LOCAL_QP_ERR,LOCAL_QP_ERR,1,0,0,1,1,1,,,0,0,,,no error,no error,852.9,838.3,121.9,121.5,0,1,-0.180999755859375,2585062090.867,21.997000217437744,,,,LOCAL_QP_ERR,0.6710000038146973,,10.65399980545044,,"[3428/3426/2,0/0/0,0/0/0,0/0/0]",,,1,1,0,,0,,,FIN,,0,0,0,0,1,1,0xf,qp_state,1,1,0,0xf,4,2,2,2,2,,0xf,4,2,2,2,2,,,3552,9836,,,,,,,,,2,
bidirf_sym_b@pr,scored,rep_pr,bidirf_sym_b_n3,bidirf_sym_b,pr,n3,rep_pr,bidir,F1both,blocking,1,,4096,8000,81,primary,4,3,0,0,0,0,2.3,ok,ok,,,,8000,no error,-1,,,8000,no error,0,0,0,8000,1,0,0,0,1,8000,no error,8000,no error,0,0,1,none,none,-1.0,-1.0,1899,1921,10.94,13.63,12.66,11096.61,2372,8000,1,1,,1,1,0,1,1,LOCAL_QP_ERR,LOCAL_QP_ERR,1,0,0,1,1,1,,,0,0,,,no error,no error,837.2,821.6,122.5,122.3,0,1,-1.3419995307922363,2585065829.4960003,30.625000476837158,,,,LOCAL_QP_ERR,0.7209997177124023,,11.251999855041504,,"[4746/4744/2,0/0/0,0/0/0,0/0/0]",,,1,1,0,,0,,,FIN,,0,0,0,0,1,1,0xf,qp_state,1,1,0,0xf,4,2,2,2,2,,0xf,4,2,2,2,2,,,3327,8957,,,,,,,,,3,
bidirf_sym_b@pr,bind,rep_pr,bidirf_sym_b_n4,bidirf_sym_b,pr,n4,rep_pr,bidir,F1both,blocking,1,,4096,8000,88,primary,4,3,0,1,7,0,0.0,,,,,,,,,,,,,,,,,,,,,,,,,,,,,,,,,,,,,,,,,0,0,,0,0,0,0,0,,,0,0,0,0,0,0,,,0,0,,,,,,,,,1,0,,,,,,,,,,,,,,,0,0,0,,0,,,,,0,0,0,0,,,,,0,0,0,,,,,,,,,,,,,,,,,,,,,,,,,,4,
bidirf_sym_b@pr,scored,rep_pr,bidirf_sym_b_n5,bidirf_sym_b,pr,n5,rep_pr,bidir,F1both,blocking,1,,4096,8000,95,primary,4,3,0,0,0,0,2.3,ok,ok,,,,8000,no error,-1,,,8000,no error,0,0,0,8000,1,0,0,0,1,8000,no error,8000,no error,0,0,1,none,none,-1.0,-1.0,2007,1919,10.91,13.63,12.55,10546.53,1295,8000,1,1,,1,1,0,1,1,LOCAL_QP_ERR,LOCAL_QP_ERR,1,0,0,1,1,1,,,0,0,,,no error,no error,816.5,801.0,121.9,122.0,0,1,-1.130000114440918,2585116313.645,16.93400001525879,,,,LOCAL_QP_ERR,0.6710000038146973,,10.689000129699707,,"[2592/2590/2,0/0/0,0/0/0,0/0/0]",,,1,1,0,,0,,,FIN,,0,0,0,0,1,1,0xf,qp_state,1,1,0,0xf,4,2,2,2,2,,0xf,4,2,2,2,2,,,3325,8963,,,,,,,,,5,
bidirf_sym_b@pr,scored,rep_pr,bidirf_sym_b_n6,bidirf_sym_b,pr,n6,rep_pr,bidir,F1both,blocking,1,,4096,8000,102,primary,4,3,0,0,0,0,2.3,ok,ok,,,,8000,no error,-1,,,8000,no error,0,0,0,8000,1,0,0,0,1,8000,no error,8000,no error,0,0,1,none,none,-1.0,-1.0,1918,1984,10.94,13.63,12.52,10166.11,3811,8000,1,1,,1,1,0,1,1,LOCAL_QP_ERR,LOCAL_QP_ERR,1,0,0,1,1,1,,,0,0,,,no error,no error,831.9,800.6,121.4,121.5,0,1,-0.1939997673034668,2585694417.0620003,48.51900005340576,,,,LOCAL_QP_ERR,0.6749997138977051,,10.310999870300293,,"[7624/7622/2,0/0/0,0/0/0,0/0/0]",,,1,1,0,,0,,,FIN,,0,0,0,0,1,1,0xf,qp_state,1,1,0,0xf,4,2,2,2,2,,0xf,4,2,2,2,2,,,3323,9020,,,,,,,,,6,
f1_b@pr,scored,rep_pr,f1_b_n1,f1_b,pr,n1,rep_pr,default,F1,blocking,1,,262144,120,637,primary,4,3,0,0,0,0,3.8,ok,ok,,,,120,no error,-1,,,120,no error,0,0,0,120,1,0,0,0,1,,,,,,,,none,none,-1.0,-1.0,8472,8728,43.94,53.25,142.87,11855.94,40,120,1,1,,1,0,0,1,0,LOCAL_QP_ERR,,1,0,0,1,0,0,,,0,0,,,no error,no error,708.4,655.5,1818.0,1802.8,0,1,,2584987981.925,601.3700003623962,,,,LOCAL_QP_ERR,0.9609999656677246,,12.468999862670898,,"[82/80/2,0/0/0,0/0/0,0/0/0]",,,1,1,0,,0,,,FIN,,0,0,0,0,1,1,0xf,qp_state,1,1,0,0xf,4,2,2,2,2,,0xf,4,2,2,2,2,,,3337,10603,,,,,,,,,1,
f1_b@pr,scored,rep_pr,f1_b_n2,f1_b,pr,n2,rep_pr,default,F1,blocking,1,,262144,120,774,primary,4,3,0,0,0,0,3.8,ok,ok,,,,120,no error,-1,,,120,no error,0,0,0,120,1,0,0,0,1,,,,,,,,none,none,-1.0,-1.0,8469,8694,43.94,52.61,134.11,10771.33,50,120,1,1,,1,0,0,1,0,LOCAL_QP_ERR,,1,0,0,1,0,0,,,0,0,,,no error,no error,703.1,657.0,1816.7,1801.8,0,1,,2584993371.477,738.3790001869202,,,,LOCAL_QP_ERR,14.327999591827393,,24.822999954223633,,"[102/100/2,0/0/0,0/0/0,0/0/0]",,,1,1,0,,0,,,FIN,,0,0,0,0,1,1,0xf,qp_state,1,1,0,0xf,4,2,2,2,2,,0xf,4,2,2,2,2,,,3313,10405,,,,,,,,,2,
f1_b@pr,scored,rep_pr,f1_b_n3,f1_b,pr,n3,rep_pr,default,F1,blocking,1,,262144,120,911,primary,4,3,0,0,0,0,3.8,ok,ok,,,,120,no error,-1,,,120,no error,0,0,0,120,1,0,0,0,1,,,,,,,,none,none,-1.0,-1.0,8468,8675,43.94,53.34,138.26,11327.55,59,120,1,1,,1,0,0,1,0,LOCAL_QP_ERR,,1,0,0,1,0,0,,,0,0,,,no error,no error,706.1,664.2,1816.9,1802.2,0,1,,2584998792.301,875.0830001831055,,,,LOCAL_QP_ERR,13.0,,24.074999809265137,,"[120/118/2,0/0/0,0/0/0,0/0/0]",,,1,1,0,,0,,,FIN,,0,0,0,0,1,1,0xf,qp_state,1,1,0,0xf,4,2,2,2,2,,0xf,4,2,2,2,2,,,3438,10688,,,,,,,,,3,
f1_b@pr,scored,rep_pr,f1_b_n4,f1_b,pr,n4,rep_pr,default,F1,blocking,1,,262144,120,1048,primary,4,3,0,0,0,0,3.8,ok,ok,,,,120,no error,-1,,,120,no error,0,0,0,120,1,0,0,0,1,,,,,,,,none,none,-1.0,-1.0,8468,8671,43.94,54.30,137.98,11276.22,68,120,1,1,,1,0,0,1,0,LOCAL_QP_ERR,,1,0,0,1,0,0,,,0,0,,,no error,no error,707.1,665.8,1817.0,1802.0,0,1,,2585004167.096,1012.1240000724792,,,,LOCAL_QP_ERR,11.429999828338623,,22.3919997215271,,"[138/136/2,0/0/0,0/0/0,0/0/0]",,,1,1,0,,0,,,FIN,,0,0,0,0,1,1,0xf,qp_state,1,1,0,0xf,4,2,2,2,2,,0xf,4,2,2,2,2,,,3276,10544,,,,,,,,,4,
f1_b@pr,scored,rep_pr,f1_b_n5,f1_b,pr,n5,rep_pr,default,F1,blocking,1,,262144,120,1185,primary,4,3,0,0,0,0,3.8,ok,ok,,,,120,no error,-1,,,120,no error,0,0,0,120,1,0,0,0,1,,,,,,,,none,none,-1.0,-1.0,8469,8667,43.94,54.53,140.41,11537.31,77,120,1,1,,1,0,0,1,0,LOCAL_QP_ERR,,1,0,0,1,0,0,,,0,0,,,no error,no error,704.3,666.8,1817.1,1802.6,0,1,,2585009552.897,1149.155999660492,,,,LOCAL_QP_ERR,9.773000240325928,,21.068000316619873,,"[156/154/2,0/0/0,0/0/0,0/0/0]",,,1,1,0,,0,,,FIN,,0,0,0,0,1,1,0xf,qp_state,1,1,0,0xf,4,2,2,2,2,,0xf,4,2,2,2,2,,,3344,10398,,,,,,,,,5,
f2rel_b@pr,scored,rep_pr,f2rel_b_n1,f2rel_b,pr,n1,rep_pr,default,F2,blocking,1,,262144,120,700,primary,4,3,0,4,3,0,2.3,device_error,async_error_kernel_stuck,,,,10,remote process exited or there was a network error,10,,,,,,,,,,,,,,,,,,,,,remote process exited or there was a network error,remote process exited or there was a network error,156.8,158.0,1806,9058,47.26,55.14,47.88,55.14,0,10,1,1,,0,0,0,1,0,REM_ACCESS,,0,0,0,0,0,0,class REM_ACCESS is not recoverable,the peer declined,0,0,,,no error,no error,857.5,859.1,156.8,2158.8,0,0,,,,,,,REM_ACCESS,,,,,,,,1,1,0,,0,,,FIN,2585191576.381,0,0,1,0,1,1,,,0,0,0,,,2,2,2,2,,,,2,2,2,2,,,,,,,,,,,,,1,
f2rel_b@pr,scored,rep_pr,f2rel_b_n2,f2rel_b,pr,n2,rep_pr,default,F2,blocking,1,,262144,120,700,primary,4,3,0,4,3,0,2.3,device_error,async_error_kernel_stuck,,,,10,remote process exited or there was a network error,10,,,,,,,,,,,,,,,,,,,,,remote process exited or there was a network error,remote process exited or there was a network error,155.0,156.2,1800,9049,45.95,53.18,47.04,53.18,0,10,1,1,,0,0,0,1,0,REM_ACCESS,,0,0,0,0,0,0,class REM_ACCESS is not recoverable,the peer declined,0,0,,,no error,no error,869.3,871.8,155.2,2156.4,0,0,,,,,,,REM_ACCESS,,,,,,,,1,1,0,,0,,,FIN,2585197328.595,0,0,1,0,1,1,,,0,0,0,,,2,2,2,2,,,,2,2,2,2,,,,,,,,,,,,,2,
f2rel_b@pr,scored,rep_pr,f2rel_b_n3,f2rel_b,pr,n3,rep_pr,default,F2,blocking,1,,262144,120,700,primary,4,3,0,4,3,0,2.3,device_error,async_error_kernel_stuck,,,,10,remote process exited or there was a network error,10,,,,,,,,,,,,,,,,,,,,,remote process exited or there was a network error,remote process exited or there was a network error,155.3,156.4,1800,9102,45.98,53.28,46.91,53.28,0,10,1,1,,0,0,0,1,0,REM_ACCESS,,0,0,0,0,0,0,class REM_ACCESS is not recoverable,the peer declined,0,0,,,no error,no error,858.1,859.0,155.3,2157.3,0,0,,,,,,,REM_ACCESS,,,,,,,,1,1,0,,0,,,FIN,2585203106.306,0,0,1,0,1,1,,,0,0,0,,,2,2,2,2,,,,2,2,2,2,,,,,,,,,,,,,3,
f2rel_b@pr,scored,rep_pr,f2rel_b_n4,f2rel_b,pr,n4,rep_pr,default,F2,blocking,1,,262144,120,700,primary,4,3,0,4,3,0,2.3,device_error,async_error_kernel_stuck,,,,10,remote process exited or there was a network error,10,,,,,,,,,,,,,,,,,,,,,remote process exited or there was a network error,remote process exited or there was a network error,154.9,156.1,1799,9124,46.98,53.34,46.59,53.34,0,10,1,1,,0,0,0,1,0,REM_ACCESS,,0,0,0,0,0,0,class REM_ACCESS is not recoverable,the peer declined,0,0,,,no error,no error,864.7,866.0,155.1,2157.3,0,0,,,,,,,REM_ACCESS,,,,,,,,1,1,0,,0,,,FIN,2585208902.392,0,0,1,0,1,1,,,0,0,0,,,2,2,2,2,,,,2,2,2,2,,,,,,,,,,,,,4,
f2rel_b@pr,scored,rep_pr,f2rel_b_n5,f2rel_b,pr,n5,rep_pr,default,F2,blocking,1,,262144,120,700,primary,4,3,0,4,3,0,2.3,device_error,async_error_kernel_stuck,,,,10,remote process exited or there was a network error,10,,,,,,,,,,,,,,,,,,,,,remote process exited or there was a network error,remote process exited or there was a network error,154.3,155.6,1797,9108,45.98,55.33,47.10,55.33,0,10,1,1,,0,0,0,1,0,REM_ACCESS,,0,0,0,0,0,0,class REM_ACCESS is not recoverable,the peer declined,0,0,,,no error,no error,867.9,870.1,154.7,2156.2,0,0,,,,,,,REM_ACCESS,,,,,,,,1,1,0,,0,,,FIN,2585214697.454,0,0,1,0,1,1,,,0,0,0,,,2,2,2,2,,,,2,2,2,2,,,,,,,,,,,,,5,
f3_b@pr,scored,rep_pr,f3_b_n1,f3_b,pr,n1,rep_pr,default,F3,blocking,1,,262144,120,637,primary,4,3,0,0,0,0,7.3,ok,ok,,,,120,no error,-1,,,120,no error,0,0,0,120,1,0,0,0,1,,,,,,,,none,none,-1.0,-1.0,22637,22836,43.94,53.28,29667.97,3554825.12,40,120,1,1,,0,1,0,1,0,RETRY_EXC,,1,0,0,1,0,0,,,0,0,,,no error,no error,656.5,621.4,5360.4,5345.6,0,1,,2585014272.019,601.5310001373291,,,,RETRY_EXC,3552.128999710083,,3555.2220001220703,,[82/80/2],,,1,1,0,,0,,,FIN,,0,0,0,0,1,1,0x1,pair,1,1,0,0x1,1,2,0,0,0,,0x1,1,2,0,0,0,,,756,3033,,,,,,,,,1,
f3_b@pr,scored,rep_pr,f3_b_n2,f3_b,pr,n2,rep_pr,default,F3,blocking,1,,262144,120,774,primary,4,3,0,0,0,0,7.3,ok,ok,,,,120,no error,-1,,,120,no error,0,0,0,120,1,0,0,0,1,,,,,,,,none,none,-1.0,-1.0,22478,22655,43.94,53.28,29328.98,3514209.22,50,120,1,1,,0,1,0,1,0,RETRY_EXC,,1,0,0,1,0,0,,,0,0,,,no error,no error,704.3,667.3,5320.2,5305.0,0,1,,2585023159.189,739.1950001716614,,,,RETRY_EXC,3523.3369998931885,,3527.378999710083,,[102/100/2],,,1,1,0,,0,,,FIN,,0,0,0,0,1,1,0x1,pair,1,1,0,0x1,1,2,0,0,0,,0x1,1,2,0,0,0,,,775,3118,,,,,,,,,2,
f3_b@pr,scored,rep_pr,f3_b_n3,f3_b,pr,n3,rep_pr,default,F3,blocking,1,,262144,120,911,primary,4,3,0,0,0,0,7.8,ok,ok,,,,120,no error,-1,,,120,no error,0,0,0,120,1,0,0,0,1,,,,,,,,none,none,-1.0,-1.0,23469,23634,43.97,53.22,31389.69,3761428.45,59,120,1,1,,0,1,0,1,0,RETRY_EXC,,1,0,0,1,0,0,,,0,0,,,no error,no error,942.2,907.3,5567.6,5552.1,0,1,,2585032040.091,876.170000076294,,,,RETRY_EXC,3769.281000137329,,3773.053999900818,,[120/118/2],,,1,1,0,,0,,,FIN,,0,0,0,0,1,1,0x1,pair,1,1,0,0x1,1,2,0,0,0,,0x1,1,2,0,0,0,,,760,2976,,,,,,,,,3,
f3_b@pr,scored,rep_pr,f3_b_n4,f3_b,pr,n4,rep_pr,default,F3,blocking,1,,262144,120,1048,primary,4,3,0,0,0,0,7.8,ok,ok,,,,120,no error,-1,,,120,no error,0,0,0,120,1,0,0,0,1,,,,,,,,none,none,-1.0,-1.0,23563,23722,44.29,53.22,31583.67,3784704.58,68,120,1,1,,0,1,0,1,0,RETRY_EXC,,1,0,0,1,0,0,,,0,0,,,no error,no error,925.9,889.5,5590.5,5575.5,0,1,,2585041413.257,1013.2109999656677,,,,RETRY_EXC,3791.3229999542236,,3794.6940002441406,,[138/136/2],,,1,1,0,,0,,,FIN,,0,0,0,0,1,1,0x1,pair,1,1,0,0x1,1,2,0,0,0,,0x1,1,2,0,0,0,,,770,3120,,,,,,,,,4,
f3_b@pr,scored,rep_pr,f3_b_n5,f3_b,pr,n5,rep_pr,default,F3,blocking,1,,262144,120,1185,primary,4,3,0,0,0,0,7.3,ok,ok,,,,120,no error,-1,,,120,no error,0,0,0,120,1,0,0,0,1,,,,,,,,none,none,-1.0,-1.0,22551,22819,44.22,53.31,29483.12,3532637.70,77,120,1,1,,0,1,0,1,0,RETRY_EXC,,1,0,0,1,0,0,,,0,0,,,no error,no error,672.5,618.1,5338.6,5323.7,0,1,,2585050792.862,1149.4800000190735,,,,RETRY_EXC,3538.5999999046326,,3541.794000148773,,[156/154/2],,,1,1,0,,0,,,FIN,,0,0,0,0,1,1,0x1,pair,1,1,0,0x1,1,2,0,0,0,,0x1,1,2,0,0,0,,,758,3083,,,,,,,,,5,
f4_b@pr,scored,rep_pr,f4_b_n1,f4_b,pr,n1,rep_pr,default,F4,blocking,1,,262144,200,700,primary,4,3,0,4,255,0,8.8,device_error,,,,,106,remote process exited or there was a network error,106,,,,,,,,,,,,,,,,,,,,,remote process exited or there was a network error,,6919.0,,28855,,47.10,51.78,46.97,58.69,0,106,1,1,,0,0,0,1,0,RETRY_EXC,,0,0,0,0,0,0,RETRY_EXC and the peer's socket shows FIN,,0,0,,,no error,,580.7,,6919.3,,0,0,,2585141820.0620003,3139.509000301361,,,,RETRY_EXC,3778.2479996681213,,,,,,,1,1,0,,1,2585141820.253,FIN,,2585145599.424,1,0,0,0,1,1,,,0,0,0,,,2,2,2,2,,,,,,,,,,,,,,,,,,,,1,3779.3619995117188
f4_b@pr,scored,rep_pr,f4_b_n2,f4_b,pr,n2,rep_pr,default,F4,blocking,1,,262144,200,700,primary,4,3,0,4,255,0,9.3,device_error,,,,,112,remote process exited or there was a network error,112,,,,,,,,,,,,,,,,,,,,,remote process exited or there was a network error,,7104.2,,29597,,45.95,50.08,46.22,55.10,0,112,1,1,,0,0,0,1,0,RETRY_EXC,,0,0,0,0,0,0,RETRY_EXC and the peer's socket shows FIN,,0,0,,,no error,,892.5,,7104.2,,0,0,,2585152250.847,3286.465000152588,,,,RETRY_EXC,3816.0390000343323,,,,,,,1,1,0,,1,2585152250.998,FIN,,2585156068.286,1,0,0,0,1,1,,,0,0,0,,,2,2,2,2,,,,,,,,,,,,,,,,,,,,2,3817.4389996528625
f4_b@pr,scored,rep_pr,f4_b_n3,f4_b,pr,n3,rep_pr,default,F4,blocking,1,,262144,200,700,primary,4,3,0,4,255,0,9.3,device_error,,,,,121,remote process exited or there was a network error,121,,,,,,,,,,,,,,,,,,,,,remote process exited or there was a network error,,7395.5,,30761,,45.18,49.95,45.24,53.95,0,121,1,1,,0,0,0,1,0,RETRY_EXC,,0,0,0,0,0,0,RETRY_EXC and the peer's socket shows FIN,,0,0,,,no error,,612.8,,7395.6,,0,0,,2585163233.4309998,3554.833999633789,,,,RETRY_EXC,3839.00400018692,,,,,,,1,1,0,,1,2585163233.608,FIN,,2585167073.928,1,0,0,0,1,1,,,0,0,0,,,2,2,2,2,,,,,,,,,,,,,,,,,,,,3,3840.4970002174377
f4_b@pr,scored,rep_pr,f4_b_n4,f4_b,pr,n4,rep_pr,default,F4,blocking,1,,262144,200,700,primary,4,3,0,4,255,0,9.3,device_error,,,,,127,remote process exited or there was a network error,127,,,,,,,,,,,,,,,,,,,,,remote process exited or there was a network error,,7377.4,,30632,,45.12,49.63,45.38,56.64,0,127,1,1,,0,0,0,1,0,RETRY_EXC,,0,0,0,0,0,0,RETRY_EXC and the peer's socket shows FIN,,0,0,,,no error,,632.0,,7377.4,,0,0,,2585174197.065,3763.420000076294,,,,RETRY_EXC,3612.5229997634888,,,,,,,1,1,0,,1,2585174197.198,FIN,,2585177810.964,1,0,0,0,1,1,,,0,0,0,,,2,2,2,2,,,,,,,,,,,,,,,,,,,,4,3613.8990001678467
f4_b@pr,scored,rep_pr,f4_b_n5,f4_b,pr,n5,rep_pr,default,F4,blocking,1,,262144,200,700,primary,4,3,0,4,255,0,8.8,device_error,,,,,104,remote process exited or there was a network error,104,,,,,,,,,,,,,,,,,,,,,remote process exited or there was a network error,,6834.7,,28513,,43.97,48.58,45.04,55.30,0,104,1,1,,0,0,0,1,0,RETRY_EXC,,0,0,0,0,0,0,RETRY_EXC and the peer's socket shows FIN,,0,0,,,no error,,661.8,,6834.9,,0,0,,2585184224.9090004,3048.058000564575,,,,RETRY_EXC,3784.967999458313,,,,,,,1,1,0,,1,2585184225.074,FIN,,2585188011.446,1,0,0,0,1,1,,,0,0,0,,,2,2,2,2,,,,,,,,,,,,,,,,,,,,5,3786.5369997024536
mt256_f1_b@pr,scored,rep_pr,mt256_f1_b_n1,mt256_f1_b,pr,n1,rep_pr,burst,F1,blocking,1,,256,300,20000,primary,4,3,0,0,0,0,2.3,ok,ok,256,1,0,300,no error,-1,0,15683.6,300,no error,0,0,0,76800,256,0,0,0,1,,,,,,,,none,none,-1.0,-1.0,2387,2494,895.36,1091.97,946.14,15328.96,33,300,1,1,,1,0,0,1,0,LOCAL_QP_ERR,,1,0,0,1,0,0,,,0,0,,,no error,no error,738.5,708.5,292.1,292.1,0,1,,2585120036.201,34.66800022125244,,,,LOCAL_QP_ERR,0.9559998512268066,,14.764999866485596,,"[17062/16797/265,0/0/0,0/0/0,0/0/0]",,,1,1,0,,0,,,FIN,,0,0,0,0,1,1,0xf,qp_state,1,1,0,0xf,4,2,2,2,2,,0xf,4,2,2,2,2,,,3189,13740,,,,,,,,,1,
mt256_f1_b@pr,scored,rep_pr,mt256_f1_b_n2,mt256_f1_b,pr,n2,rep_pr,burst,F1,blocking,1,,256,300,20000,primary,4,3,0,0,0,0,2.3,ok,ok,256,1,0,300,no error,-1,0,15194.9,300,no error,0,0,0,76800,256,0,0,0,1,,,,,,,,none,none,-1.0,-1.0,2447,2547,964.58,1136.38,995.95,14958.59,46,300,1,1,,1,0,0,1,0,LOCAL_QP_ERR,,1,0,0,1,0,0,,,0,0,,,no error,no error,729.5,701.5,306.9,307.1,0,1,,2585123769.812,47.75399971008301,,,,LOCAL_QP_ERR,0.9300003051757812,,14.320000171661377,,"[23744/23477/267,0/0/0,0/0/0,0/0/0]",,,1,1,0,,0,,,FIN,,0,0,0,0,1,1,0xf,qp_state,1,1,0,0xf,4,2,2,2,2,,0xf,4,2,2,2,2,,,3265,13094,,,,,,,,,2,
mt256_f1_b@pr,scored,rep_pr,mt256_f1_b_n3,mt256_f1_b,pr,n3,rep_pr,burst,F1,blocking,1,,256,300,20000,primary,4,3,0,0,0,0,2.3,ok,ok,256,1,0,300,no error,-1,0,14962.9,300,no error,0,0,0,76800,256,0,0,0,1,,,,,,,,none,none,-1.0,-1.0,2339,2487,829.12,1101.82,917.84,14096.38,60,300,1,1,,1,0,0,1,0,LOCAL_QP_ERR,,1,0,0,1,0,0,,,0,0,,,no error,no error,751.0,716.1,284.5,284.4,0,1,,2585127532.695,59.754000186920166,,,,LOCAL_QP_ERR,1.3979997634887695,,14.136999607086182,,"[30396/30148/248,0/0/0,0/0/0,0/0/0]",,,1,1,0,,0,,,FIN,,0,0,0,0,1,1,0xf,qp_state,1,1,0,0xf,4,2,2,2,2,,0xf,4,2,2,2,2,,,3300,11941,,,,,,,,,3,
mt256_f1_b@pr,scored,rep_pr,mt256_f1_b_n4,mt256_f1_b,pr,n4,rep_pr,burst,F1,blocking,1,,256,300,20000,primary,4,3,0,0,0,0,2.3,ok,ok,256,1,0,300,no error,-1,0,15028.6,300,no error,0,0,0,76800,256,0,0,0,1,,,,,,,,none,none,-1.0,-1.0,2411,2544,946.56,1108.16,964.99,14152.00,73,300,1,1,,1,0,0,1,0,LOCAL_QP_ERR,,1,0,0,1,0,0,,,0,0,,,no error,no error,743.0,706.7,298.1,298.1,0,1,,2585131274.494,74.20699977874756,,,,LOCAL_QP_ERR,1.4010000228881836,,14.183000087738037,,"[37044/36781/263,0/0/0,0/0/0,0/0/0]",,,1,1,0,,0,,,FIN,,0,0,0,0,1,1,0xf,qp_state,1,1,0,0xf,4,2,2,2,2,,0xf,4,2,2,2,2,,,3386,11841,,,,,,,,,4,
mt256_f1_b@pr,scored,rep_pr,mt256_f1_b_n5,mt256_f1_b,pr,n5,rep_pr,burst,F1,blocking,1,,256,300,20000,primary,4,3,0,0,0,0,2.3,ok,ok,256,1,0,300,no error,-1,0,14994.6,300,no error,0,0,0,76800,256,0,0,0,1,,,,,,,,none,none,-1.0,-1.0,2352,2444,864.13,1091.58,918.78,14409.76,87,300,1,1,,1,0,0,1,0,LOCAL_QP_ERR,,1,0,0,1,0,0,,,0,0,,,no error,no error,758.7,732.2,283.2,283.1,0,1,,2585135001.439,85.59700012207031,,,,LOCAL_QP_ERR,2.0959997177124023,,14.13100004196167,,"[43688/43429/259,0/0/0,0/0/0,0/0/0]",,,1,1,0,,0,,,FIN,,0,0,0,0,1,1,0xf,qp_state,1,1,0,0xf,4,2,2,2,2,,0xf,4,2,2,2,2,,,3326,11814,,,,,,,,,5,
