label,T,R,run,trial,nominal_ms,detect_ms,status,vendor,sampler,d_lat,d_adp,bg_lat,bg_adp,n_adp,n_lat,t_last_adp,t_first_lat,gap_adp_to_lat,lat_gap_med,lat_gap_min,lat_gap_max,final_lat_minus_det,n_own_xmit,bg_pairs,max_bracket_ms,max_round_ms,adp_times_ms,lat_times_ms,own_xmit_ms
freshP,20,7,1472293451798779,1,4294.967,58458.152,12,0x81,1,6,11,0,0,11,6,6916.54,15506.81,8590.27,8590.16,8590.07,8590.45,-0.39,17,184,0.60,2.21,12.72 21.15 37.99 71.31 138.66 272.85 473.95 1010.94 2084.68 3695.33 6916.54,15506.81 24096.88 32687.04 41277.49 49867.69 58457.76,-0.15 13.25 21.30 37.75 71.45 138.42 272.61 474.10 1011.09 2084.82 3695.47 6916.69 15506.95 24097.02 32687.18 41277.25 49867.45
freshP,20,7,1472353260137461,1,4294.967,58781.127,12,0x81,1,6,11,0,0,11,6,7240.17,15830.04,8589.87,8590.16,8589.99,8590.37,-0.23,17,184,0.60,2.38,8.88 17.41 34.04 59.14 126.31 260.66 528.96 1065.95 1871.12 4018.75 7240.17,15830.04 24420.20 33010.57 41600.81 50190.80 58780.89,0.12 9.03 17.17 34.19 59.28 126.45 260.42 529.10 1065.71 1871.27 4018.90 7239.93 15830.19 24420.35 33010.72 41600.57 50190.95
freshP,20,7,1472413397232112,1,4294.967,58775.463,12,0x81,1,6,11,0,0,11,6,7234.25,15824.53,8590.28,8590.07,8589.88,8590.44,-0.22,17,184,0.60,4.75,11.45 19.88 36.76 70.46 120.62 255.01 523.37 1060.09 1865.66 4013.21 7234.25,15824.53 24414.57 33004.85 41594.92 50185.36 58775.24,0.10 11.59 20.02 36.91 70.22 120.77 254.77 523.51 1060.24 1865.42 4012.97 7234.39 15824.67 24414.72 33005.00 41595.07 50185.12
freshP,20,7,1472473523907776,1,4294.967,58779.664,12,0x81,1,6,8,0,0,8,6,7238.66,15828.84,8590.18,8590.17,8589.79,8590.45,-0.01,14,182,0.59,1.64,91.36 158.30 259.17 527.57 1064.47 1869.58 4017.39 7238.66,15828.84 24419.00 33009.24 41599.03 50189.20 58779.65,0.15 91.51 158.44 258.93 527.71 1064.62 1869.72 4017.15 7238.80 15828.98 24418.76 33009.00 41599.17 50189.34
freshP,20,7,1472533665058880,1,4294.967,58769.741,12,0x81,1,6,9,0,0,9,6,7228.75,15818.95,8590.21,8590.23,8589.81,8590.32,-0.31,15,182,0.60,0.60,47.72 81.38 148.27 249.30 517.65 1054.26 1859.92 4007.27 7228.75,15818.95 24408.79 32999.01 41589.30 50179.62 58769.43,0.06 47.87 81.53 148.41 249.06 517.80 1054.41 1859.68 4007.41 7228.51 15818.71 24408.93 32999.16 41589.45 50179.37
freshP,20,7,1472593790882468,1,4294.967,58775.182,12,0x81,1,6,11,0,0,11,6,7233.95,15824.28,8590.33,8590.07,8590.02,8590.41,-0.16,17,184,0.61,0.64,11.40 19.83 36.31 70.02 120.19 254.49 523.04 1059.77 1865.15 4012.60 7233.95,15824.28 24414.35 33004.39 41594.80 50185.00 58775.02,0.07 11.55 19.59 36.45 70.17 120.34 254.63 523.19 1059.91 1865.29 4012.75 7234.10 15824.43 24414.49 33004.53 41594.95 50185.14
freshP,20,7,1472653904568371,1,4294.967,58792.451,12,0x81,1,6,10,0,0,10,6,7251.44,15841.64,8590.20,8590.16,8589.99,8590.32,-0.10,16,184,0.60,1.83,20.08 37.09 70.69 137.53 271.96 540.43 1077.24 1882.40 4029.96 7251.44,15841.64 24431.63 33021.79 41612.11 50202.12 58792.35,0.14 20.23 36.84 70.45 137.68 271.72 540.19 1077.39 1882.54 4030.10 7251.59 15841.40 24431.78 33021.94 41612.26 50202.26
freshP,20,7,1472714043547941,1,4294.967,58784.539,12,0x81,1,6,10,0,0,10,6,7243.61,15833.61,8589.99,8590.12,8590.08,8590.21,-0.25,16,184,0.60,1.78,20.59 37.40 62.62 129.53 263.77 532.35 1069.14 1874.56 4022.22 7243.61,15833.61 24423.72 33013.80 41604.02 50194.19 58784.29,0.11 20.73 37.54 62.77 129.68 263.91 532.49 1069.29 1874.70 4022.37 7243.37 15833.75 24423.87 33013.95 41604.16 50194.33
freshP,20,7,1472774169116056,1,4294.967,58790.414,12,0x81,1,6,9,0,0,9,6,7249.19,15839.60,8590.41,8590.03,8589.93,8590.32,-0.21,15,184,0.59,3.92,34.76 68.42 135.72 269.88 538.31 1075.04 1880.61 4028.09 7249.19,15839.60 24429.61 33019.92 41609.95 50200.28 58790.21,0.10 34.90 68.56 135.48 270.03 538.45 1075.19 1880.37 4028.24 7249.34 15839.36 24429.76 33019.68 41610.10 50200.04
freshP,20,7,1472834296029609,1,4294.967,58794.367,12,0x81,1,6,10,0,0,10,6,7253.12,15843.27,8590.15,8590.26,8589.98,8590.42,0.02,16,182,0.62,1.78,22.23 38.68 72.33 139.59 273.84 542.16 1079.04 1884.28 4031.98 7253.12,15843.27 24433.70 33023.68 41613.96 50204.22 58794.39,0.14 21.99 38.82 72.47 139.73 273.98 542.30 1079.19 1884.42 4032.12 7253.27 15843.42 24433.84 33023.83 41614.10 50203.97
