dir,stem,cell,fault,wait,trial,ts,base,diag,bytes,iters,r0rc,r1rc,left,wall_s,r0_outcome,r1_outcome,tx_done,tx_rc,tx_rc_it,rx_done,rx_rc,dev_bad_slots,host_bad_slots,host_missing_slots,final_signal,expected_final,signal_exact,r0_async,r1_async,r0_async_ms,r1_async_ms,r0_gin_err_warn,r1_gin_err_warn,lat_p50_us,lat_p99_us,lat_mean_us,lat_max_us,lat_max_it,lat_n,ts_on_r0,ts_on_r1,n_fires_r0,n_fires_r1,n_q4_r0,q4_class,q4_fp,n_rec_init,n_rec_resp,decl_r0,decl_r1,teardown_r0,teardown_r1,launch_r0,kernel_ms_r0,kernel_ms_r1,teardown_ms_r0,teardown_ms_r1,tx_err_n,tx_err_first_lat_us,tx_err_later_max_lat_us,r0_async_first_ms,split_n,split_noack,n_watchdog_r0,r1_q4,r0env,kernel_exit_after_async_ms,post_abort_running_r0,post_abort_state_r0,post_abort_exit_ms_r0,post_abort_state_r1,td_r0,td_join_ms_r0,td_round_r0,td_poisoned_r0,td_poison_failed_r0,td_r1,td_join_ms_r1,td_round_r1,td_poisoned_r1,td_poison_failed_r1,bind_fail,transparent_ok,fault_mono_r0,fault_after_launch_ms,fault_to_mbx_ms,stall_to_watchdog_ms,fault_to_watchdog_ms,mbx_to_watchdog_ms,fault_to_decline_ms,mbx_to_decline_ms,fault_to_resumed_ms,mbx_to_resumed_us,S/U/n
v2_bounds,abortmid_b_n10,abortmid_b,F1,blocking,n10,1,0,,262144,120,3,3,0,5.3,async_error_kernel_stuck,async_error_kernel_stuck,,,,,,,,,,,,remote process exited or there was a network error,remote process exited or there was a network error,3145.6,3751.2,2331,8435,,,,,,,1,1,1,0,1,LOCAL_QP_ERR,5/0xf5,0,0,the communicator is being destroyed,the peer declined,no error,no error,1474910034.245,3445.7,5752.0,604.3,5099.3,,,,3145.6,,,1,0,NCCL_GIN_TS_TEST_STALL=8000@quiesce+GIN_TS_ASYNC_GRACE_S=0.3,-1.0,0,exited,0.0,exited,1,3.6,1,4,0,1,0.5,0,4,0,0,0,1474911169.777,1135.5320000648499,9.108999967575073,1999.8220000267029,2009.973000049591,2000.864000082016,2614.026000022888,2604.917000055313,,,
v2_bounds,abortmid_b_n1,abortmid_b,F1,blocking,n1,1,0,,262144,120,3,3,0,4.8,async_error_kernel_stuck,async_error_kernel_stuck,,,,,,,,,,,,remote process exited or there was a network error,remote process exited or there was a network error,2618.7,3224.2,2361,8438,,,,,,,1,1,1,0,1,LOCAL_QP_ERR,5/0xf5,0,0,the communicator is being destroyed,the peer declined,no error,no error,1474791417.364,2919.3,5225.0,602.9,5078.3,,,,2618.7,,,1,0,NCCL_GIN_TS_TEST_STALL=8000@quiesce+GIN_TS_ASYNC_GRACE_S=0.3,-1.0,0,exited,0.0,exited,1,3.0,1,4,0,1,0.7,0,4,0,0,0,1474792020.347,602.9829998016357,15.04200005531311,1999.7839999198914,2015.4750001430511,2000.433000087738,2619.6080000400543,2604.565999984741,,,
v2_bounds,abortmid_b_n2,abortmid_b,F1,blocking,n2,1,0,,262144,120,3,3,0,5.2,async_error_kernel_stuck,async_error_kernel_stuck,,,,,,,,,,,,remote process exited or there was a network error,remote process exited or there was a network error,2754.7,3360.0,2360,8437,,,,,,,1,1,1,0,1,LOCAL_QP_ERR,5/0xf5,0,0,the communicator is being destroyed,the peer declined,no error,no error,1474804358.829,3055.1,5361.1,983.8,5071.9,,,,2754.7,,,1,0,NCCL_GIN_TS_TEST_STALL=8000@quiesce+GIN_TS_ASYNC_GRACE_S=0.3,-1.0,0,exited,0.0,exited,1,3.2,1,4,0,1,0.3,0,4,0,0,0,1474805097.941,739.1119999885559,14.42199993133545,1999.8359999656677,2015.358999967575,2000.9370000362396,2619.3440001010895,2604.922000169754,,,
v2_bounds,abortmid_b_n3,abortmid_b,F1,blocking,n3,1,0,,262144,120,3,3,0,5.2,async_error_kernel_stuck,async_error_kernel_stuck,,,,,,,,,,,,remote process exited or there was a network error,remote process exited or there was a network error,2889.9,3495.3,2347,8389,,,,,,,1,1,1,0,1,LOCAL_QP_ERR,5/0xf5,0,0,the communicator is being destroyed,the peer declined,no error,no error,1474817453.979,3191.1,5495.9,850.8,5074.0,,,,2889.9,,,1,0,NCCL_GIN_TS_TEST_STALL=8000@quiesce+GIN_TS_ASYNC_GRACE_S=0.3,-1.0,0,exited,0.0,exited,1,2.4,1,4,0,1,0.2,0,4,0,0,0,1474818330.515,876.5360000133514,12.441999912261963,1999.819000005722,2013.0920000076294,2000.6500000953674,2617.077999830246,2604.635999917984,,,
v2_bounds,abortmid_b_n4,abortmid_b,F1,blocking,n4,1,0,,262144,120,3,3,0,5.3,async_error_kernel_stuck,async_error_kernel_stuck,,,,,,,,,,,,remote process exited or there was a network error,remote process exited or there was a network error,3024.7,3630.2,2367,8439,,,,,,,1,1,1,0,1,LOCAL_QP_ERR,5/0xf5,0,0,the communicator is being destroyed,the peer declined,no error,no error,1474830668.827,3326.2,5631.5,721.5,5066.7,,,,3024.7,,,1,0,NCCL_GIN_TS_TEST_STALL=8000@quiesce+GIN_TS_ASYNC_GRACE_S=0.3,-1.0,0,exited,0.0,exited,1,2.1,1,4,0,1,0.5,0,4,0,0,0,1474831682.437,1013.6100001335144,10.79099988937378,1999.8570001125336,2010.864000082016,2000.0730001926422,2614.815999984741,2604.0250000953674,,,
v2_bounds,abortmid_b_n5,abortmid_b,F1,blocking,n5,1,0,,262144,120,3,3,0,5.3,async_error_kernel_stuck,async_error_kernel_stuck,,,,,,,,,,,,remote process exited or there was a network error,remote process exited or there was a network error,3160.6,3766.0,2359,8390,,,,,,,1,1,1,0,1,LOCAL_QP_ERR,5/0xf5,0,0,the communicator is being destroyed,the peer declined,no error,no error,1474844016.765,3461.1,5766.6,588.4,5067.3,,,,3160.6,,,1,0,NCCL_GIN_TS_TEST_STALL=8000@quiesce+GIN_TS_ASYNC_GRACE_S=0.3,-1.0,0,exited,0.0,exited,1,3.2,1,4,0,1,0.2,0,4,0,0,0,1474845167.56,1150.7949998378754,9.013000011444092,1999.8410000801086,2009.6800000667572,2000.667000055313,2613.656000137329,2604.643000125885,,,
v2_bounds,abortmid_b_n6,abortmid_b,F1,blocking,n6,1,0,,262144,120,3,3,0,4.7,async_error_kernel_stuck,async_error_kernel_stuck,,,,,,,,,,,,remote process exited or there was a network error,remote process exited or there was a network error,2588.9,3194.6,2363,8437,,,,,,,1,1,1,0,1,LOCAL_QP_ERR,5/0xf5,0,0,the communicator is being destroyed,the peer declined,no error,no error,1474857474.170,2890.0,5195.2,650.7,5087.3,,,,2588.9,,,1,0,NCCL_GIN_TS_TEST_STALL=8000@quiesce+GIN_TS_ASYNC_GRACE_S=0.3,-1.0,0,exited,0.0,exited,1,2.7,1,4,0,1,0.4,0,4,0,0,0,1474858060.539,586.3689999580383,1.5529999732971191,1999.7750000953674,2002.2730000019073,2000.7200000286102,2606.4459998607635,2604.8929998874664,,,
v2_bounds,abortmid_b_n7,abortmid_b,F1,blocking,n7,1,0,,262144,120,3,3,0,5.2,async_error_kernel_stuck,async_error_kernel_stuck,,,,,,,,,,,,remote process exited or there was a network error,remote process exited or there was a network error,2739.6,3345.0,2363,8431,,,,,,,1,1,1,0,1,LOCAL_QP_ERR,5/0xf5,0,0,the communicator is being destroyed,the peer declined,no error,no error,1474870364.257,3040.8,5346.2,1010.4,5107.4,,,,2739.6,,,1,0,NCCL_GIN_TS_TEST_STALL=8000@quiesce+GIN_TS_ASYNC_GRACE_S=0.3,-1.0,0,exited,0.0,exited,1,2.4,1,4,0,1,1.0,0,4,0,0,0,1474871089.055,724.7980000972748,13.687000036239624,1999.845999956131,2014.5499999523163,2000.8629999160767,2618.6019999980927,2604.914999961853,,,
v2_bounds,abortmid_b_n8,abortmid_b,F1,blocking,n8,1,0,,262144,120,3,3,0,5.2,async_error_kernel_stuck,async_error_kernel_stuck,,,,,,,,,,,,remote process exited or there was a network error,remote process exited or there was a network error,2874.9,3480.3,2364,8389,,,,,,,1,1,1,0,1,LOCAL_QP_ERR,5/0xf5,0,0,the communicator is being destroyed,the peer declined,no error,no error,1474883471.934,3176.3,5481.2,871.3,5104.3,,,,2874.9,,,1,0,NCCL_GIN_TS_TEST_STALL=8000@quiesce+GIN_TS_ASYNC_GRACE_S=0.3,-1.0,0,exited,0.0,exited,1,2.1,1,4,0,1,0.7,0,4,0,0,0,1474884334.196,862.2620000839233,11.53600001335144,1999.8170001506805,2012.3289999961853,2000.7929999828339,2616.34299993515,2604.8069999217987,,,
v2_bounds,abortmid_b_n9,abortmid_b,F1,blocking,n9,1,0,,262144,120,3,3,0,5.2,async_error_kernel_stuck,async_error_kernel_stuck,,,,,,,,,,,,remote process exited or there was a network error,remote process exited or there was a network error,3010.0,3615.4,2363,8394,,,,,,,1,1,1,0,1,LOCAL_QP_ERR,5/0xf5,0,0,the communicator is being destroyed,the peer declined,no error,no error,1474896661.071,3310.5,5616.9,738.2,5102.1,,,,3010.0,,,1,0,NCCL_GIN_TS_TEST_STALL=8000@quiesce+GIN_TS_ASYNC_GRACE_S=0.3,-1.0,0,exited,0.0,exited,1,3.0,1,4,0,1,0.3,0,4,0,0,0,1474897659.881,998.8099999427795,10.500999927520752,1999.8489999771118,2011.0820000171661,2000.5810000896454,2615.053999900818,2604.552999973297,,,
v2_bounds,die_b_n10,die_b,F1,blocking,n10,1,0,,262144,120,4,4,0,7.8,device_error,device_error,76,remote process exited or there was a network error,76,76,timeout,0,44,44,76,120,0,remote process exited or there was a network error,none,3145.4,-1.0,11639,0,46.02,49.50,46.56,57.12,0,76,1,1,1,0,1,LOCAL_QP_ERR,5/0xf5,0,0,,,no error,no error,1474632803.620,5805.7,11096.3,740.2,901.1,44,4000364.1,11.6,3145.4,,,1,0,NCCL_GIN_TS_TEST_DIE=quiesce+GIN_TS_CONTINUE=1,2660.0,0,exited,0.0,exited,1,0.1,1,4,0,1,0.5,0,4,0,0,0,1474633938.872,1135.25200009346,9.490999937057495,1999.8110001087189,2009.9240000247955,2000.433000087738,,,,,
v2_bounds,die_b_n1,die_b,F1,blocking,n1,1,0,,262144,120,4,4,0,7.8,device_error,device_error,41,remote process exited or there was a network error,41,41,timeout,0,79,79,41,120,0,remote process exited or there was a network error,none,2618.5,-1.0,13697,0,46.02,55.10,46.83,55.10,0,41,1,1,1,0,1,LOCAL_QP_ERR,5/0xf5,0,0,,,no error,no error,1474504050.579,5804.0,10576.0,740.8,920.1,79,4000354.4,10.9,2618.5,,,1,0,NCCL_GIN_TS_TEST_DIE=quiesce+GIN_TS_CONTINUE=1,3185.3,0,exited,0.0,exited,1,0.1,1,4,0,1,0.8,0,4,0,0,0,1474504653.225,602.6459999084473,15.430000066757202,1999.7999999523163,2015.643000125885,2000.2130000591278,,,,,
v2_bounds,die_b_n2,die_b,F1,blocking,n2,1,0,,262144,120,4,4,0,7.8,device_error,device_error,50,remote process exited or there was a network error,50,50,timeout,0,70,70,50,120,0,remote process exited or there was a network error,none,2754.9,-1.0,13161,0,46.02,55.30,46.72,55.30,0,50,1,1,1,0,1,LOCAL_QP_ERR,5/0xf5,0,0,,,no error,no error,1474518255.905,5804.5,10705.2,736.6,786.9,70,4000279.1,11.6,2754.9,,,1,0,NCCL_GIN_TS_TEST_DIE=quiesce+GIN_TS_CONTINUE=1,3049.5,0,exited,0.0,exited,1,0.1,1,4,0,1,1.1,0,4,0,0,0,1474518995.08,739.1749999523163,14.364000082015991,1999.8590002059937,2015.4450001716614,2001.0810000896454,,,,,
v2_bounds,die_b_n3,die_b,F1,blocking,n3,1,0,,262144,120,4,4,0,7.7,device_error,device_error,59,remote process exited or there was a network error,59,59,timeout,0,61,61,59,120,0,remote process exited or there was a network error,none,2890.1,-1.0,12622,0,46.14,49.73,46.95,55.65,0,59,1,1,1,0,1,LOCAL_QP_ERR,5/0xf5,0,0,,,no error,no error,1474532411.896,5804.9,10839.4,744.7,662.3,61,4000351.1,10.9,2890.1,,,1,0,NCCL_GIN_TS_TEST_DIE=quiesce+GIN_TS_CONTINUE=1,2914.7,0,exited,0.0,exited,1,0.1,1,4,0,1,0.8,0,4,0,0,0,1474533288.842,876.9460000991821,12.038000106811523,1999.766000032425,2013.1059999465942,2001.0679998397827,,,,,
v2_bounds,die_b_n4,die_b,F1,blocking,n4,1,0,,262144,120,4,4,0,7.7,device_error,device_error,68,remote process exited or there was a network error,68,68,timeout,0,52,52,68,120,0,remote process exited or there was a network error,none,3025.6,-1.0,12104,0,46.02,49.54,46.75,55.33,0,68,1,1,1,0,1,LOCAL_QP_ERR,5/0xf5,0,0,,,no error,no error,1474546621.219,5805.1,10974.4,741.7,1003.3,52,4000275.0,12.2,3025.6,,,1,0,NCCL_GIN_TS_TEST_DIE=quiesce+GIN_TS_CONTINUE=1,2779.0,0,exited,0.0,exited,1,0.0,1,4,0,1,0.8,0,4,0,0,0,1474547634.688,1013.4689998626709,10.82800006866455,1999.851000070572,2011.9100000858307,2001.0820000171661,,,,,
v2_bounds,die_b_n5,die_b,F1,blocking,n5,1,0,,262144,120,4,4,0,7.8,device_error,device_error,77,remote process exited or there was a network error,77,77,timeout,0,43,43,77,120,0,remote process exited or there was a network error,none,3161.0,-1.0,11565,0,46.02,50.08,46.68,55.33,0,77,1,1,1,0,1,LOCAL_QP_ERR,5/0xf5,0,0,,,no error,no error,1474561341.094,5805.4,11108.8,736.9,882.1,43,4000319.5,10.9,3161.0,,,1,0,NCCL_GIN_TS_TEST_DIE=quiesce+GIN_TS_CONTINUE=1,2644.3,0,exited,0.0,exited,1,0.1,1,4,0,1,1.0,0,4,0,0,0,1474562491.272,1150.1779999732971,9.595999956130981,1999.8689999580383,2010.675999879837,2001.079999923706,,,,,
v2_bounds,die_b_n6,die_b,F1,blocking,n6,1,0,,262144,120,4,4,0,7.8,device_error,device_error,40,remote process exited or there was a network error,40,40,timeout,0,80,80,40,120,0,remote process exited or there was a network error,none,2604.1,-1.0,13751,0,46.02,55.33,46.81,55.33,0,40,1,1,1,0,1,LOCAL_QP_ERR,5/0xf5,0,0,,,no error,no error,1474576052.683,5804.6,10562.7,734.8,927.9,80,4000369.6,10.9,2604.1,,,1,0,NCCL_GIN_TS_TEST_DIE=quiesce+GIN_TS_CONTINUE=1,3200.3,0,exited,0.0,exited,1,0.0,1,4,0,1,1.1,0,4,0,0,0,1474576640.894,588.2109999656677,14.786999940872192,1999.8050000667572,2015.7590000629425,2000.9720001220703,,,,,
v2_bounds,die_b_n7,die_b,F1,blocking,n7,1,0,,262144,120,4,4,0,7.8,device_error,device_error,49,remote process exited or there was a network error,49,49,timeout,0,71,71,49,120,0,remote process exited or there was a network error,none,2739.5,-1.0,13230,0,46.02,55.01,46.67,55.01,0,49,1,1,1,0,1,LOCAL_QP_ERR,5/0xf5,0,0,,,no error,no error,1474590264.569,5804.3,10698.8,735.2,792.9,71,4000283.5,10.9,2739.5,,,1,0,NCCL_GIN_TS_TEST_DIE=quiesce+GIN_TS_CONTINUE=1,3064.3,0,exited,0.0,exited,1,0.0,1,4,0,1,0.2,0,4,0,0,0,1474590989.332,724.7630000114441,13.625999927520752,1999.8220000267029,2014.6329998970032,2001.0069999694824,,,,,
v2_bounds,die_b_n8,die_b,F1,blocking,n8,1,0,,262144,120,4,4,0,7.7,device_error,device_error,58,remote process exited or there was a network error,58,58,timeout,0,62,62,58,120,0,remote process exited or there was a network error,none,2874.2,-1.0,12682,0,46.02,49.82,46.91,54.98,0,58,1,1,1,0,1,LOCAL_QP_ERR,5/0xf5,0,0,,,no error,no error,1474604428.616,5805.3,10831.7,732.9,633.1,62,4000236.2,11.7,2874.2,,,1,0,NCCL_GIN_TS_TEST_DIE=quiesce+GIN_TS_CONTINUE=1,2930.6,0,exited,0.0,exited,1,0.1,1,4,0,1,0.2,0,4,0,0,0,1474605290.119,861.5030000209808,12.26200008392334,1999.8780000209808,2012.4790000915527,2000.2170000076294,,,,,
v2_bounds,die_b_n9,die_b,F1,blocking,n9,1,0,,262144,120,4,4,0,7.7,device_error,device_error,67,remote process exited or there was a network error,67,67,timeout,0,53,53,67,120,0,remote process exited or there was a network error,none,3010.3,-1.0,12149,0,46.02,49.12,46.40,55.33,0,67,1,1,1,0,1,LOCAL_QP_ERR,5/0xf5,0,0,,,no error,no error,1474618602.789,5805.4,10964.5,732.5,526.2,53,4000304.1,10.9,3010.3,,,1,0,NCCL_GIN_TS_TEST_DIE=quiesce+GIN_TS_CONTINUE=1,2794.8,0,exited,0.0,exited,1,0.0,1,4,0,1,1.0,0,4,0,0,0,1474619601.78,998.9909999370575,10.295000076293945,1999.8150000572205,2011.018000125885,2000.723000049591,,,,,
v2_bounds,slow_b_n10,slow_b,F1,blocking,n10,1,0,,262144,120,0,0,0,6.8,ok,ok,120,no error,-1,120,no error,0,0,0,120,120,1,none,none,-1.0,-1.0,0,0,46.02,54.14,25184.22,3016540.61,76,120,1,1,1,0,1,LOCAL_QP_ERR,5/0xf5,1,1,,,no error,no error,1474997165.621,4823.5,4808.1,719.5,682.4,0,0.0,0.0,-1.0,,,0,0,NCCL_GIN_TS_TEST_STALL=3000@commit,,0,exited,0.0,exited,1,0.3,0,4,0,1,0.6,0,4,0,0,1,1474998300.864,1135.2430000305176,9.444999933242798,,,,,,3025.718999862671,3016274,"[154/152/2,0/0/0,0/0/0,0/0/0]"
v2_bounds,slow_b_n1,slow_b,F1,blocking,n1,1,0,,262144,120,0,0,0,6.7,ok,ok,120,no error,-1,120,no error,0,0,0,120,120,1,none,none,-1.0,-1.0,0,0,45.98,55.74,25191.19,3017381.98,40,120,1,1,1,0,1,LOCAL_QP_ERR,5/0xf5,1,1,,,no error,no error,1474923506.643,4824.0,4809.2,714.5,678.1,0,0.0,0.0,-1.0,,,0,0,NCCL_GIN_TS_TEST_STALL=3000@quiesce,,0,exited,0.0,exited,1,0.1,0,4,0,1,0.4,0,4,0,0,1,1474924108.759,602.1160001754761,0.8289999961853027,,,,,,3017.957999944687,3017129,"[82/80/2,0/0/0,0/0/0,0/0/0]"
v2_bounds,slow_b_n2,slow_b,F1,blocking,n2,1,0,,262144,120,0,0,0,6.8,ok,ok,120,no error,-1,120,no error,0,0,0,120,120,1,none,none,-1.0,-1.0,0,0,45.98,55.20,25189.81,3017236.42,50,120,1,1,1,0,1,LOCAL_QP_ERR,5/0xf5,1,1,,,no error,no error,1474931700.626,4823.9,4808.9,710.1,669.8,0,0.0,0.0,-1.0,,,0,0,NCCL_GIN_TS_TEST_STALL=3000@commit,,0,exited,0.0,exited,1,1.0,0,4,0,1,0.9,0,4,0,0,1,1474932440.604,739.978000164032,13.490000009536743,,,,,,3030.3739998340607,3016884,"[102/100/2,0/0/0,0/0/0,0/0/0]"
v2_bounds,slow_b_n3,slow_b,F1,blocking,n3,1,0,,262144,120,0,0,0,6.8,ok,ok,120,no error,-1,120,no error,0,0,0,120,120,1,none,none,-1.0,-1.0,0,0,45.98,55.49,25181.65,3016266.66,59,120,1,1,1,0,1,LOCAL_QP_ERR,5/0xf5,1,1,,,no error,no error,1474939904.262,4823.2,4808.3,711.4,674.1,0,0.0,0.0,-1.0,,,0,0,NCCL_GIN_TS_TEST_STALL=3000@quiesce,,0,exited,0.0,exited,1,0.4,0,4,0,1,1.0,0,4,0,0,1,1474940780.37,876.1079998016357,12.71500015258789,,,,,,3028.7030000686646,3015988,"[120/118/2,0/0/0,0/0/0,0/0/0]"
v2_bounds,slow_b_n4,slow_b,F1,blocking,n4,1,0,,262144,120,0,0,0,6.8,ok,ok,120,no error,-1,120,no error,0,0,0,120,120,1,none,none,-1.0,-1.0,0,0,45.98,55.30,25186.74,3016868.77,68,120,1,1,1,0,1,LOCAL_QP_ERR,5/0xf5,1,1,,,no error,no error,1474948101.711,4823.4,4808.8,711.8,649.9,0,0.0,0.0,-1.0,,,0,0,NCCL_GIN_TS_TEST_STALL=3000@commit,,0,exited,0.0,exited,1,0.3,0,4,0,1,0.3,0,4,0,0,1,1474949115.81,1014.0989999771118,10.210000038146973,,,,,,3026.766000032425,3016555,"[138/136/2,0/0/0,0/0/0,0/0/0]"
v2_bounds,slow_b_n5,slow_b,F1,blocking,n5,1,0,,262144,120,0,0,0,6.8,ok,ok,120,no error,-1,120,no error,0,0,0,120,120,1,none,none,-1.0,-1.0,0,0,46.02,55.33,25184.65,3016596.38,77,120,1,1,1,0,1,LOCAL_QP_ERR,5/0xf5,1,1,,,no error,no error,1474956266.446,4823.4,4808.7,720.6,681.1,0,0.0,0.0,-1.0,,,0,0,NCCL_GIN_TS_TEST_STALL=3000@quiesce,,0,exited,0.0,exited,1,0.9,0,4,0,1,0.9,0,4,0,0,1,1474957417.041,1150.5949997901917,9.26800012588501,,,,,,3025.4900000095367,3016222,"[156/154/2,0/0/0,0/0/0,0/0/0]"
v2_bounds,slow_b_n6,slow_b,F1,blocking,n6,1,0,,262144,120,0,0,0,6.7,ok,ok,120,no error,-1,120,no error,0,0,0,120,120,1,none,none,-1.0,-1.0,0,0,46.02,55.33,25177.44,3015770.46,40,120,1,1,1,0,1,LOCAL_QP_ERR,5/0xf5,1,1,,,no error,no error,1474964412.847,4822.3,4807.8,723.9,684.6,0,0.0,0.0,-1.0,,,0,0,NCCL_GIN_TS_TEST_STALL=3000@commit,,0,exited,0.0,exited,1,0.2,0,4,0,1,0.8,0,4,0,0,1,1474965000.608,587.7610001564026,15.287999868392944,,,,,,3030.6740000247955,3015386,"[82/80/2,0/0/0,0/0/0,0/0/0]"
v2_bounds,slow_b_n7,slow_b,F1,blocking,n7,1,0,,262144,120,0,0,0,6.7,ok,ok,120,no error,-1,120,no error,0,0,0,120,120,1,none,none,-1.0,-1.0,0,0,46.02,55.30,25192.36,3017573.60,49,120,1,1,1,0,1,LOCAL_QP_ERR,5/0xf5,1,1,,,no error,no error,1474972565.502,4824.2,4809.3,714.3,677.3,0,0.0,0.0,-1.0,,,0,0,NCCL_GIN_TS_TEST_STALL=3000@quiesce,,0,exited,0.0,exited,1,0.9,0,4,0,1,1.0,0,4,0,0,1,1474973290.026,724.5239999294281,13.944000005722046,,,,,,3031.1299998760223,3017187,"[100/98/2,0/0/0,0/0/0,0/0/0]"
v2_bounds,slow_b_n8,slow_b,F1,blocking,n8,1,0,,262144,120,0,0,0,6.8,ok,ok,120,no error,-1,120,no error,0,0,0,120,120,1,none,none,-1.0,-1.0,0,0,46.02,55.30,25188.99,3017153.28,58,120,1,1,1,0,1,LOCAL_QP_ERR,5/0xf5,1,1,,,no error,no error,1474980758.013,4823.6,4808.7,727.5,674.3,0,0.0,0.0,-1.0,,,0,0,NCCL_GIN_TS_TEST_STALL=3000@commit,,0,exited,0.0,exited,1,0.5,0,4,0,1,0.8,0,4,0,0,1,1474981619.523,861.5099999904633,12.371999979019165,,,,,,3029.175999879837,3016804,"[118/116/2,0/0/0,0/0/0,0/0/0]"
v2_bounds,slow_b_n9,slow_b,F1,blocking,n9,1,0,,262144,120,0,0,0,6.8,ok,ok,120,no error,-1,120,no error,0,0,0,120,120,1,none,none,-1.0,-1.0,0,0,46.02,55.33,25186.21,3016788.38,67,120,1,1,1,0,1,LOCAL_QP_ERR,5/0xf5,1,1,,,no error,no error,1474988966.516,4823.4,4808.4,718.6,666.0,0,0.0,0.0,-1.0,,,0,0,NCCL_GIN_TS_TEST_STALL=3000@quiesce,,0,exited,0.0,exited,1,1.0,0,4,0,1,0.4,0,4,0,0,1,1474989965.623,999.106999874115,10.200000047683716,,,,,,3026.6490001678467,3016449,"[136/134/2,0/0/0,0/0/0,0/0/0]"
v2_bounds,stallc_b_n10,stallc_b,F1,blocking,n10,1,0,,262144,120,4,4,0,7.3,device_error,device_error,76,remote process exited or there was a network error,76,76,timeout,0,44,44,76,120,0,remote process exited or there was a network error,remote process exited or there was a network error,3145.7,3146.6,9031,30398,46.02,49.82,46.69,55.55,0,76,1,1,1,0,1,LOCAL_QP_ERR,5/0xf5,0,0,the communicator is being destroyed,peer FAIL before DONE,no error,no error,1474489301.887,5145.1,11090.4,895.5,888.3,1,4000294.9,0.0,3145.7,,,1,0,NCCL_GIN_TS_TEST_STALL=8000@commit,1998.9,0,exited,0.0,exited,1,3.9,1,4,0,1,0.7,0,4,0,0,0,1474490437.612,1135.7249999046326,8.984999895095825,1990.2379999160767,2009.9210000038147,2000.9360001087189,4313.456000089645,4304.47100019455,,,
v2_bounds,stallc_b_n1,stallc_b,F1,blocking,n1,1,0,,262144,120,4,4,0,6.8,device_error,device_error,40,remote process exited or there was a network error,40,40,timeout,0,80,80,40,120,0,remote process exited or there was a network error,remote process exited or there was a network error,2603.5,2605.0,9039,30423,46.50,55.46,47.34,55.46,0,40,1,1,1,0,1,LOCAL_QP_ERR,5/0xf5,0,0,the communicator is being destroyed,peer FAIL before DONE,no error,no error,1474360180.537,4603.9,10552.9,944.1,931.8,1,4000264.6,0.0,2603.5,,,1,0,NCCL_GIN_TS_TEST_STALL=8000@commit,2000.0,0,exited,0.0,exited,1,3.7,1,4,0,1,0.5,0,4,0,0,0,1474360783.043,602.5060000419617,0.41899991035461426,1989.260999917984,2000.7799999713898,2000.3610000610352,4305.383000135422,4304.964000225067,,,
v2_bounds,stallc_b_n2,stallc_b,F1,blocking,n2,1,0,,262144,120,4,4,0,6.8,device_error,device_error,50,remote process exited or there was a network error,50,50,timeout,0,70,70,50,120,0,remote process exited or there was a network error,remote process exited or there was a network error,2754.4,2755.2,9040,30478,46.18,54.94,47.11,54.94,0,50,1,1,1,0,1,LOCAL_QP_ERR,5/0xf5,0,0,the communicator is being destroyed,peer FAIL before DONE,no error,no error,1474374374.719,4754.6,10703.5,801.2,784.9,1,4000363.5,0.0,2754.4,,,1,0,NCCL_GIN_TS_TEST_STALL=8000@commit,2000.0,0,exited,0.0,exited,1,3.1,1,4,0,1,0.9,0,4,0,0,0,1474375114.605,739.885999917984,13.615000009536743,1990.0789999961853,2014.263000011444,2000.6480000019073,4317.9619998931885,4304.346999883652,,,
v2_bounds,stallc_b_n3,stallc_b,F1,blocking,n3,1,0,,262144,120,4,4,0,6.7,device_error,device_error,59,remote process exited or there was a network error,59,59,timeout,0,61,61,59,120,0,remote process exited or there was a network error,remote process exited or there was a network error,2889.6,2890.3,9044,30440,46.02,49.47,46.60,56.83,0,59,1,1,1,0,1,LOCAL_QP_ERR,5/0xf5,0,0,the communicator is being destroyed,peer FAIL before DONE,no error,no error,1474388548.216,4889.3,10837.0,660.2,639.7,1,4000273.3,0.0,2889.6,,,1,0,NCCL_GIN_TS_TEST_STALL=8000@commit,1999.1,0,exited,0.0,exited,1,3.1,1,4,0,1,0.4,0,4,0,0,0,1474389424.319,876.1029999256134,12.763999938964844,1990.233999967575,2013.1970000267029,2000.433000087738,4316.658999919891,4303.8949999809265,,,
v2_bounds,stallc_b_n4,stallc_b,F1,blocking,n4,1,0,,262144,120,4,4,0,6.8,device_error,device_error,68,remote process exited or there was a network error,68,68,timeout,0,52,52,68,120,0,remote process exited or there was a network error,remote process exited or there was a network error,3025.5,3026.2,9035,30510,46.02,49.31,46.38,55.07,0,68,1,1,1,0,1,LOCAL_QP_ERR,5/0xf5,0,0,the communicator is being destroyed,peer FAIL before DONE,no error,no error,1474402813.318,5024.8,10970.9,513.3,990.4,1,4000309.4,0.0,3025.5,,,1,0,NCCL_GIN_TS_TEST_STALL=8000@commit,1998.9,0,exited,0.0,exited,1,4.1,1,4,0,1,0.2,0,4,0,0,0,1474403827.136,1013.8179998397827,10.525000095367432,1989.9660000801086,2011.531000137329,2001.0060000419617,4315.292000055313,4304.766999959946,,,
v2_bounds,stallc_b_n5,stallc_b,F1,blocking,n5,1,0,,262144,120,4,4,0,7.2,device_error,device_error,77,remote process exited or there was a network error,77,77,timeout,0,43,43,77,120,0,remote process exited or there was a network error,remote process exited or there was a network error,3160.8,3161.7,9038,30337,46.02,49.92,46.70,55.04,0,77,1,1,1,0,1,LOCAL_QP_ERR,5/0xf5,0,0,the communicator is being destroyed,peer FAIL before DONE,no error,no error,1474417526.760,5160.2,11101.8,887.0,895.2,1,4000348.0,0.0,3160.8,,,1,0,NCCL_GIN_TS_TEST_STALL=8000@commit,1999.1,0,exited,0.0,exited,1,3.8,1,4,0,1,0.5,0,4,0,0,0,1474418677.589,1150.8289999961853,9.007999897003174,1990.0260000228882,2009.8010001182556,2000.7930002212524,4313.592000007629,4304.584000110626,,,
v2_bounds,stallc_b_n6,stallc_b,F1,blocking,n6,1,0,,262144,120,4,4,0,6.8,device_error,device_error,39,remote process exited or there was a network error,39,39,timeout,0,81,81,39,120,0,remote process exited or there was a network error,remote process exited or there was a network error,2588.4,2589.4,9042,30399,46.02,55.33,46.74,55.33,0,39,1,1,1,0,1,LOCAL_QP_ERR,5/0xf5,0,0,the communicator is being destroyed,peer FAIL before DONE,no error,no error,1474432273.907,4588.9,10545.7,952.6,948.6,1,4000290.8,0.0,2588.4,,,1,0,NCCL_GIN_TS_TEST_STALL=8000@commit,2000.0,0,exited,0.0,exited,1,2.9,1,4,0,1,0.7,0,4,0,0,0,1474432860.955,587.0479998588562,0.8510000705718994,1989.7400000095367,2001.069000005722,2000.2179999351501,4304.981000185013,4304.130000114441,,,
v2_bounds,stallc_b_n7,stallc_b,F1,blocking,n7,1,0,,262144,120,4,4,0,6.7,device_error,device_error,49,remote process exited or there was a network error,49,49,timeout,0,71,71,49,120,0,remote process exited or there was a network error,remote process exited or there was a network error,2739.4,2740.3,9038,30440,46.02,54.98,46.80,54.98,0,49,1,1,1,0,1,LOCAL_QP_ERR,5/0xf5,0,0,the communicator is being destroyed,peer FAIL before DONE,no error,no error,1474446460.923,4738.9,10694.9,810.3,803.7,1,4000299.2,0.0,2739.4,,,1,0,NCCL_GIN_TS_TEST_STALL=8000@commit,1998.9,0,exited,0.0,exited,1,3.9,1,4,0,1,1.2,0,4,0,0,0,1474447185.625,724.7019999027252,13.694000005722046,1989.9509999752045,2014.5999999046326,2000.9059998989105,4318.450000047684,4304.756000041962,,,
v2_bounds,stallc_b_n8,stallc_b,F1,blocking,n8,1,0,,262144,120,4,4,0,6.8,device_error,device_error,58,remote process exited or there was a network error,58,58,timeout,0,62,62,58,120,0,remote process exited or there was a network error,remote process exited or there was a network error,2874.6,2875.4,9036,30433,46.02,49.57,46.75,55.65,0,58,1,1,1,0,1,LOCAL_QP_ERR,5/0xf5,0,0,the communicator is being destroyed,peer FAIL before DONE,no error,no error,1474460778.993,4874.1,10830.8,674.8,669.4,1,4000302.0,0.0,2874.6,,,1,0,NCCL_GIN_TS_TEST_STALL=8000@commit,1999.1,0,exited,0.0,exited,1,3.7,1,4,0,1,1.1,0,4,0,0,0,1474461641.121,862.1280000209808,11.746999979019165,1989.8940000534058,2012.2539999485016,2000.5069999694824,4316.007999897003,4304.260999917984,,,
v2_bounds,stallc_b_n9,stallc_b,F1,blocking,n9,1,0,,262144,120,4,4,0,6.8,device_error,device_error,67,remote process exited or there was a network error,67,67,timeout,0,53,53,67,120,0,remote process exited or there was a network error,remote process exited or there was a network error,3010.0,3010.9,9034,30349,46.30,49.50,46.85,55.33,0,67,1,1,1,0,1,LOCAL_QP_ERR,5/0xf5,0,0,the communicator is being destroyed,peer FAIL before DONE,no error,no error,1474475025.319,5009.4,10957.8,531.8,534.9,1,4000299.2,0.0,3010.0,,,1,0,NCCL_GIN_TS_TEST_STALL=8000@commit,1999.0,0,exited,0.0,exited,1,3.6,1,4,0,1,1.0,0,4,0,0,0,1474476022.978,997.6589999198914,11.61899995803833,1989.9249999523163,2012.1219999790192,2000.5030000209808,4315.745000123978,4304.126000165939,,,
v2_bounds,stallq_b_n10,stallq_b,F1,blocking,n10,1,0,,262144,120,4,4,0,7.2,device_error,device_error,76,remote process exited or there was a network error,76,76,timeout,0,44,44,76,120,0,remote process exited or there was a network error,remote process exited or there was a network error,3145.2,5449.7,9038,21979,46.02,49.86,46.60,55.26,0,76,1,1,1,0,1,LOCAL_QP_ERR,5/0xf5,0,0,the communicator is being destroyed,the peer declined,no error,no error,1474345441.345,5145.6,11083.5,893.9,894.0,1,4000291.8,0.0,3145.2,,,1,0,NCCL_GIN_TS_TEST_STALL=8000@quiesce,2000.0,0,exited,0.0,exited,1,2.0,1,4,0,1,0.8,0,4,0,0,0,1474346576.397,1135.0520000457764,9.623999834060669,1999.8160002231598,2009.9140000343323,2000.2900002002716,4312.954999923706,4303.331000089645,,,
v2_bounds,stallq_b_n1,stallq_b,F1,blocking,n1,1,0,,262144,120,4,4,0,6.8,device_error,device_error,40,remote process exited or there was a network error,40,40,timeout,0,80,80,40,120,0,remote process exited or there was a network error,remote process exited or there was a network error,2604.2,4908.5,8979,21572,46.53,55.26,47.20,55.26,0,40,1,1,1,0,1,LOCAL_QP_ERR,5/0xf5,0,0,the communicator is being destroyed,the peer declined,no error,no error,1474217389.579,4603.3,10441.3,936.2,549.2,1,4000263.1,0.0,2604.2,,,1,0,NCCL_GIN_TS_TEST_STALL=8000@quiesce,1999.0,0,exited,0.0,exited,1,3.1,1,4,0,1,0.8,0,4,0,0,0,1474217991.695,602.1159999370575,0.812000036239624,1999.824000120163,2001.8210000991821,2001.0090000629425,4304.7009999752045,4303.888999938965,,,
v2_bounds,stallq_b_n2,stallq_b,F1,blocking,n2,1,0,,262144,120,4,4,0,6.8,device_error,device_error,50,remote process exited or there was a network error,50,50,timeout,0,70,70,50,120,0,remote process exited or there was a network error,remote process exited or there was a network error,2754.3,5058.8,9033,21627,46.53,55.30,47.13,55.30,0,50,1,1,1,0,1,LOCAL_QP_ERR,5/0xf5,0,0,the communicator is being destroyed,the peer declined,no error,no error,1474231150.023,4753.5,10588.3,780.3,879.9,1,4000301.2,0.0,2754.3,,,1,0,NCCL_GIN_TS_TEST_STALL=8000@quiesce,1998.8,0,exited,0.0,exited,1,3.3,1,4,0,1,0.3,0,4,0,0,0,1474231890.0,739.9769999980927,13.533999919891357,1999.797000169754,2014.2190001010895,2000.6850001811981,4317.119999885559,4303.585999965668,,,
v2_bounds,stallq_b_n3,stallq_b,F1,blocking,n3,1,0,,262144,120,4,4,0,6.8,device_error,device_error,59,remote process exited or there was a network error,59,59,timeout,0,61,61,59,120,0,remote process exited or there was a network error,remote process exited or there was a network error,2890.1,5194.1,9036,21713,46.02,49.82,47.03,55.33,0,59,1,1,1,0,1,LOCAL_QP_ERR,5/0xf5,0,0,the communicator is being destroyed,the peer declined,no error,no error,1474245378.185,4889.6,10751.2,646.0,719.2,1,4000235.5,0.0,2890.1,,,1,0,NCCL_GIN_TS_TEST_STALL=8000@quiesce,1998.9,0,exited,0.0,exited,1,2.8,1,4,0,1,1.0,0,4,0,0,0,1474246254.55,876.3650000095367,12.480000019073486,1999.84099984169,2013.4539999961853,2000.9739999771118,4316.217000007629,4303.736999988556,,,
v2_bounds,stallq_b_n4,stallq_b,F1,blocking,n4,1,0,,262144,120,4,4,0,6.7,device_error,device_error,68,remote process exited or there was a network error,68,68,timeout,0,52,52,68,120,0,remote process exited or there was a network error,remote process exited or there was a network error,3025.4,5329.5,9034,21835,46.02,49.57,46.49,55.17,0,68,1,1,1,0,1,LOCAL_QP_ERR,5/0xf5,0,0,the communicator is being destroyed,the peer declined,no error,no error,1474259568.899,5024.8,10931.2,515.6,547.0,1,4000381.9,0.0,3025.4,,,1,0,NCCL_GIN_TS_TEST_STALL=8000@quiesce,1998.9,0,exited,0.0,exited,1,2.8,1,4,0,1,1.2,0,4,0,0,0,1474260582.118,1013.2190001010895,11.181999921798706,1999.845999956131,2011.9739999771118,2000.792000055313,4314.77999997139,4303.598000049591,,,
v2_bounds,stallq_b_n5,stallq_b,F1,blocking,n5,1,0,,262144,120,4,4,0,7.3,device_error,device_error,77,remote process exited or there was a network error,77,77,timeout,0,43,43,77,120,0,remote process exited or there was a network error,remote process exited or there was a network error,3160.5,5465.0,9055,21817,46.02,49.50,46.59,55.30,0,77,1,1,1,0,1,LOCAL_QP_ERR,5/0xf5,0,0,the communicator is being destroyed,the peer declined,no error,no error,1474273819.084,5160.5,11063.6,880.7,922.2,1,4000368.7,0.0,3160.5,,,1,0,NCCL_GIN_TS_TEST_STALL=8000@quiesce,2000.0,0,exited,0.0,exited,1,2.5,1,4,0,1,1.1,0,4,0,0,0,1474274969.743,1150.6589999198914,9.14299988746643,1999.816999912262,2009.648999929428,2000.5060000419617,4312.599999904633,4303.457000017166,,,
v2_bounds,stallq_b_n6,stallq_b,F1,blocking,n6,1,0,,262144,120,4,4,0,6.7,device_error,device_error,39,remote process exited or there was a network error,39,39,timeout,0,81,81,39,120,0,remote process exited or there was a network error,remote process exited or there was a network error,2588.6,4893.1,9035,21896,47.49,55.14,47.40,55.14,0,39,1,1,1,0,1,LOCAL_QP_ERR,5/0xf5,0,0,the communicator is being destroyed,the peer declined,no error,no error,1474288531.403,4588.0,10509.8,957.9,975.1,1,4000180.9,0.0,2588.6,,,1,0,NCCL_GIN_TS_TEST_STALL=8000@quiesce,1999.1,0,exited,0.0,exited,1,3.1,1,4,0,1,0.8,0,4,0,0,0,1474289118.754,587.3509998321533,0.4930000305175781,1999.526999950409,2001.069000005722,2000.5759999752045,4304.049999952316,4303.556999921799,,,
v2_bounds,stallq_b_n7,stallq_b,F1,blocking,n7,1,0,,262144,120,4,4,0,6.8,device_error,device_error,49,remote process exited or there was a network error,49,49,timeout,0,71,71,49,120,0,remote process exited or there was a network error,remote process exited or there was a network error,2739.7,5044.1,8978,21969,46.21,55.04,47.15,55.04,0,49,1,1,1,0,1,LOCAL_QP_ERR,5/0xf5,0,0,the communicator is being destroyed,the peer declined,no error,no error,1474302770.934,4738.8,10688.2,810.0,813.9,1,4000338.1,0.0,2739.7,,,1,0,NCCL_GIN_TS_TEST_STALL=8000@quiesce,1999.1,0,exited,0.0,exited,1,3.4,1,4,0,1,0.9,0,4,0,0,0,1474303494.668,723.7339999675751,14.706000089645386,1999.8250000476837,2015.7130000591278,2001.0069999694824,4318.635999917984,4303.929999828339,,,
v2_bounds,stallq_b_n8,stallq_b,F1,blocking,n8,1,0,,262144,120,4,4,0,6.8,device_error,device_error,58,remote process exited or there was a network error,58,58,timeout,0,62,62,58,120,0,remote process exited or there was a network error,remote process exited or there was a network error,2875.0,5179.3,9032,22077,46.27,49.89,47.07,55.33,0,58,1,1,1,0,1,LOCAL_QP_ERR,5/0xf5,0,0,the communicator is being destroyed,the peer declined,no error,no error,1474317003.591,4874.1,10820.0,671.8,647.7,1,4000336.8,0.0,2875.0,,,1,0,NCCL_GIN_TS_TEST_STALL=8000@quiesce,1998.9,0,exited,0.0,exited,1,3.3,1,4,0,1,0.8,0,4,0,0,0,1474317865.066,861.4749999046326,12.453999996185303,1999.795000076294,2013.388000011444,2000.9340000152588,4316.226000070572,4303.772000074387,,,
v2_bounds,stallq_b_n9,stallq_b,F1,blocking,n9,1,0,,262144,120,4,4,0,6.8,device_error,device_error,67,remote process exited or there was a network error,67,67,timeout,0,53,53,67,120,0,remote process exited or there was a network error,remote process exited or there was a network error,3009.9,5313.7,8979,21949,46.02,50.08,46.84,55.26,0,67,1,1,1,0,1,LOCAL_QP_ERR,5/0xf5,0,0,the communicator is being destroyed,the peer declined,no error,no error,1474331230.199,5009.4,10954.5,543.4,547.2,1,4000242.6,0.0,3009.9,,,1,0,NCCL_GIN_TS_TEST_STALL=8000@quiesce,1999.0,0,exited,0.0,exited,1,2.5,1,4,0,1,0.2,0,4,0,0,0,1474332228.755,998.5560002326965,10.705999851226807,1999.8539998531342,2011.0679998397827,2000.361999988556,4313.5609998703,4302.8550000190735,,,
v2_bounds,tmo_t_n10,tmo_t,F1,timeout,n10,1,0,,262144,120,4,4,0,3.7,device_error,device_error,75,timeout,75,75,timeout,0,45,45,75,120,0,none,remote process exited or there was a network error,-1.0,1906.6,0,34908,47.14,52.51,47.49,55.42,0,75,1,1,1,0,1,LOCAL_QP_ERR,5/0xf5,0,0,the communicator is being destroyed,the peer declined,no error,no error,1474776632.062,1598.9,11080.5,933.2,907.3,1,468998.6,0.0,-1.0,,,0,0,NCCL_GIN_TS_TEST_STALL=3000@quiesce,,0,exited,0.0,exited,1,5.9,1,4,0,1,0.9,0,4,0,0,0,1474777761.313,1129.2509999275208,0.4930000305175781,,,,775.8580000400543,775.3650000095367,,,
v2_bounds,tmo_t_n1,tmo_t,F1,timeout,n1,1,0,,262144,120,4,4,0,3.2,device_error,device_error,40,timeout,40,40,timeout,0,80,80,40,120,0,none,remote process exited or there was a network error,-1.0,1379.9,0,34993,47.33,55.33,47.73,55.33,0,40,1,1,1,0,1,LOCAL_QP_ERR,5/0xf5,0,0,the communicator is being destroyed,the peer declined,no error,no error,1474647490.142,1075.5,10566.4,962.8,902.5,1,472662.6,0.0,-1.0,,,0,0,NCCL_GIN_TS_TEST_STALL=3000@quiesce,,0,exited,0.0,exited,1,2.5,1,4,0,1,0.3,0,4,0,0,0,1474648092.08,601.9379999637604,1.0780000686645508,,,,776.444000005722,775.3659999370575,,,
v2_bounds,tmo_t_n2,tmo_t,F1,timeout,n2,1,0,,262144,120,4,4,0,3.3,device_error,device_error,50,timeout,50,50,timeout,0,70,70,50,120,0,none,remote process exited or there was a network error,-1.0,1530.1,0,34913,47.39,54.18,47.69,54.18,0,50,1,1,1,0,1,LOCAL_QP_ERR,5/0xf5,0,0,the communicator is being destroyed,the peer declined,no error,no error,1474661740.672,1226.3,10715.2,818.0,783.9,1,472663.0,0.0,-1.0,,,0,0,NCCL_GIN_TS_TEST_STALL=3000@quiesce,,0,exited,0.0,exited,1,1.9,1,4,0,1,1.1,0,4,0,0,0,1474662480.375,739.7030000686646,13.79099988937378,,,,788.8689999580383,775.0780000686646,,,
v2_bounds,tmo_t_n3,tmo_t,F1,timeout,n3,1,0,,262144,120,4,4,0,3.2,device_error,device_error,59,timeout,59,59,timeout,0,61,61,59,120,0,none,remote process exited or there was a network error,-1.0,1665.3,0,34903,47.30,50.53,47.89,55.36,0,59,1,1,1,0,1,LOCAL_QP_ERR,5/0xf5,0,0,the communicator is being destroyed,the peer declined,no error,no error,1474676005.233,1361.8,10842.8,658.5,630.2,1,472662.9,0.0,-1.0,,,0,0,NCCL_GIN_TS_TEST_STALL=3000@quiesce,,0,exited,0.0,exited,1,1.5,1,4,0,1,0.9,0,4,0,0,0,1474676882.36,877.1269998550415,11.877000093460083,,,,786.4520001411438,774.5750000476837,,,
v2_bounds,tmo_t_n4,tmo_t,F1,timeout,n4,1,0,,262144,120,4,4,0,3.3,device_error,device_error,68,timeout,68,68,timeout,0,52,52,68,120,0,none,remote process exited or there was a network error,-1.0,1801.1,0,35046,47.23,50.53,47.61,57.02,0,68,1,1,1,0,1,LOCAL_QP_ERR,5/0xf5,0,0,the communicator is being destroyed,the peer declined,no error,no error,1474690243.178,1493.2,10978.6,543.2,990.1,1,468999.1,0.0,-1.0,,,0,0,NCCL_GIN_TS_TEST_STALL=3000@quiesce,,0,exited,0.0,exited,1,5.7,1,4,0,1,1.0,0,4,0,0,0,1474691256.251,1013.0729999542236,11.358000040054321,,,,786.2330000400543,774.875,,,
v2_bounds,tmo_t_n5,tmo_t,F1,timeout,n5,1,0,,262144,120,4,4,0,3.8,device_error,device_error,77,timeout,77,77,timeout,0,43,43,77,120,0,none,remote process exited or there was a network error,-1.0,1936.7,0,34868,47.14,52.13,47.56,55.58,0,77,1,1,1,0,1,LOCAL_QP_ERR,5/0xf5,0,0,the communicator is being destroyed,the peer declined,no error,no error,1474704990.787,1629.0,11112.2,915.8,875.5,1,468998.6,0.0,-1.0,,,0,0,NCCL_GIN_TS_TEST_STALL=3000@quiesce,,0,exited,0.0,exited,1,5.9,1,4,0,1,1.2,0,4,0,0,0,1474706140.822,1150.0350000858307,9.776000022888184,,,,785.1570000648499,775.3810000419617,,,
v2_bounds,tmo_t_n6,tmo_t,F1,timeout,n6,1,0,,262144,120,4,4,0,3.3,device_error,device_error,40,timeout,40,40,timeout,0,80,80,40,120,0,none,remote process exited or there was a network error,-1.0,1379.9,0,34926,47.39,56.74,48.13,56.74,0,40,1,1,1,0,1,LOCAL_QP_ERR,5/0xf5,0,0,the communicator is being destroyed,the peer declined,no error,no error,1474719744.052,1072.2,10565.5,969.2,930.6,1,468998.6,0.0,-1.0,,,0,0,NCCL_GIN_TS_TEST_STALL=3000@quiesce,,0,exited,0.0,exited,1,5.7,1,4,0,1,1.0,0,4,0,0,0,1474720331.99,587.9379999637604,15.183000087738037,,,,790.2239999771118,775.0409998893738,,,
v2_bounds,tmo_t_n7,tmo_t,F1,timeout,n7,1,0,,262144,120,4,4,0,3.3,device_error,device_error,49,timeout,49,49,timeout,0,71,71,49,120,0,none,remote process exited or there was a network error,-1.0,1514.7,0,35023,47.39,55.58,48.05,55.58,0,49,1,1,1,0,1,LOCAL_QP_ERR,5/0xf5,0,0,the communicator is being destroyed,the peer declined,no error,no error,1474733986.719,1207.5,10699.6,831.0,780.5,1,468998.6,0.0,-1.0,,,0,0,NCCL_GIN_TS_TEST_STALL=3000@quiesce,,0,exited,0.0,exited,1,5.2,1,4,0,1,0.8,0,4,0,0,0,1474734710.693,723.9739999771118,14.462999820709229,,,,789.0989999771118,774.6360001564026,,,
v2_bounds,tmo_t_n8,tmo_t,F1,timeout,n8,1,0,,262144,120,4,4,0,3.3,device_error,device_error,58,timeout,58,58,timeout,0,62,62,58,120,0,none,remote process exited or there was a network error,-1.0,1650.9,0,34933,47.36,53.60,48.06,55.87,0,58,1,1,1,0,1,LOCAL_QP_ERR,5/0xf5,0,0,the communicator is being destroyed,the peer declined,no error,no error,1474748244.245,1342.7,10829.0,674.5,642.4,1,468998.6,0.0,-1.0,,,0,0,NCCL_GIN_TS_TEST_STALL=3000@quiesce,,0,exited,0.0,exited,1,6.1,1,4,0,1,0.9,0,4,0,0,0,1474749105.874,861.6290001869202,12.36299991607666,,,,787.555999994278,775.1930000782013,,,
v2_bounds,tmo_t_n9,tmo_t,F1,timeout,n9,1,0,,262144,120,4,4,0,3.2,device_error,device_error,67,timeout,67,67,timeout,0,53,53,67,120,0,none,remote process exited or there was a network error,-1.0,1786.1,0,34859,47.30,52.96,47.58,57.25,0,67,1,1,1,0,1,LOCAL_QP_ERR,5/0xf5,0,0,the communicator is being destroyed,the peer declined,no error,no error,1474762412.075,1478.3,10963.0,562.1,534.7,1,468998.6,0.0,-1.0,,,0,0,NCCL_GIN_TS_TEST_STALL=3000@quiesce,,0,exited,0.0,exited,1,5.8,1,4,0,1,0.9,0,4,0,0,0,1474763411.097,999.021999835968,10.347000122070312,,,,785.5090000629425,775.1619999408722,,,
