t_ms,qp_state,hw_sq,sw_sq,cur_retry,cur_rnr,last_acked_psn,next_send_psn,cq_status,cq_pc,cq_cc,slot0_op,slot0_syn,slot0_ven,slot0_wqe,n_ok,n_err,n_inval,xmit_pkts,rcv_pkts,dbr0,dbr1
0.0,3,10,10,7,7,259,325,0,8,0,0x0,0x27,0x39,0,8,0,120,65,0,10,0
100.0,3,10,10,7,7,259,325,0,8,0,0x0,0x27,0x39,0,8,0,120,130,0,10,0
200.0,3,10,10,7,7,259,325,0,8,0,0x0,0x27,0x39,0,8,0,120,195,0,10,0
300.0,3,10,10,7,7,259,325,0,8,0,0x0,0x27,0x39,0,8,0,120,260,0,10,0
400.0,3,10,10,7,7,259,325,0,8,0,0x0,0x27,0x39,0,8,0,120,262,2,10,0
500.0,3,10,10,7,7,259,325,0,8,0,0x0,0x27,0x39,0,8,0,120,327,2,10,0
600.0,3,10,10,7,7,259,325,0,8,0,0x0,0x27,0x39,0,8,0,120,329,4,10,0
700.0,3,10,10,7,7,259,325,0,8,0,0x0,0x27,0x39,0,8,0,120,329,4,10,0
800.0,3,10,10,7,7,259,325,0,8,0,0x0,0x27,0x39,0,8,0,120,329,4,10,0
900.0,3,10,10,7,7,259,325,0,8,0,0x0,0x27,0x39,0,8,0,120,329,4,10,0
1000.0,3,10,10,7,7,259,325,0,8,0,0x0,0x27,0x39,0,8,0,120,329,4,10,0
1100.0,3,10,10,7,7,259,325,0,8,0,0x0,0x27,0x39,0,8,0,120,394,4,10,0
1200.0,3,10,10,7,7,259,325,0,8,0,0x0,0x27,0x39,0,8,0,120,394,4,10,0
1300.0,3,10,10,7,7,259,325,0,8,0,0x0,0x27,0x39,0,8,0,120,394,4,10,0
1400.0,3,10,10,7,7,259,325,0,8,0,0x0,0x27,0x39,0,8,0,120,394,4,10,0
1500.0,3,10,10,7,7,259,325,0,8,0,0x0,0x27,0x39,0,8,0,120,394,4,10,0
1600.0,3,10,10,7,7,259,325,0,8,0,0x0,0x27,0x39,0,8,0,120,459,4,10,0
1700.0,3,10,10,7,7,259,325,0,8,0,0x0,0x27,0x39,0,8,0,120,461,6,10,0
1800.0,3,10,10,7,7,259,325,0,8,0,0x0,0x27,0x39,0,8,0,120,461,6,10,0
1900.0,3,10,10,7,7,259,325,0,8,0,0x0,0x27,0x39,0,8,0,120,463,8,10,0
2000.0,3,10,10,7,7,259,325,0,8,0,0x0,0x27,0x39,0,8,0,120,463,8,10,0
2100.0,3,10,10,7,7,259,325,0,8,0,0x0,0x27,0x39,0,8,0,120,528,8,10,0
2200.0,3,10,10,7,7,259,325,0,8,0,0x0,0x27,0x39,0,8,0,120,528,8,10,0
2300.0,3,10,10,7,7,259,325,0,8,0,0x0,0x27,0x39,0,8,0,120,528,8,10,0
2400.0,3,10,10,7,7,259,325,0,8,0,0x0,0x27,0x39,0,8,0,120,528,8,10,0
2500.0,3,10,10,7,7,259,325,0,8,0,0x0,0x27,0x39,0,8,0,120,528,8,10,0
2600.0,3,10,10,7,7,259,325,0,8,0,0x0,0x27,0x39,0,8,0,120,528,8,10,0
2700.0,3,10,10,7,7,259,325,0,8,0,0x0,0x27,0x39,0,8,0,120,593,8,10,0
2800.0,3,10,10,7,7,259,325,0,8,0,0x0,0x27,0x39,0,8,0,120,593,8,10,0
2900.0,3,10,10,7,7,259,325,0,8,0,0x0,0x27,0x39,0,8,0,120,593,8,10,0
3000.0,3,10,10,7,7,259,325,0,8,0,0x0,0x27,0x39,0,8,0,120,595,10,10,0
3100.0,3,10,10,7,7,259,325,0,8,0,0x0,0x27,0x39,0,8,0,120,595,10,10,0
3200.0,3,10,10,7,7,259,325,0,8,0,0x0,0x27,0x39,0,8,0,120,662,12,10,0
3300.0,3,10,10,7,7,259,325,0,8,0,0x0,0x27,0x39,0,8,0,120,662,12,10,0
3400.0,3,10,10,7,7,259,325,0,8,0,0x0,0x27,0x39,0,8,0,120,662,12,10,0
3500.0,3,10,10,7,7,259,325,0,8,0,0x0,0x27,0x39,0,8,0,120,662,12,10,0
3600.0,3,10,10,7,7,259,325,0,8,0,0x0,0x27,0x39,0,8,0,120,662,12,10,0
3700.0,6,10,0,7,7,259,325,0,8,0,0x0,0x27,0x39,0,8,0,120,662,12,10,0
3800.0,6,10,0,7,7,259,325,0,8,0,0x0,0x27,0x39,0,8,0,120,662,12,10,0
3900.0,6,10,0,7,7,259,325,0,8,0,0x0,0x27,0x39,0,8,0,120,662,12,10,0
4000.0,6,10,0,7,7,259,325,0,8,0,0x0,0x27,0x39,0,8,0,120,662,12,10,0
4100.0,6,10,0,7,7,259,325,0,8,0,0x0,0x27,0x39,0,8,0,120,662,12,10,0
4200.0,6,10,0,7,7,259,325,0,8,0,0x0,0x27,0x39,0,8,0,120,662,12,10,0
4300.0,6,10,0,7,7,259,325,0,8,0,0x0,0x27,0x39,0,8,0,120,664,14,10,0
4400.0,6,10,0,7,7,259,325,0,8,0,0x0,0x27,0x39,0,8,0,120,664,14,10,0
4500.0,6,10,0,7,7,259,325,0,8,0,0x0,0x27,0x39,0,8,0,120,666,16,10,0
4600.0,6,10,0,7,7,259,325,0,8,0,0x0,0x27,0x39,0,8,0,120,666,16,10,0
4700.0,6,10,0,7,7,259,325,0,8,0,0x0,0x27,0x39,0,8,0,120,666,16,10,0
4800.0,6,10,0,7,7,259,325,0,8,0,0x0,0x27,0x39,0,8,0,120,666,16,10,0
4900.0,6,10,0,7,7,259,325,0,8,0,0x0,0x27,0x39,0,8,0,120,666,16,10,0
5000.0,6,10,0,7,7,259,325,0,8,0,0x0,0x27,0x39,0,8,0,120,666,16,10,0
5100.0,6,10,0,7,7,259,325,0,8,0,0x0,0x27,0x39,0,8,0,120,666,16,10,0
5200.0,6,10,0,7,7,259,325,0,8,0,0x0,0x27,0x39,0,8,0,120,666,16,10,0
5300.0,6,10,0,7,7,259,325,0,8,0,0x0,0x27,0x39,0,8,0,120,666,16,10,0
5400.0,6,10,0,7,7,259,325,0,8,0,0x0,0x27,0x39,0,8,0,120,666,16,10,0
5500.0,6,10,0,7,7,259,325,0,8,0,0x0,0x27,0x39,0,8,0,120,666,16,10,0
5600.0,6,10,0,7,7,259,325,0,8,0,0x0,0x27,0x39,0,8,0,120,668,18,10,0
5700.0,6,10,0,7,7,259,325,0,8,0,0x0,0x27,0x39,0,8,0,120,670,20,10,0
5800.0,6,10,0,7,7,259,325,0,8,0,0x0,0x27,0x39,0,8,0,120,670,20,10,0
5900.0,6,10,0,7,7,259,325,0,8,0,0x0,0x27,0x39,0,8,0,120,670,20,10,0
6000.0,6,10,0,7,7,259,325,0,8,0,0x0,0x27,0x39,0,8,0,120,670,20,10,0
6100.0,6,10,0,7,7,259,325,0,8,0,0x0,0x27,0x39,0,8,0,120,670,20,10,0
6200.0,6,10,0,7,7,259,325,0,8,0,0x0,0x27,0x39,0,8,0,120,670,20,10,0
6300.0,6,10,0,7,7,259,325,0,8,0,0x0,0x27,0x39,0,8,0,120,670,20,10,0
6400.0,6,10,0,7,7,259,325,0,8,0,0x0,0x27,0x39,0,8,0,120,670,20,10,0
6500.0,6,10,0,7,7,259,325,0,8,0,0x0,0x27,0x39,0,8,0,120,670,20,10,0
6600.0,6,10,0,7,7,259,325,0,8,0,0x0,0x27,0x39,0,8,0,120,670,20,10,0
6700.0,6,10,0,7,7,259,325,0,8,0,0x0,0x27,0x39,0,8,0,120,670,20,10,0
6800.0,6,10,0,7,7,259,325,0,8,0,0x0,0x27,0x39,0,8,0,120,672,22,10,0
6900.0,6,10,0,7,7,259,325,0,8,0,0x0,0x27,0x39,0,8,0,120,672,22,10,0
7000.0,6,10,0,7,7,259,325,0,8,0,0x0,0x27,0x39,0,8,0,120,674,24,10,0
7100.0,6,10,0,7,7,259,325,0,8,0,0x0,0x27,0x39,0,8,0,120,674,24,10,0
7200.0,6,10,0,7,7,259,325,0,8,0,0x0,0x27,0x39,0,8,0,120,674,24,10,0
7300.0,6,10,0,7,7,259,325,0,8,0,0x0,0x27,0x39,0,8,0,120,674,24,10,0
7400.0,6,10,0,7,7,259,325,0,8,0,0x0,0x27,0x39,0,8,0,120,674,24,10,0
7500.0,6,10,0,7,7,259,325,0,8,0,0x0,0x27,0x39,0,8,0,120,674,24,10,0
7600.0,6,10,0,7,7,259,325,0,8,0,0x0,0x27,0x39,0,8,0,120,674,24,10,0
7700.0,6,10,0,7,7,259,325,0,8,0,0x0,0x27,0x39,0,8,0,120,674,24,10,0
7800.0,6,10,0,7,7,259,325,0,8,0,0x0,0x27,0x39,0,8,0,120,674,24,10,0
7900.0,6,10,0,7,7,259,325,0,8,0,0x0,0x27,0x39,0,8,0,120,674,24,10,0
8000.0,6,10,0,7,7,259,325,0,8,0,0x0,0x27,0x39,0,8,0,120,674,24,10,0
8100.0,6,10,0,7,7,259,325,0,8,0,0x0,0x27,0x39,0,8,0,120,676,26,10,0
8200.0,6,10,0,7,7,259,325,0,8,0,0x0,0x27,0x39,0,8,0,120,676,26,10,0
8300.0,6,10,0,7,7,259,325,0,8,0,0x0,0x27,0x39,0,8,0,120,678,28,10,0
8400.0,6,10,0,7,7,259,325,0,8,0,0x0,0x27,0x39,0,8,0,120,678,28,10,0
8500.0,6,10,0,7,7,259,325,0,8,0,0x0,0x27,0x39,0,8,0,120,678,28,10,0
8600.0,6,10,0,7,7,259,325,0,8,0,0x0,0x27,0x39,0,8,0,120,678,28,10,0
8700.0,6,10,0,7,7,259,325,0,8,0,0x0,0x27,0x39,0,8,0,120,678,28,10,0
8800.0,6,10,0,7,7,259,325,0,8,0,0x0,0x27,0x39,0,8,0,120,678,28,10,0
8900.0,6,10,0,7,7,259,325,0,8,0,0x0,0x27,0x39,0,8,0,120,678,28,10,0
9000.0,6,10,0,7,7,259,325,0,8,0,0x0,0x27,0x39,0,8,0,120,678,28,10,0
9100.0,6,10,0,7,7,259,325,0,8,0,0x0,0x27,0x39,0,8,0,120,678,28,10,0
9200.0,6,10,0,7,7,259,325,0,8,0,0x0,0x27,0x39,0,8,0,120,678,28,10,0
9300.0,6,10,0,7,7,259,325,0,8,0,0x0,0x27,0x39,0,8,0,120,678,28,10,0
9400.0,6,10,0,7,7,259,325,0,8,0,0x0,0x27,0x39,0,8,0,120,680,30,10,0
9500.0,6,10,0,7,7,259,325,0,8,0,0x0,0x27,0x39,0,8,0,120,680,30,10,0
9600.0,6,10,0,7,7,259,325,0,8,0,0x0,0x27,0x39,0,8,0,120,682,32,10,0
9700.0,6,10,0,7,7,259,325,0,8,0,0x0,0x27,0x39,0,8,0,120,682,32,10,0
9800.0,6,10,0,7,7,259,325,0,8,0,0x0,0x27,0x39,0,8,0,120,682,32,10,0
9900.0,6,10,0,7,7,259,325,0,8,0,0x0,0x27,0x39,0,8,0,120,682,32,10,0
