tag,mode,rep,segments,t_detect_s,t_restart_s,rc0,rc1,wall_s,init_ms0,ready_ms0,loop_ms0,ok0,ok1,fail_iter0,fail_iter1,med_ms0,p99_ms0,busbw0,med_ms1,busbw1,t_recover_ms,recovered,injected,resume_iter,seg1_wall_s,seg2_wall_s
fault_default_4194304_baseline_r0,baseline,0,1,,,0,0,1.4518,212.8,868.6,243.291,100,100,-1,-1,2.2733,2.3368,7.38,2.265,7.407,,,,,,
fault_default_4194304_recover_r0,recover,0,1,,,0,0,1.4214,194.8,835.3,244.921,100,100,-1,-1,2.2673,2.3565,7.4,2.2554,7.439,2.291,1,1,,,
fault_default_4194304_restart_r0,restart,0,2,0.0001,,0,0,4.9824,197.2,848.9,211.75,87,87,-1,-1,2.2767,2.3377,7.369,2.2637,7.411,,,1,13,1.117,1.4366
fault_default_4194304_baseline_r1,baseline,1,1,,,0,0,1.4135,175.6,825.9,242.519,100,100,-1,-1,2.2667,2.3279,7.402,2.2514,7.452,,,,,,
fault_default_4194304_recover_r1,recover,1,1,,,0,0,1.4268,197.6,816.7,246.129,100,100,-1,-1,2.2779,2.3752,7.365,2.27,7.391,2.325,1,1,,,
fault_default_4194304_restart_r1,restart,1,2,0.0001,,0,0,4.91,172.2,793.9,211.202,87,87,-1,-1,2.2617,2.355,7.418,2.2528,7.447,,,1,13,1.1166,1.381
fault_default_4194304_baseline_r2,baseline,2,1,,,0,0,1.4368,189.4,851.8,242.659,100,100,-1,-1,2.2702,2.3586,7.39,2.2564,7.435,,,,,,
fault_default_4194304_recover_r2,recover,2,1,,,0,0,1.4165,171.4,830.4,246.703,100,100,-1,-1,2.2895,2.3664,7.328,2.2773,7.367,2.306,1,1,,,
fault_default_4194304_restart_r2,restart,2,2,0.0001,,0,0,4.9879,155.6,808.6,211.369,87,87,-1,-1,2.2688,2.342,7.395,2.2557,7.438,,,1,13,1.1606,1.3966
fault_default_4194304_baseline_r3,baseline,3,1,,,0,0,1.4112,174.1,826.2,242.554,100,100,-1,-1,2.2725,2.3267,7.383,2.2572,7.433,,,,,,
fault_default_4194304_recover_r3,recover,3,1,,,0,0,1.4065,178.5,821.9,244.856,100,100,-1,-1,2.2644,2.5897,7.409,2.253,7.447,2.292,1,1,,,
fault_default_4194304_restart_r3,restart,3,2,0.0001,,0,0,4.9762,193.8,840.8,211.564,87,87,-1,-1,2.2766,2.3271,7.37,2.2631,7.413,,,1,13,1.1206,1.4269
fault_default_4194304_baseline_r4,baseline,4,1,,,0,0,1.4115,196.6,825.0,242.006,100,100,-1,-1,2.2627,2.3343,7.415,2.2514,7.452,,,,,,
fault_default_4194304_recover_r4,recover,4,1,,,0,0,1.4267,192.2,839.3,244.891,100,100,-1,-1,2.2673,2.3547,7.4,2.258,7.43,2.326,1,1,,,
fault_default_4194304_restart_r4,restart,4,2,0.0001,,0,0,5.0239,201.8,861.2,211.255,87,87,-1,-1,2.2692,2.3363,7.394,2.2603,7.423,,,1,13,1.1527,1.4468
