mode,retry_cnt,qp_timeout,rnr_retry,loss_pct,n_attempted,n_observed,n_ok,n_retry_exc,n_rnr_retry_exc,n_wr_flush,n_other,mean_us,p50_us,p99_us,min_us,max_us
netem,0,8,7,0,200,200,200,0,0,0,0,2.83,2.76,3.04,2.70,13.32
netem,0,12,7,0,200,200,200,0,0,0,0,2.80,2.75,3.21,2.61,8.27
netem,0,14,7,0,200,200,200,0,0,0,0,2.83,2.78,3.07,2.72,7.23
netem,0,17,7,0,200,200,200,0,0,0,0,2.83,2.70,3.16,2.62,15.28
netem,0,20,7,0,200,200,200,0,0,0,0,2.78,2.72,3.04,2.64,12.01
netem,1,8,7,0,200,200,200,0,0,0,0,2.89,2.75,3.31,2.68,14.26
netem,1,12,7,0,200,200,200,0,0,0,0,2.84,2.76,3.16,2.67,13.45
netem,1,14,7,0,200,200,200,0,0,0,0,2.87,2.75,3.17,2.66,13.26
netem,1,17,7,0,200,200,200,0,0,0,0,2.79,2.74,3.04,2.61,12.76
netem,1,20,7,0,200,200,200,0,0,0,0,2.84,2.76,3.08,2.66,14.25
netem,3,8,7,0,200,200,200,0,0,0,0,2.84,2.75,3.05,2.66,12.62
netem,3,12,7,0,200,200,200,0,0,0,0,2.86,2.75,3.17,2.65,12.97
netem,3,14,7,0,200,200,200,0,0,0,0,2.88,2.76,3.21,2.64,15.62
netem,3,17,7,0,200,200,200,0,0,0,0,2.89,2.74,3.14,2.66,16.85
netem,3,20,7,0,200,200,200,0,0,0,0,2.78,2.75,3.07,2.63,6.95
netem,7,8,7,0,200,200,200,0,0,0,0,2.78,2.74,3.07,2.63,6.94
netem,7,12,7,0,200,200,200,0,0,0,0,2.96,2.74,3.19,2.68,32.87
netem,7,14,7,0,200,200,200,0,0,0,0,2.79,2.72,3.08,2.64,12.20
netem,7,17,7,0,200,200,200,0,0,0,0,2.86,2.73,3.23,2.63,15.55
netem,7,20,7,0,200,200,200,0,0,0,0,2.81,2.69,3.04,2.63,13.42
