scenario,trial,side,counter,before,after,delta
LOC_PROT_LEN,0,client,link_down_events_phy,0,0,0
LOC_PROT_LEN,0,client,outbound_pci_stalled_rd,0,0,0
LOC_PROT_LEN,0,client,outbound_pci_stalled_rd_events,0,0,0
LOC_PROT_LEN,0,client,outbound_pci_stalled_wr,0,0,0
LOC_PROT_LEN,0,client,outbound_pci_stalled_wr_events,0,0,0
LOC_PROT_LEN,0,client,rx_crc_errors_phy,0,0,0
LOC_PROT_LEN,0,client,rx_discards_phy,0,0,0
LOC_PROT_LEN,0,client,rx_global_pause_duration,113682,113682,0
LOC_PROT_LEN,0,client,rx_if_down_packets,0,0,0
LOC_PROT_LEN,0,client,rx_out_of_buffer,20747,20747,0
LOC_PROT_LEN,0,client,rx_oversize_pkts_buffer,0,0,0
LOC_PROT_LEN,0,client,rx_pause_ctrl_phy,20416,20416,0
LOC_PROT_LEN,0,client,rx_pci_signal_integrity,0,0,0
LOC_PROT_LEN,0,client,rx_steer_missed_packets,6023,6023,0
LOC_PROT_LEN,0,client,rx_symbol_err_phy,0,0,0
LOC_PROT_LEN,0,client,rx_vport_rdma_unicast_bytes,173597581826,173597581974,148
LOC_PROT_LEN,0,client,rx_vport_rdma_unicast_packets,2799959289,2799959291,2
LOC_PROT_LEN,0,client,rx_vport_unicast_bytes,190074857777,190074858465,688
LOC_PROT_LEN,0,client,rx_vport_unicast_packets,125570987,125570996,9
LOC_PROT_LEN,0,client,rx_wqe_err,0,0,0
LOC_PROT_LEN,0,client,tx_cqe_err,0,0,0
LOC_PROT_LEN,0,client,tx_discards_phy,0,0,0
LOC_PROT_LEN,0,client,tx_errors_phy,0,0,0
LOC_PROT_LEN,0,client,tx_global_pause_duration,40,40,0
LOC_PROT_LEN,0,client,tx_pause_ctrl_phy,2,2,0
LOC_PROT_LEN,0,client,tx_pci_signal_integrity,0,0,0
LOC_PROT_LEN,0,client,tx_vport_rdma_unicast_bytes,8266043824432,8266043828974,4542
LOC_PROT_LEN,0,client,tx_vport_rdma_unicast_packets,8958008114,8958008119,5
LOC_PROT_LEN,0,client,tx_vport_unicast_bytes,155969069,155969829,760
LOC_PROT_LEN,0,client,tx_vport_unicast_packets,2349873,2349883,10
LOC_PROT_LEN,0,server,link_down_events_phy,1,1,0
LOC_PROT_LEN,0,server,outbound_pci_stalled_rd,0,0,0
LOC_PROT_LEN,0,server,outbound_pci_stalled_rd_events,0,0,0
LOC_PROT_LEN,0,server,outbound_pci_stalled_wr,0,0,0
LOC_PROT_LEN,0,server,outbound_pci_stalled_wr_events,0,0,0
LOC_PROT_LEN,0,server,rx_crc_errors_phy,0,0,0
LOC_PROT_LEN,0,server,rx_discards_phy,0,0,0
LOC_PROT_LEN,0,server,rx_global_pause_duration,40,40,0
LOC_PROT_LEN,0,server,rx_if_down_packets,1166,1166,0
LOC_PROT_LEN,0,server,rx_out_of_buffer,0,0,0
LOC_PROT_LEN,0,server,rx_oversize_pkts_buffer,0,0,0
LOC_PROT_LEN,0,server,rx_pause_ctrl_phy,2,2,0
LOC_PROT_LEN,0,server,rx_pci_signal_integrity,0,0,0
LOC_PROT_LEN,0,server,rx_steer_missed_packets,375,375,0
LOC_PROT_LEN,0,server,rx_symbol_err_phy,0,0,0
LOC_PROT_LEN,0,server,rx_vport_rdma_unicast_bytes,8266043824432,8266043828974,4542
LOC_PROT_LEN,0,server,rx_vport_rdma_unicast_packets,8958008114,8958008119,5
LOC_PROT_LEN,0,server,rx_vport_unicast_bytes,155969069,155969829,760
LOC_PROT_LEN,0,server,rx_vport_unicast_packets,2349873,2349883,10
LOC_PROT_LEN,0,server,rx_wqe_err,0,0,0
LOC_PROT_LEN,0,server,tx_cqe_err,0,0,0
LOC_PROT_LEN,0,server,tx_discards_phy,0,0,0
LOC_PROT_LEN,0,server,tx_errors_phy,0,0,0
LOC_PROT_LEN,0,server,tx_global_pause_duration,113679,113679,0
LOC_PROT_LEN,0,server,tx_pause_ctrl_phy,20416,20416,0
LOC_PROT_LEN,0,server,tx_pci_signal_integrity,6,6,0
LOC_PROT_LEN,0,server,tx_vport_rdma_unicast_bytes,173597292992,173597293140,148
LOC_PROT_LEN,0,server,tx_vport_rdma_unicast_packets,2799956234,2799956236,2
LOC_PROT_LEN,0,server,tx_vport_unicast_bytes,190074857777,190074858465,688
LOC_PROT_LEN,0,server,tx_vport_unicast_packets,125570987,125570996,9
,1,client,link_down_events_phy,0,0,0
,1,client,outbound_pci_stalled_rd,0,0,0
,1,client,outbound_pci_stalled_rd_events,0,0,0
,1,client,outbound_pci_stalled_wr,0,0,0
,1,client,outbound_pci_stalled_wr_events,0,0,0
,1,client,rx_crc_errors_phy,0,0,0
,1,client,rx_discards_phy,0,0,0
,1,client,rx_global_pause_duration,113682,113682,0
,1,client,rx_if_down_packets,0,0,0
,1,client,rx_out_of_buffer,20747,20747,0
,1,client,rx_oversize_pkts_buffer,0,0,0
,1,client,rx_pause_ctrl_phy,20416,20416,0
,1,client,rx_pci_signal_integrity,0,0,0
,1,client,rx_steer_missed_packets,6023,6023,0
,1,client,rx_symbol_err_phy,0,0,0
,1,client,rx_vport_rdma_unicast_bytes,173597581974,173597582048,74
,1,client,rx_vport_rdma_unicast_packets,2799959291,2799959292,1
,1,client,rx_vport_unicast_bytes,190074858465,190074859150,685
,1,client,rx_vport_unicast_packets,125570996,125571005,9
,1,client,rx_wqe_err,0,0,0
,1,client,tx_cqe_err,0,0,0
,1,client,tx_discards_phy,0,0,0
,1,client,tx_errors_phy,0,0,0
,1,client,tx_global_pause_duration,40,40,0
,1,client,tx_pause_ctrl_phy,2,2,0
,1,client,tx_pci_signal_integrity,0,0,0
,1,client,tx_vport_rdma_unicast_bytes,8266043828974,8266043833516,4542
,1,client,tx_vport_rdma_unicast_packets,8958008119,8958008124,5
,1,client,tx_vport_unicast_bytes,155969829,155970590,761
,1,client,tx_vport_unicast_packets,2349883,2349893,10
,1,server,link_down_events_phy,1,1,0
,1,server,outbound_pci_stalled_rd,0,0,0
,1,server,outbound_pci_stalled_rd_events,0,0,0
,1,server,outbound_pci_stalled_wr,0,0,0
,1,server,outbound_pci_stalled_wr_events,0,0,0
,1,server,rx_crc_errors_phy,0,0,0
,1,server,rx_discards_phy,0,0,0
,1,server,rx_global_pause_duration,40,40,0
,1,server,rx_if_down_packets,1166,1166,0
,1,server,rx_out_of_buffer,0,0,0
,1,server,rx_oversize_pkts_buffer,0,0,0
,1,server,rx_pause_ctrl_phy,2,2,0
,1,server,rx_pci_signal_integrity,0,0,0
,1,server,rx_steer_missed_packets,375,375,0
,1,server,rx_symbol_err_phy,0,0,0
,1,server,rx_vport_rdma_unicast_bytes,8266043828974,8266043833516,4542
,1,server,rx_vport_rdma_unicast_packets,8958008119,8958008124,5
,1,server,rx_vport_unicast_bytes,155969829,155970590,761
,1,server,rx_vport_unicast_packets,2349883,2349893,10
,1,server,rx_wqe_err,0,0,0
,1,server,tx_cqe_err,0,0,0
,1,server,tx_discards_phy,0,0,0
,1,server,tx_errors_phy,0,0,0
,1,server,tx_global_pause_duration,113679,113679,0
,1,server,tx_pause_ctrl_phy,20416,20416,0
,1,server,tx_pci_signal_integrity,6,6,0
,1,server,tx_vport_rdma_unicast_bytes,173597293140,173597293214,74
,1,server,tx_vport_rdma_unicast_packets,2799956236,2799956237,1
,1,server,tx_vport_unicast_bytes,190074858465,190074859150,685
,1,server,tx_vport_unicast_packets,125570996,125571005,9
,2,client,link_down_events_phy,0,0,0
,2,client,outbound_pci_stalled_rd,0,0,0
,2,client,outbound_pci_stalled_rd_events,0,0,0
,2,client,outbound_pci_stalled_wr,0,0,0
,2,client,outbound_pci_stalled_wr_events,0,0,0
,2,client,rx_crc_errors_phy,0,0,0
,2,client,rx_discards_phy,0,0,0
,2,client,rx_global_pause_duration,113682,113682,0
,2,client,rx_if_down_packets,0,0,0
,2,client,rx_out_of_buffer,20747,20747,0
,2,client,rx_oversize_pkts_buffer,0,0,0
,2,client,rx_pause_ctrl_phy,20416,20416,0
,2,client,rx_pci_signal_integrity,0,0,0
,2,client,rx_steer_missed_packets,6023,6023,0
,2,client,rx_symbol_err_phy,0,0,0
,2,client,rx_vport_rdma_unicast_bytes,173597582048,173597582122,74
,2,client,rx_vport_rdma_unicast_packets,2799959292,2799959293,1
,2,client,rx_vport_unicast_bytes,190074859150,190074859837,687
,2,client,rx_vport_unicast_packets,125571005,125571014,9
,2,client,rx_wqe_err,0,0,0
,2,client,tx_cqe_err,0,0,0
,2,client,tx_discards_phy,0,0,0
,2,client,tx_errors_phy,0,0,0
,2,client,tx_global_pause_duration,40,40,0
,2,client,tx_pause_ctrl_phy,2,2,0
,2,client,tx_pci_signal_integrity,0,0,0
,2,client,tx_vport_rdma_unicast_bytes,8266043833516,8266043838058,4542
,2,client,tx_vport_rdma_unicast_packets,8958008124,8958008129,5
,2,client,tx_vport_unicast_bytes,155970590,155971351,761
,2,client,tx_vport_unicast_packets,2349893,2349903,10
,2,server,link_down_events_phy,1,1,0
,2,server,outbound_pci_stalled_rd,0,0,0
,2,server,outbound_pci_stalled_rd_events,0,0,0
,2,server,outbound_pci_stalled_wr,0,0,0
,2,server,outbound_pci_stalled_wr_events,0,0,0
,2,server,rx_crc_errors_phy,0,0,0
,2,server,rx_discards_phy,0,0,0
,2,server,rx_global_pause_duration,40,40,0
,2,server,rx_if_down_packets,1166,1166,0
,2,server,rx_out_of_buffer,0,0,0
,2,server,rx_oversize_pkts_buffer,0,0,0
,2,server,rx_pause_ctrl_phy,2,2,0
,2,server,rx_pci_signal_integrity,0,0,0
,2,server,rx_steer_missed_packets,375,375,0
,2,server,rx_symbol_err_phy,0,0,0
,2,server,rx_vport_rdma_unicast_bytes,8266043833516,8266043838058,4542
,2,server,rx_vport_rdma_unicast_packets,8958008124,8958008129,5
,2,server,rx_vport_unicast_bytes,155970590,155971351,761
,2,server,rx_vport_unicast_packets,2349893,2349903,10
,2,server,rx_wqe_err,0,0,0
,2,server,tx_cqe_err,0,0,0
,2,server,tx_discards_phy,0,0,0
,2,server,tx_errors_phy,0,0,0
,2,server,tx_global_pause_duration,113679,113679,0
,2,server,tx_pause_ctrl_phy,20416,20416,0
,2,server,tx_pci_signal_integrity,6,6,0
,2,server,tx_vport_rdma_unicast_bytes,173597293214,173597293288,74
,2,server,tx_vport_rdma_unicast_packets,2799956237,2799956238,1
,2,server,tx_vport_unicast_bytes,190074859150,190074859837,687
,2,server,tx_vport_unicast_packets,125571005,125571014,9
