stack,backend,cq_type,classify,fault,wait_mode,trial,init_outcome,target_outcome,data_check,silent_success,init_silent_iters,iters_ok_r0,iters_ok_r1,device_rc,host_error,surface_by,fault_ms,t_dev_ms,t_mbx_ms,t_rc_ms,t_api_ms,q4_nrec,q4_ndump,q4_class,q4_fault,q4_status,q4_vendor,q4_syndrome,q4_qpn,q4_wqe,q4_path,q4_cq,q4_root_op,q4_polled,q4_window,q4_buffer_err,dump_class,dump_polled,dump_window,dump_buffer_err,late_reread,host_query,qpwatch_err_ms,stock_gin_error,teardown,leftover_procs,lat_n,lat_p50_us,lat_p90_us,lat_p99_us,lat_p999_us,lat_max_us,lat_mean_us,lat_cpu_ms,lat_wall_ms,gt_spread_us,clock_offset_ms,notes
nccl-gin,gdaki,ring,0,lat,blocking,b262144r1,ok,ok,ok,0,0,0,0,,none,-,,,,,,0,0,,,,,,,,,,,,,,,,,,,,,no,clean,0,10000,37.22,38.85,38.94,43.42,49.28,37.47,761.3,377.0,-2.2,-1131059128.056,r0rc=0;r1rc=0;gintype=3;drain_rc=;post_poll_ms=/;hook=-
nccl-gin,gdaki,ring,0,lat,blocking,b262144r2,ok,ok,ok,0,0,0,0,,none,-,,,,,,0,0,,,,,,,,,,,,,,,,,,,,,no,clean,0,10000,37.82,38.91,38.94,42.98,46.69,37.81,769.4,380.6,-2.2,-1131059128.073,r0rc=0;r1rc=0;gintype=3;drain_rc=;post_poll_ms=/;hook=-
nccl-gin,gdaki,ring,0,lat,blocking,b262144r3,ok,ok,ok,0,0,0,0,,none,-,,,,,,0,0,,,,,,,,,,,,,,,,,,,,,no,clean,0,10000,37.57,38.69,38.94,40.06,45.25,37.65,765.4,379.1,-1.4,-1131059129.658,r0rc=0;r1rc=0;gintype=3;drain_rc=;post_poll_ms=/;hook=-
nccl-gin,gdaki,ring,0,lat,blocking,b262144r4,ok,ok,ok,0,0,0,0,,none,-,,,,,,0,0,,,,,,,,,,,,,,,,,,,,,no,clean,0,10000,36.86,38.66,38.94,38.98,41.50,37.21,756.1,374.5,-1.4,-1131059129.687,r0rc=0;r1rc=0;gintype=3;drain_rc=;post_poll_ms=/;hook=-
nccl-gin,gdaki,ring,0,lat,blocking,b4096r1,ok,ok,ok,0,0,0,0,,none,-,,,,,,0,0,,,,,,,,,,,,,,,,,,,,,no,clean,0,10000,10.21,10.27,11.33,12.70,20.64,10.15,210.0,103.8,-1.2,-1131059127.928,r0rc=0;r1rc=0;gintype=3;drain_rc=;post_poll_ms=/;hook=-
nccl-gin,gdaki,ring,0,lat,blocking,b4096r2,ok,ok,ok,0,0,0,0,,none,-,,,,,,0,0,,,,,,,,,,,,,,,,,,,,,no,clean,0,10000,10.21,10.27,11.36,11.68,16.00,10.15,210.6,104.1,-1.1,-1131059127.954,r0rc=0;r1rc=0;gintype=3;drain_rc=;post_poll_ms=/;hook=-
nccl-gin,gdaki,ring,0,lat,blocking,b4096r3,ok,ok,ok,0,0,0,0,,none,-,,,,,,0,0,,,,,,,,,,,,,,,,,,,,,no,clean,0,10000,10.21,10.27,11.33,11.71,14.08,10.16,210.6,104.2,-1.0,-1131059129.557,r0rc=0;r1rc=0;gintype=3;drain_rc=;post_poll_ms=/;hook=-
nccl-gin,gdaki,ring,0,lat,blocking,b4096r4,ok,ok,ok,0,0,0,0,,none,-,,,,,,0,0,,,,,,,,,,,,,,,,,,,,,no,clean,0,10000,10.21,10.27,11.33,12.29,19.07,10.15,210.6,104.2,-1.3,-1131059129.576,r0rc=0;r1rc=0;gintype=3;drain_rc=;post_poll_ms=/;hook=-
nccl-gin,gdaki,ring,0,lat,timeout,b262144r1,ok,ok,ok,0,0,0,0,,none,-,,,,,,0,0,,,,,,,,,,,,,,,,,,,,,no,clean,0,10000,36.86,38.56,38.94,38.98,41.28,37.17,755.4,374.2,-1.4,-1131059127.982,r0rc=0;r1rc=0;gintype=3;drain_rc=;post_poll_ms=/;hook=-
nccl-gin,gdaki,ring,0,lat,timeout,b262144r2,ok,ok,ok,0,0,0,0,,none,-,,,,,,0,0,,,,,,,,,,,,,,,,,,,,,no,clean,0,10000,37.28,38.72,38.94,39.04,45.47,37.41,760.3,376.5,-2.3,-1131059128.025,r0rc=0;r1rc=0;gintype=3;drain_rc=;post_poll_ms=/;hook=-
nccl-gin,gdaki,ring,0,lat,timeout,b262144r3,ok,ok,ok,0,0,0,0,,none,-,,,,,,0,0,,,,,,,,,,,,,,,,,,,,,no,clean,0,10000,37.50,38.69,38.94,40.96,45.41,37.55,762.7,377.8,-1.6,-1131059129.605,r0rc=0;r1rc=0;gintype=3;drain_rc=;post_poll_ms=/;hook=-
nccl-gin,gdaki,ring,0,lat,timeout,b262144r4,ok,ok,ok,0,0,0,0,,none,-,,,,,,0,0,,,,,,,,,,,,,,,,,,,,,no,clean,0,10000,37.63,38.78,38.94,45.06,47.14,37.63,765.1,378.9,-1.7,-1131059129.638,r0rc=0;r1rc=0;gintype=3;drain_rc=;post_poll_ms=/;hook=-
nccl-gin,gdaki,ring,0,lat,timeout,b4096r1,ok,ok,ok,0,0,0,0,,none,-,,,,,,0,0,,,,,,,,,,,,,,,,,,,,,no,clean,0,10000,10.21,10.30,11.30,13.79,20.32,9.99,207.5,102.6,-1.0,-1131059127.883,r0rc=0;r1rc=0;gintype=3;drain_rc=;post_poll_ms=/;hook=-
nccl-gin,gdaki,ring,0,lat,timeout,b4096r2,ok,ok,ok,0,0,0,0,,none,-,,,,,,0,0,,,,,,,,,,,,,,,,,,,,,no,clean,0,10000,10.11,10.27,10.59,11.55,14.08,9.91,205.4,101.6,-1.0,-1131059127.899,r0rc=0;r1rc=0;gintype=3;drain_rc=;post_poll_ms=/;hook=-
nccl-gin,gdaki,ring,0,lat,timeout,b4096r3,ok,ok,ok,0,0,0,0,,none,-,,,,,,0,0,,,,,,,,,,,,,,,,,,,,,no,clean,0,10000,9.98,10.24,10.37,11.52,18.43,9.86,218.0,107.9,-2.2,-1131059129.493,r0rc=0;r1rc=0;gintype=3;drain_rc=;post_poll_ms=/;hook=-
nccl-gin,gdaki,ring,0,lat,timeout,b4096r4,ok,ok,ok,0,0,0,0,,none,-,,,,,,0,0,,,,,,,,,,,,,,,,,,,,,no,clean,0,10000,10.11,10.27,10.82,12.83,27.84,9.92,205.2,101.5,-1.4,-1131059129.527,r0rc=0;r1rc=0;gintype=3;drain_rc=;post_poll_ms=/;hook=-
nccl-gin,gdaki,ring,1,lat,blocking,b262144p1000r1,ok,ok,ok,0,0,0,0,,none,-,,,,,,0,0,,,,,,,,,,,,,,,,,,,,,no,clean,0,10000,38.24,38.91,38.94,40.00,271.65,37.98,773.6,382.3,-1.0,-1131059127.841,r0rc=0;r1rc=0;gintype=3;drain_rc=;post_poll_ms=/;hook=-
nccl-gin,gdaki,ring,1,lat,blocking,b262144p1000r2,ok,ok,ok,0,0,0,0,,none,-,,,,,,0,0,,,,,,,,,,,,,,,,,,,,,no,clean,0,10000,37.79,38.91,38.94,39.97,48.93,37.82,769.6,380.5,-1.6,-1131059127.843,r0rc=0;r1rc=0;gintype=3;drain_rc=;post_poll_ms=/;hook=-
nccl-gin,gdaki,ring,1,lat,blocking,b262144r1,ok,ok,ok,0,0,0,0,,none,-,,,,,,0,0,,,,,,,,,,,,,,,,,,,,,no,clean,0,10000,38.34,38.91,39.01,40.03,85.76,37.99,790.1,382.2,-1.8,-1131059128.063,r0rc=0;r1rc=0;gintype=3;drain_rc=;post_poll_ms=/;hook=-
nccl-gin,gdaki,ring,1,lat,blocking,b262144r2,ok,ok,ok,0,0,0,0,,none,-,,,,,,0,0,,,,,,,,,,,,,,,,,,,,,no,clean,0,10000,37.92,38.88,38.98,40.03,46.91,37.89,789.8,381.3,-1.2,-1131059128.101,r0rc=0;r1rc=0;gintype=3;drain_rc=;post_poll_ms=/;hook=-
nccl-gin,gdaki,ring,1,lat,blocking,b262144r3,ok,ok,ok,0,0,0,0,,none,-,,,,,,0,0,,,,,,,,,,,,,,,,,,,,,no,clean,0,10000,37.22,38.72,38.98,39.97,65.66,37.51,780.3,377.4,-1.8,-1131059129.684,r0rc=0;r1rc=0;gintype=3;drain_rc=;post_poll_ms=/;hook=-
nccl-gin,gdaki,ring,1,lat,blocking,b262144r4,ok,ok,ok,0,0,0,0,,none,-,,,,,,0,0,,,,,,,,,,,,,,,,,,,,,no,clean,0,10000,36.93,38.88,38.98,41.38,46.59,37.45,779.7,377.0,-1.2,-1131059129.711,r0rc=0;r1rc=0;gintype=3;drain_rc=;post_poll_ms=/;hook=-
nccl-gin,gdaki,ring,1,lat,blocking,b4096p1000r1,ok,ok,ok,0,0,0,0,,none,-,,,,,,0,0,,,,,,,,,,,,,,,,,,,,,no,clean,0,10000,10.27,10.43,11.49,16.38,20.48,10.36,214.8,106.0,-1.3,-1131059127.843,r0rc=0;r1rc=0;gintype=3;drain_rc=;post_poll_ms=/;hook=-
nccl-gin,gdaki,ring,1,lat,blocking,b4096p1000r2,ok,ok,ok,0,0,0,0,,none,-,,,,,,0,0,,,,,,,,,,,,,,,,,,,,,no,clean,0,10000,10.27,10.40,11.42,12.00,14.30,10.34,214.1,105.7,-1.1,-1131059127.855,r0rc=0;r1rc=0;gintype=3;drain_rc=;post_poll_ms=/;hook=-
nccl-gin,gdaki,ring,1,lat,blocking,b4096r1,ok,ok,ok,0,0,0,0,,none,-,,,,,,0,0,,,,,,,,,,,,,,,,,,,,,no,clean,0,10000,10.27,10.43,11.46,14.56,18.98,10.35,219.5,106.0,-1.5,-1131059127.955,r0rc=0;r1rc=0;gintype=3;drain_rc=;post_poll_ms=/;hook=-
nccl-gin,gdaki,ring,1,lat,blocking,b4096r2,ok,ok,ok,0,0,0,0,,none,-,,,,,,0,0,,,,,,,,,,,,,,,,,,,,,no,clean,0,10000,10.27,10.46,11.46,15.78,19.55,10.35,218.9,105.7,-1.0,-1131059127.981,r0rc=0;r1rc=0;gintype=3;drain_rc=;post_poll_ms=/;hook=-
nccl-gin,gdaki,ring,1,lat,blocking,b4096r3,ok,ok,ok,0,0,0,0,,none,-,,,,,,0,0,,,,,,,,,,,,,,,,,,,,,no,clean,0,10000,10.27,10.43,11.42,11.90,18.88,10.34,218.4,105.5,-1.0,-1131059129.565,r0rc=0;r1rc=0;gintype=3;drain_rc=;post_poll_ms=/;hook=-
nccl-gin,gdaki,ring,1,lat,blocking,b4096r4,ok,ok,ok,0,0,0,0,,none,-,,,,,,0,0,,,,,,,,,,,,,,,,,,,,,no,clean,0,10000,10.27,10.43,11.49,14.37,18.62,10.36,219.1,105.8,-1.0,-1131059129.584,r0rc=0;r1rc=0;gintype=3;drain_rc=;post_poll_ms=/;hook=-
nccl-gin,gdaki,ring,1,lat,timeout,b262144p1000r1,ok,ok,ok,0,0,0,0,,none,-,,,,,,0,0,,,,,,,,,,,,,,,,,,,,,no,clean,0,10000,37.50,38.72,38.94,39.01,59.52,37.54,764.2,377.8,-1.5,-1131059127.844,r0rc=0;r1rc=0;gintype=3;drain_rc=;post_poll_ms=/;hook=-
nccl-gin,gdaki,ring,1,lat,timeout,b262144p1000r2,ok,ok,ok,0,0,0,0,,none,-,,,,,,0,0,,,,,,,,,,,,,,,,,,,,,no,clean,0,10000,37.47,38.75,38.94,38.98,41.22,37.52,764.0,377.7,-1.0,-1131059127.849,r0rc=0;r1rc=0;gintype=3;drain_rc=;post_poll_ms=/;hook=-
nccl-gin,gdaki,ring,1,lat,timeout,b262144r1,ok,ok,ok,0,0,0,0,,none,-,,,,,,0,0,,,,,,,,,,,,,,,,,,,,,no,clean,0,10000,36.90,38.66,38.94,39.23,43.04,37.25,776.3,375.1,-1.4,-1131059128.010,r0rc=0;r1rc=0;gintype=3;drain_rc=;post_poll_ms=/;hook=-
nccl-gin,gdaki,ring,1,lat,timeout,b262144r2,ok,ok,ok,0,0,0,0,,none,-,,,,,,0,0,,,,,,,,,,,,,,,,,,,,,no,clean,0,10000,37.25,38.72,38.94,41.41,47.07,37.41,778.6,376.5,-1.0,-1131059128.027,r0rc=0;r1rc=0;gintype=3;drain_rc=;post_poll_ms=/;hook=-
nccl-gin,gdaki,ring,1,lat,timeout,b262144r3,ok,ok,ok,0,0,0,0,,none,-,,,,,,0,0,,,,,,,,,,,,,,,,,,,,,no,clean,0,10000,37.63,38.75,38.94,43.01,45.95,37.63,783.7,378.8,-1.1,-1131059129.620,r0rc=0;r1rc=0;gintype=3;drain_rc=;post_poll_ms=/;hook=-
nccl-gin,gdaki,ring,1,lat,timeout,b262144r4,ok,ok,ok,0,0,0,0,,none,-,,,,,,0,0,,,,,,,,,,,,,,,,,,,,,no,clean,0,10000,37.50,38.78,38.94,39.10,41.60,37.55,782.7,378.3,-1.0,-1131059129.643,r0rc=0;r1rc=0;gintype=3;drain_rc=;post_poll_ms=/;hook=-
nccl-gin,gdaki,ring,1,lat,timeout,b4096p1000r1,ok,ok,ok,0,0,0,0,,none,-,,,,,,0,0,,,,,,,,,,,,,,,,,,,,,no,clean,0,10000,10.21,10.27,10.69,11.58,14.27,9.94,205.8,101.6,-1.0,-1131059127.842,r0rc=0;r1rc=0;gintype=3;drain_rc=;post_poll_ms=/;hook=-
nccl-gin,gdaki,ring,1,lat,timeout,b4096p1000r2,ok,ok,ok,0,0,0,0,,none,-,,,,,,0,0,,,,,,,,,,,,,,,,,,,,,no,clean,0,10000,10.21,10.30,11.30,12.29,22.02,9.99,207.3,102.3,-1.0,-1131059127.844,r0rc=0;r1rc=0;gintype=3;drain_rc=;post_poll_ms=/;hook=-
nccl-gin,gdaki,ring,1,lat,timeout,b4096r1,ok,ok,ok,0,0,0,0,,none,-,,,,,,0,0,,,,,,,,,,,,,,,,,,,,,no,clean,0,10000,10.18,10.27,11.26,11.58,14.30,9.95,211.2,102.0,-1.1,-1131059127.899,r0rc=0;r1rc=0;gintype=3;drain_rc=;post_poll_ms=/;hook=-
nccl-gin,gdaki,ring,1,lat,timeout,b4096r2,ok,ok,ok,0,0,0,0,,none,-,,,,,,0,0,,,,,,,,,,,,,,,,,,,,,no,clean,0,10000,10.24,10.34,11.52,12.06,13.70,10.04,214.3,103.1,-1.0,-1131059127.916,r0rc=0;r1rc=0;gintype=3;drain_rc=;post_poll_ms=/;hook=-
nccl-gin,gdaki,ring,1,lat,timeout,b4096r3,ok,ok,ok,0,0,0,0,,none,-,,,,,,0,0,,,,,,,,,,,,,,,,,,,,,no,clean,0,10000,10.24,10.37,11.62,14.88,20.45,10.07,216.0,103.6,-2.2,-1131059129.508,r0rc=0;r1rc=0;gintype=3;drain_rc=;post_poll_ms=/;hook=-
nccl-gin,gdaki,ring,1,lat,timeout,b4096r4,ok,ok,ok,0,0,0,0,,none,-,,,,,,0,0,,,,,,,,,,,,,,,,,,,,,no,clean,0,10000,10.18,10.30,11.30,11.68,14.69,9.94,210.1,101.4,-1.9,-1131059129.545,r0rc=0;r1rc=0;gintype=3;drain_rc=;post_poll_ms=/;hook=-
