id,kind,cells,observable,predicted,acceptance,basis
CY1,N,mr4_cyc_stall@hr,"n_hs, transparent_ok, n_decl, rec_i","the three initiators of the cycle (0>1, 1>2, 2>0) recover without a handshake timeout or any decline, every edge ends ok, and each of the three pairs logs a recovered initiator round","count(n_hs == 0 and transparent_ok == 1 and n_decl == 0 and has(rec_i, ""0-1"") and has(rec_i, ""1-2"") and has(rec_i, ""2-0"")) >= 9","hr: a waiting initiator answers a lower rank's REQ inside its wait (gdakiTsServeLower); the lowest initiator of the cycle is answered by its higher target [source]. gin-multirank on hd: handshake timeout at 24.5 s, no recovery 5/5 [measured]"
CY2,N,mr4_cyc_stall@hr,rec_last_after_round_ms,the last recovered round of the cycle resumes within 5000 ms of the first round line,count(nonempty(rec_last_after_round_ms) and rec_last_after_round_ms <= 5000) >= 9,"300 ms helper stall per round, pair rounds refused by the hooked contexts (NACK 12) and rerun as full resets (gin-multirank Z2), each full round about 1.7 s; the chain took 2.08-2.09 s on ow (n=5) [measured, inferred]"
CY3,N,mr4_cyc_stall@hr,n_served,"at least one REQ is answered inside another round's ACK wait (the cycle is broken by the new rule, not by a timeout)",count(n_served >= 1) >= 9,all three initiators wait for an ACK at once when the cycle forms (cyc_spread_ms <= 250 by section 8) [source]
CY4,C,mr4_cyc_stall@hq,"n_hs, transparent_ok, hs_first_after_round_ms",control (gin-peer library): the cycle still waits for the ACK bound and declines with a handshake timeout 24.3-24.8 s after the round start; not transparent,count(n_hs >= 1 and transparent_ok == 0 and 24300 <= hs_first_after_round_ms <= 24800) >= 4,"gin-multirank Y1, Y2 on hd 5/5 [measured]; hq did not change the ACK wait [source]"
CY5,R,mr4_chain_stall@hr,"transparent_ok, n_decl, rec_last_after_round_ms","the chain 0>1, 1>2 (no cycle) stays transparent and resumes within 5000 ms",count(transparent_ok == 1 and n_decl == 0 and nonempty(rec_last_after_round_ms) and rec_last_after_round_ms <= 5000) >= 4,gin-multirank Z1 on hd 5/5 (2.08-2.09 s) [measured]
DG1,N,rm4_kill3_untimed@hr,"n_rel_dead, rel_after_dead_ms_r0, rel_after_dead_ms_r1, rel_after_dead_ms_r2","rank 3 killed, every receive untimed: each survivor's receive from rank 3 is released with an error 2000-3000 ms after that survivor judged rank 3 dead",count(n_rel_dead == 3 and 2000 <= rel_after_dead_ms_r0 <= 3000 and 2000 <= rel_after_dead_ms_r1 <= 3000 and 2000 <= rel_after_dead_ms_r2 <= 3000) >= 9,hr: word [0] goes up NCCL_GIN_TS_DEGRADED_MS=2000 after the first death (gdakiUaDegradedStep); waitSignal reads word [0] every 10000 polls [source]
DG2,N,rm4_kill3_untimed@hr,"n_degraded, degr_ranks, degr_after_dead_ms_r0..r2","each survivor logs one degraded release of word [0], 2000-2500 ms after its judged-dead line","count(n_degraded == 3 and degr_ranks == ""r0,r1,r2"" and 2000 <= degr_after_dead_ms_r0 <= 2500 and 2000 <= degr_after_dead_ms_r1 <= 2500 and 2000 <= degr_after_dead_ms_r2 <= 2500) >= 9","the schedule starts at the decline that follows the judgment (QP-to-ERR commands first, gdakiTsDecline) and the watcher polls every 20 us [source, inferred]"
DG3,N,rm4_kill3_untimed@hr,"n_surv_edges, surv_tx_ok, n_kdone_surv, n_stuck_surv","the per-peer sends between survivors (put + flushAsync(peer) + wait) all complete, and every survivor's kernel ends (nothing waits forever)",count(n_surv_edges == 6 and surv_tx_ok == 6 and n_kdone_surv == 3 and n_stuck_surv == 0) >= 9,"hr: a wait on one QP reads that peer's word, not word [0] (gin_gdaki.h tsWaitWord) [source]"
DG4,N,rm4_kill3_untimed@hr,n_rel_surv,"the cost: the receives between survivors, still waiting 2 s after the death, are released with an error as well (waitSignal cannot tell whose signal it waits for)",count(n_rel_surv == 6) >= 9,"traffic runs about 15 s, the kill comes at 9 s, the release at about 11 s [inferred]"
DG5,C,rm4_kill3_untimed@hq,"n_rel_dead, n_kdone_surv, n_stuck_surv, n_degraded","control (gin-peer library): no survivor's receive from rank 3 is released, every survivor's kernel is still running when the application gives up 15 s after the async error",count(n_rel_dead == 0 and n_kdone_surv == 0 and n_stuck_surv == 3 and n_degraded == 0) >= 4,"hq raises word [0] only when every peer is down, on abort, shrink or revoke (gin-peer review M1) [source]"
DG6,N,mr4_kill3_peer@hr,"n_surv_edges, surv_tx_failed, surv_rx_failed, n_degraded","gin-peer's cell (receives bounded at 10 s) on hr: survivors' sends all succeed, their receives fail on the degraded word (not on their bound), each survivor logs the degraded release",count(n_surv_edges == 6 and surv_tx_failed == 0 and surv_rx_failed == 6 and n_degraded == 3) >= 4,"gin-peer K1 (all six survivor edges ok, 10/10) does not hold on hr by design [source]"
GR1,N,rh_hog_f1_b@hr,"transparent_ok, rec_init_r0, n_copyto_r0, n_copyto_r1, hog_calls_after_r0, copy_path_r0","gin-handoff's order (first kernel load, cudaMalloc, stream creation after the GIN launch; GPU full): the round recovers transparently with every copy over the NIC and no copy timeout","count(transparent_ok == 1 and rec_init_r0 >= 1 and n_copyto_r0 == 0 and n_copyto_r1 == 0 and hog_calls_after_r0 == ""load,malloc,stream"" and copy_path_r0 == ""nic"" and copy_path_r1 == ""nic"") >= 9",hr: no CUDA call in a round (struct gdakiLb) [source]. gin-handoff G1: declined 5/5 [measured]
GR2,N,rh_hog_f1_b@hr,"probe_done_200ms_r0, probe_done_200ms_r1, hog_started_probe_r0, hog_started_probe_r1","the CUDA streams were held all the same: no new-stream probe copy ends within 200 ms and no GPU-filling block starts next to the GIN kernel, on either rank",count(probe_done_200ms_r0 == 0 and probe_done_200ms_r1 == 0 and hog_started_probe_r0 == 0 and hog_started_probe_r1 == 0) >= 9,gin-handoff G2 5/5 [measured]; the layer changes no CUDA call of the application [source]
GR3,N,rh_hog_f1_b@hr,"td_path_r0, td_path_r1, td_stream_copies_r0, td_stream_copies_r1",no device-state copy of the helper went through the stream (teardown counters),"count(td_path_r0 == ""nic"" and td_path_r1 == ""nic"" and td_stream_copies_r0 == 0 and td_stream_copies_r1 == 0) >= 9",[source]
GC1,C,rh_hog_f1_b@hq,"n_copyto_r0, rec_init_r0, transparent_ok","control (gin-peer library, same driver): the round's copy times out and declines, not transparent",count(n_copyto_r0 >= 1 and rec_init_r0 == 0 and transparent_ok == 0) >= 4,gin-handoff G1 on hf 5/5 [measured]; hq copies through the stream [source]
GC2,C,rh_hog_copystream_f1_b@hr,"copy_path_r0, n_copyto_r0, rec_init_r0, transparent_ok",control inside the hr build: with NCCL_GIN_TS_COPY_PATH=stream the same order declines on a copy timeout,"count(copy_path_r0 == ""stream"" and n_copyto_r0 >= 1 and rec_init_r0 == 0 and transparent_ok == 0) >= 4",the stream path is gin-peer's [source]
GS1,N,rh_hogcall_load_f1_b@hq,"hog_calls_after_r0, probe_done_200ms_r0, n_copyto_r0, transparent_ok",only the first kernel load after the GIN launch (cudaMalloc and the stream made before it): the probe copies are held and the hq round declines on a copy timeout,"count(hog_calls_after_r0 == ""load"" and probe_done_200ms_r0 == 0 and n_copyto_r0 >= 1 and transparent_ok == 0) >= 4","CUDA lazy loading: loading a kernel may need a context synchronization [document, inferred]"
GS2,N,rh_hogcall_malloc_f1_b@hq,"hog_calls_after_r0, probe_done_200ms_r0, n_copyto_r0, transparent_ok",only cudaMalloc after the GIN launch: the probe copies are held and the hq round declines on a copy timeout,"count(hog_calls_after_r0 == ""malloc"" and probe_done_200ms_r0 == 0 and n_copyto_r0 >= 1 and transparent_ok == 0) >= 4","CUDA programming guide, implicit synchronization: a device memory allocation between two commands of different streams [document, inferred]"
GS3,N,rh_hogcall_stream_f1_b@hq,"hog_calls_after_r0, probe_done_200ms_r0, probe_n_r0, n_copyto_r0, transparent_ok",only the stream creation after the GIN launch: the probe copies end within 200 ms and the hq round recovers transparently,"count(hog_calls_after_r0 == ""stream"" and probe_done_200ms_r0 == probe_n_r0 and n_copyto_r0 == 0 and transparent_ok == 1) >= 4","stream creation is not in the guide's list of implicitly synchronizing operations [document, inferred]"
GS4,N,rh_hogcall_load_f1_b@hr; rh_hogcall_malloc_f1_b@hr; rh_hogcall_stream_f1_b@hr,"transparent_ok, n_copyto_r0",hr recovers transparently whichever single call is made,per cell: count(transparent_ok == 1 and n_copyto_r0 == 0 and n_copyto_r1 == 0) == 3,[source]
RG1,R,f1_b@hr; f3_b@hr; bidirf_sym_b@hr,transparent_ok,the recovery cells stay transparent,per cell: count(transparent_ok == 1) == 5,gin-peer R1 5/5 each [measured]
RG2,R,f1_b@hr; f3_b@hr; bidirf_sym_b@hr,"td_path_r0, td_path_r1, td_stream_copies_r0, td_stream_copies_r1",every device-state copy of those rounds went over the NIC,"per cell: count(td_path_r0 == ""nic"" and td_path_r1 == ""nic"" and td_stream_copies_r0 == 0 and td_stream_copies_r1 == 0) == 5",[source]
RG3,R,f4_b@hr,"declwhy_r0, cause_r0, decl_after_kill_ms_r0, teardown_r0, uaerr_why_r0","two ranks, peer killed: declined within 2 s with cause peer-dead; the only peer, so word [0] goes up at once (peer-dead, no degraded schedule)","count(has(declwhy_r0, ""the peer's socket shows"") and cause_r0 == ""peer-dead"" and 0 <= decl_after_kill_ms_r0 <= 2000 and teardown_r0 == ""no error"" and uaerr_why_r0 == ""peer-dead"") == 5",gin-peer R2 5/5 [measured]
RG4,R,hd_rxdeath_b@hr,"n_judged_r1, rx_rc, release_after_kill_ms_r1, async_after_kill_ms_r1, teardown_r1","two ranks, a receive-only rank's waitSignal is released with an error within 2 s of the sender's kill","count(n_judged_r1 >= 1 and rx_rc == ""remote process exited or there was a network error"" and 0 <= release_after_kill_ms_r1 <= 2000 and 0 <= async_after_kill_ms_r1 <= 2000 and teardown_r1 == ""no error"") == 5",gin-peer R3 5/5 [measured]
RG5,R,f2rel_b@hr,"decl_r0, r1_outcome, rx_rc, rx_phantom_r1, teardown_r1, teardown_ms_r1","remote access error: rank 0 declines, rank 1's wait is released with an error, its abort returns within 5 s","count(has(decl_r0, ""REM_ACCESS is not recoverable"") and r1_outcome == ""device_error"" and rx_rc == ""remote process exited or there was a network error"" and rx_phantom_r1 == 0 and teardown_r1 == ""no error"" and teardown_ms_r1 <= 5000) == 5",gin-peer R4 5/5 [measured]
RG6,R,hdp_kill_b@hrp,"decl_r0, teardown_r0, rs_deaths_r0, decl_after_kill_ms_r0, ts_on_r0, rs_api_r0","production build, peer killed: declined within 2 s, one death, no informational line in WARN","count(has(decl_r0, ""the peer's socket shows"") and teardown_r0 == ""no error"" and rs_deaths_r0 == 1 and 0 <= decl_after_kill_ms_r0 <= 2000 and ts_on_r0 == 0 and ts_on_r1 == 0 and hr_on_r0 == 0 and rs_api_r0 == 1) == 5",gin-peer R5 5/5 [measured]
RG7,R,f1_b@hr,"rs_rounds_r*, rs_recovered_r*, rs_declined_r0","the stats API counts one round, one recovery, no decline on both ranks",count(rs_api_r0 == 1 and rs_rounds_r0 == 1 and rs_recovered_r0 == 1 and rs_declined_r0 == 0 and rs_rounds_r1 == 1 and rs_recovered_r1 == 1) == 5,gin-peer R7 5/5 [measured]
RG8,R,mr4_none@hr; mr4_f1_01@hr,transparent_ok,"four ranks, no fault and one pair's local QP error: transparent",per cell: count(transparent_ok == 1) == 5,gin-peer R6 5/5 each [measured]
LT1,C,lat_4k@hrp; lat_4k@hqp,lat_p50_us,4 KiB latency: this study's production build within 0.40 us of gin-peer's,"abs(median(lat_p50_us, ""lat_4k@hrp"") - median(lat_p50_us, ""lat_4k@hqp"")) <= 0.40","the fast path (posts, the gate word, the first poll of a wait) is unchanged; the peer word of a wait is resolved only where the abort word is read (tsWaitWord) [source]"
LT2,C,lat_256k@hrp; lat_256k@hqp,lat_p50_us,256 KiB latency: within 0.30 us,"abs(median(lat_p50_us, ""lat_256k@hrp"") - median(lat_p50_us, ""lat_256k@hqp"")) <= 0.30",as LT1
HB1,N,hm_bench@hr,"host_native_atomic_rain, host_native_atomic_sunny",neither platform has native host atomics (cudaDevAttrHostNativeAtomicSupported = 0),count(host_native_atomic_rain == 0 and host_native_atomic_sunny == 0) == 5,PCIe-attached GPUs on x86 [inferred]
HB2,N,hm_bench@hr,"lat_host_atom_ns_*, lat_dev_atom_ns_*","a dependent atomic add on host-mapped memory costs at least 400 ns more than on device memory, on both GPUs",count(lat_host_atom_ns_rain - lat_dev_atom_ns_rain >= 400 and lat_host_atom_ns_sunny - lat_dev_atom_ns_sunny >= 400) == 5,a PCIe round trip per operation [inferred]
HB3,N,hm_bench@hr,"race_final_low_*, race_rc_*, race_dev_ops_*",the race phase ends normally and no device update of the count half is lost (device atomics on host memory are atomic among GPU threads),"count(race_final_low_rain == 0 and race_final_low_sunny == 0 and race_rc_rain == ""cudaSuccess"" and race_rc_sunny == ""cudaSuccess"" and race_dev_ops_rain > 0 and race_dev_ops_sunny > 0) == 5",CUDA: atomics on mapped memory are atomic for the device [document]
