scenario,iteration,detection_latency_ms
QP_TO_ERR,0,3630.816247
QP_TO_ERR,1,3749.389131
QP_TO_ERR,2,3750.035444
QP_TO_ERR,3,3749.981185
QP_TO_ERR,4,3749.231416
QP_TO_ERR,5,3749.307189
QP_TO_ERR,6,3749.227655
QP_TO_ERR,7,3749.452615
QP_TO_ERR,8,3749.456618
QP_TO_ERR,9,3749.686995
QP_TO_ERR,10,3749.459773
QP_TO_ERR,11,3749.987452
QP_TO_ERR,12,3748.505939
QP_TO_ERR,13,3749.827158
QP_TO_ERR,14,3749.06125
QP_TO_ERR,15,3749.267934
QP_TO_ERR,16,3749.786175
QP_TO_ERR,17,3749.721156
QP_TO_ERR,18,3749.236093
QP_TO_ERR,19,3749.612367
QP_TO_ERR,20,3748.537356
QP_TO_ERR,21,3749.820605
QP_TO_ERR,22,3749.987125
QP_TO_ERR,23,3749.600995
QP_TO_ERR,24,3749.872157
QP_TO_ERR,25,3750.061881
QP_TO_ERR,26,3749.918637
QP_TO_ERR,27,3749.605364
QP_TO_ERR,28,3748.981244
QP_TO_ERR,29,3749.304398
QP_TO_ERR,30,3749.032529
QP_TO_ERR,31,3749.477998
QP_TO_ERR,32,3748.602948
QP_TO_ERR,33,3750.215933
QP_TO_ERR,34,3749.698577
QP_TO_ERR,35,3749.230002
QP_TO_ERR,36,3749.138905
QP_TO_ERR,37,3749.297119
QP_TO_ERR,38,3749.268154
QP_TO_ERR,39,3749.441282
QP_TO_ERR,40,3749.819728
QP_TO_ERR,41,3749.780676
QP_TO_ERR,42,3748.714332
QP_TO_ERR,43,3749.381779
QP_TO_ERR,44,3749.011201
QP_TO_ERR,45,3749.461736
QP_TO_ERR,46,3748.962877
QP_TO_ERR,47,3750.160715
QP_TO_ERR,48,3749.127092
QP_TO_ERR,49,3749.420773
QP_TO_ERR,50,3749.80457
QP_TO_ERR,51,3748.302157
QP_TO_ERR,52,3750.09885
QP_TO_ERR,53,3749.145203
QP_TO_ERR,54,3748.912186
QP_TO_ERR,55,3748.790783
QP_TO_ERR,56,3749.083307
QP_TO_ERR,57,3749.137829
QP_TO_ERR,58,3748.805261
QP_TO_ERR,59,3749.211843
QP_TO_ERR,60,3749.382453
QP_TO_ERR,61,3749.364952
QP_TO_ERR,62,3749.245403
QP_TO_ERR,63,3748.675747
QP_TO_ERR,64,3748.783209
QP_TO_ERR,65,3749.261715
QP_TO_ERR,66,3749.111129
QP_TO_ERR,67,3749.369005
QP_TO_ERR,68,3749.581986
QP_TO_ERR,69,3749.335933
QP_TO_ERR,70,3749.564977
QP_TO_ERR,71,3749.476675
QP_TO_ERR,72,3750.202544
QP_TO_ERR,73,3749.605289
QP_TO_ERR,74,3749.401159
QP_TO_ERR,75,3750.04962
QP_TO_ERR,76,3749.323333
QP_TO_ERR,77,3749.278797
QP_TO_ERR,78,3749.698685
QP_TO_ERR,79,3749.649047
QP_TO_ERR,80,3749.994103
QP_TO_ERR,81,3749.678644
QP_TO_ERR,82,3749.725769
QP_TO_ERR,83,3749.654455
QP_TO_ERR,84,3749.796151
QP_TO_ERR,85,3748.778839
QP_TO_ERR,86,3748.865015
QP_TO_ERR,87,3750.275911
QP_TO_ERR,88,3748.783062
QP_TO_ERR,89,3749.290688
QP_TO_ERR,90,3749.634616
QP_TO_ERR,91,3749.984428
QP_TO_ERR,92,3750.351777
QP_TO_ERR,93,3750.523366
QP_TO_ERR,94,3749.834378
QP_TO_ERR,95,3749.7509
QP_TO_ERR,96,3749.634573
QP_TO_ERR,97,3750.382808
QP_TO_ERR,98,3748.451245
QP_TO_ERR,99,3749.608137
KILL_PROCESS,0,3785.669917
KILL_PROCESS,1,3700.31767
KILL_PROCESS,2,3700.957167
KILL_PROCESS,3,3700.753603
KILL_PROCESS,4,3701.083762
KILL_PROCESS,5,3700.597812
KILL_PROCESS,6,3699.880442
KILL_PROCESS,7,3701.439123
KILL_PROCESS,8,3700.738912
KILL_PROCESS,9,3700.877312
KILL_PROCESS,10,3700.770728
KILL_PROCESS,11,3700.513188
KILL_PROCESS,12,3700.459843
KILL_PROCESS,13,3699.816372
KILL_PROCESS,14,3699.725854
KILL_PROCESS,15,3700.83726
KILL_PROCESS,16,3699.942838
KILL_PROCESS,17,3699.681998
KILL_PROCESS,18,3700.244627
KILL_PROCESS,19,3700.631402
KILL_PROCESS,20,3700.140999
KILL_PROCESS,21,3700.290184
KILL_PROCESS,22,3700.156794
KILL_PROCESS,23,3699.485436
KILL_PROCESS,24,3700.809779
KILL_PROCESS,25,3700.77135
KILL_PROCESS,26,3699.347944
KILL_PROCESS,27,3701.083273
KILL_PROCESS,28,3700.925454
KILL_PROCESS,29,3700.19693
KILL_PROCESS,30,3701.314756
KILL_PROCESS,31,3700.345732
KILL_PROCESS,32,3699.690195
KILL_PROCESS,33,3700.787926
KILL_PROCESS,34,3700.192157
KILL_PROCESS,35,3700.67677
KILL_PROCESS,36,3699.909976
KILL_PROCESS,37,3699.617448
KILL_PROCESS,38,3700.072084
KILL_PROCESS,39,3699.810912
KILL_PROCESS,40,3700.014196
KILL_PROCESS,41,3701.028659
KILL_PROCESS,42,3700.002552
KILL_PROCESS,43,3700.545543
KILL_PROCESS,44,3700.407601
KILL_PROCESS,45,3700.606495
KILL_PROCESS,46,3700.044023
KILL_PROCESS,47,3700.133536
KILL_PROCESS,48,3700.08754
KILL_PROCESS,49,3700.134639
KILL_PROCESS,50,3698.946609
KILL_PROCESS,51,3700.410997
KILL_PROCESS,52,3700.405015
KILL_PROCESS,53,3700.250041
KILL_PROCESS,54,3700.632746
KILL_PROCESS,55,3699.301138
KILL_PROCESS,56,3701.055753
KILL_PROCESS,57,3700.760032
KILL_PROCESS,58,3700.748053
KILL_PROCESS,59,3700.571672
KILL_PROCESS,60,3699.815694
KILL_PROCESS,61,3700.089538
KILL_PROCESS,62,3699.774487
KILL_PROCESS,63,3701.14722
KILL_PROCESS,64,3700.718632
KILL_PROCESS,65,3700.940467
KILL_PROCESS,66,3700.16013
KILL_PROCESS,67,3701.620428
KILL_PROCESS,68,3700.143018
KILL_PROCESS,69,3700.152463
KILL_PROCESS,70,3700.441438
KILL_PROCESS,71,3700.250141
KILL_PROCESS,72,3700.072352
KILL_PROCESS,73,3700.826639
KILL_PROCESS,74,3701.703895
KILL_PROCESS,75,3701.160907
KILL_PROCESS,76,3701.17737
KILL_PROCESS,77,3700.610638
KILL_PROCESS,78,3699.513534
KILL_PROCESS,79,3700.79661
KILL_PROCESS,80,3700.828414
KILL_PROCESS,81,3701.653577
KILL_PROCESS,82,3700.953442
KILL_PROCESS,83,3700.698895
KILL_PROCESS,84,3700.450906
KILL_PROCESS,85,3700.2255
KILL_PROCESS,86,3701.478261
KILL_PROCESS,87,3701.411524
KILL_PROCESS,88,3699.951418
KILL_PROCESS,89,3700.908149
KILL_PROCESS,90,3700.711893
KILL_PROCESS,91,3700.714201
KILL_PROCESS,92,3699.615952
KILL_PROCESS,93,3701.000067
KILL_PROCESS,94,3701.448357
KILL_PROCESS,95,3701.388372
KILL_PROCESS,96,3700.339902
KILL_PROCESS,97,3701.025384
KILL_PROCESS,98,3701.513251
KILL_PROCESS,99,3699.977311
LINK_DOWN,0,3603.152001
LINK_DOWN,1,3697.960131
LINK_DOWN,2,3701.429375
LINK_DOWN,3,3702.882076
LINK_DOWN,4,3703.082617
LINK_DOWN,5,3702.038981
LINK_DOWN,6,3702.289471
LINK_DOWN,7,3703.172371
LINK_DOWN,8,3701.972519
LINK_DOWN,9,3699.159359
LINK_DOWN,10,3701.493278
LINK_DOWN,11,3703.252676
LINK_DOWN,12,3701.580927
LINK_DOWN,13,3701.88564
LINK_DOWN,14,3703.919484
LINK_DOWN,15,3704.167388
LINK_DOWN,16,3702.402802
LINK_DOWN,17,3700.192926
LINK_DOWN,18,3699.865297
LINK_DOWN,19,3701.304804
LINK_DOWN,20,3701.933226
LINK_DOWN,21,3698.972116
LINK_DOWN,22,3702.272356
LINK_DOWN,23,3704.538009
LINK_DOWN,24,3699.801833
LINK_DOWN,25,3702.794825
LINK_DOWN,26,3703.390233
LINK_DOWN,27,3703.936919
LINK_DOWN,28,3701.67088
LINK_DOWN,29,3703.290426
LINK_DOWN,30,3703.48513
LINK_DOWN,31,3702.042064
LINK_DOWN,32,3698.653768
LINK_DOWN,33,3699.954092
LINK_DOWN,34,3702.618043
LINK_DOWN,35,3702.236528
LINK_DOWN,36,3702.73262
LINK_DOWN,37,3702.735416
LINK_DOWN,38,3701.071811
LINK_DOWN,39,3702.361936
LINK_DOWN,40,3701.750875
LINK_DOWN,41,3702.637954
LINK_DOWN,42,3701.445669
LINK_DOWN,43,3702.511433
LINK_DOWN,44,3703.261065
LINK_DOWN,45,3704.354585
LINK_DOWN,46,3703.439005
LINK_DOWN,47,3702.771419
LINK_DOWN,48,3699.143732
LINK_DOWN,49,3702.46719
LINK_DOWN,50,3698.739839
LINK_DOWN,51,3700.896198
LINK_DOWN,52,3697.794209
LINK_DOWN,53,3704.377906
LINK_DOWN,54,3703.279625
LINK_DOWN,55,3701.906164
LINK_DOWN,56,3698.535038
LINK_DOWN,57,3702.248518
LINK_DOWN,58,3699.550878
LINK_DOWN,59,3702.141694
LINK_DOWN,60,3704.839294
LINK_DOWN,61,3704.173207
LINK_DOWN,62,3697.741025
LINK_DOWN,63,3704.229284
LINK_DOWN,64,3676.384979
LINK_DOWN,65,3700.341725
LINK_DOWN,66,3698.876924
LINK_DOWN,67,3697.617442
LINK_DOWN,68,3702.20916
LINK_DOWN,69,3702.874314
LINK_DOWN,70,3702.294538
LINK_DOWN,71,3702.393493
LINK_DOWN,72,3701.292407
LINK_DOWN,73,3698.852731
LINK_DOWN,74,3704.266218
LINK_DOWN,75,3702.86719
LINK_DOWN,76,3702.020937
LINK_DOWN,77,3699.158795
LINK_DOWN,78,3703.179063
LINK_DOWN,79,3701.61413
LINK_DOWN,80,3702.522413
LINK_DOWN,81,3704.112327
LINK_DOWN,82,3701.212234
LINK_DOWN,83,3703.833199
LINK_DOWN,84,3703.775849
LINK_DOWN,85,3702.232783
LINK_DOWN,86,3701.868281
LINK_DOWN,87,3702.443205
LINK_DOWN,88,3705.017647
LINK_DOWN,89,3699.658341
LINK_DOWN,90,3705.550198
LINK_DOWN,91,3698.272734
LINK_DOWN,92,3702.598004
LINK_DOWN,93,3703.672094
LINK_DOWN,94,3701.351735
LINK_DOWN,95,3703.26484
LINK_DOWN,96,3702.001542
LINK_DOWN,97,3700.375601
LINK_DOWN,98,3703.911289
LINK_DOWN,99,3703.40117
