scenario,sleep_us,mean_ms,stddev_ms,p50_ms,min_ms,max_ms,n
KILL_PROCESS,1000,3697.6862407333333,14.846442086378465,3700.485187,3619.15211,3701.418007,30
KILL_PROCESS,10000,3702.1108099666667,8.942836360498644,3700.549089,3699.583081,3749.379845,30
KILL_PROCESS,100000,3702.3099545666664,8.847758534613712,3700.362694,3699.565315,3748.880109,30
KILL_PROCESS,1000000,4650.419325133334,135.0038276569606,4773.913873,4504.395088,4775.03815,30
KILL_PROCESS,5000000,8533.793137566667,8.875757359896374,8532.225009,8530.461075,8580.703098,30
KILL_PROCESS,10000000,13634.195215299998,8.657473608908482,13632.625074,13631.270758,13679.903533,30
LINK_DOWN,0,3809.1618671666665,18.261941589147778,3812.65806,3712.52438,3813.3129,30
LINK_DOWN,1000,3810.338215266667,11.632596602694539,3812.523151,3748.821851,3813.259233,30
LINK_DOWN,10000,3810.1400343,11.690742015447757,3812.228437,3748.300624,3813.365736,30
LINK_DOWN,100000,3810.1065714,11.590209519248168,3812.245122,3748.792638,3812.956221,30
LINK_DOWN,1000000,4696.1968687,122.30410901395933,4618.036709,4616.641638,4887.073894,30
LINK_DOWN,5000000,8650.846106866667,37.62877356653637,8644.252004,8642.46552,8850.057825,30
LINK_DOWN,10000000,13742.240403433332,12.003651920686975,13744.60429,13678.78424,13745.510965,30
QP_TO_ERR,0,3744.6894356666667,27.31651951640305,3750.564559,3602.301859,3751.440098,30
QP_TO_ERR,1000,3750.3922752333333,0.8105086768833203,3750.516619,3746.714987,3751.429325,30
QP_TO_ERR,10000,3750.371776233333,0.6771857334542047,3750.336678,3747.650829,3751.77672,30
QP_TO_ERR,100000,3750.355114066667,0.7825668616710335,3750.393523,3746.995757,3751.475417,30
QP_TO_ERR,1000000,4554.697334766666,5.833488315018274,4555.75367,4523.887542,4556.608492,30
QP_TO_ERR,5000000,8582.011256133334,0.6419241128084208,8582.141831,8579.473575,8582.819827,30
QP_TO_ERR,10000000,13682.146107433333,3.195775201800196,13682.748699,13665.339008,13683.590463,30
