iteration,t_inject_request_ns,t_ack_ns,t_detected_ns,t_drain_done_ns,t_reset_done_ns,t_init_done_ns,t_barrier1_ns,t_rtr_done_ns,t_rts_done_ns,t_barrier2_ns,t_write_cqe_ns,detection_ns,drain_ns,T1_ns,T2_ns,coord1_ns,T3_ns,T4_ns,coord2_ns,T5_ns,total_local_ns,total_with_coord_ns,detect_error_status
0,361419281109499,361419281661469,361423036445504,361423036445558,361423037930954,361423038280953,361423038294502,361423038537823,361423038699381,361423039096433,361423039100086,3755060020,54,1485396,349999,13549,243321,161558,397052,3653,2243927,2654528,12
1,361423039159928,361423039566727,361426794536732,361426794536788,361426796249407,361426796697718,361426796755932,361426796992100,361426797243448,361426798049678,361426798053117,3755173405,56,1712619,448311,58214,236168,251348,806230,3439,2651885,3516329,12
2,361426798079178,361426798594269,361430552629111,361430552629203,361430554423892,361430554869908,361430554893239,361430555528744,361430555814146,361430555892517,361430555896544,3754292388,92,1794689,446016,23331,635505,285402,78371,4027,3165639,3267341,12
3,361430555958128,361430556684019,361434310722297,361434310722340,361434312287287,361434312597370,361434312611102,361434312850042,361434312972579,361434314222649,361434314225988,3754401224,43,1564947,310083,13732,238940,122537,1250070,3339,2239846,3503648,12
4,361434314256487,361434315005954,361438068816091,361438068816135,361438070302682,361438070696284,361438070711274,361438070916371,361438071119397,361438072232546,361438072235817,3754184871,44,1486547,393602,14990,205097,203026,1113149,3271,2291543,3419682,12
5,361438072263943,361438072756919,361441826908353,361441826908399,361441828620211,361441828892064,361441828913280,361441829222801,361441829441223,361441830240950,361441830244660,3754397922,46,1711812,271853,21216,309521,218422,799727,3710,2515318,3336261,12
6,361441830307744,361441830807887,361445584999759,361445584999835,361445586671956,361445587162802,361445587181248,361445587914759,361445588189559,361445588200074,361445588204094,3754441944,76,1672121,490846,18446,733511,274800,10515,4020,3175298,3204259,12
7,361445588260805,361445588765767,361449343092915,361449343092959,361449344726876,361449345036521,361449345050860,361449345447928,361449345588238,361449346677013,361449346680239,3754579629,44,1633917,309645,14339,397068,140310,1088775,3226,2484166,3587280,12
8,361449346710774,361449347195983,361453101187588,361453101187631,361453102861327,361453103079430,361453103099994,361453103808155,361453104163845,361453104659937,361453104664095,3754234210,43,1673696,218103,20564,708161,355690,496092,4158,2959808,3476464,12
9,361453104701958,361453105363052,361456859278981,361456859279077,361456861066512,361456861866523,361456861890612,361456862190315,361456862504624,361456863297916,361456863301802,3754246476,96,1787435,800011,24089,299703,314309,793292,3886,3205344,4022725,12
10,361456863341865,361456863939923,361460617371993,361460617372048,361460619120848,361460619556303,361460619571758,361460619834929,361460620077064,361460620689376,361460620695962,3753731099,55,1748800,435455,15455,263171,242135,612312,6586,2696147,3323914,12
11,361460620804634,361460621237911,361464375464451,361464375464504,361464376982011,361464377256612,361464377272511,361464377573866,361464377703297,361464378782632,361464378789063,3754443179,53,1517507,274601,15899,301355,129431,1079335,6431,2229325,3324559,12
12,361464378876763,361464379249742,361468133557390,361468133557437,361468135178739,361468135714065,361468135730017,361468135894369,361468135981760,361468137015089,361468137018743,3754494138,47,1621302,535326,15952,164352,87391,1033329,3654,2412025,3461306,12
13,361468137051830,361468137541589,361471891650396,361471891650439,361471893444954,361471893919332,361471893941320,361471894331580,361471894482344,361471895172202,361471895180270,3754353687,43,1794515,474378,21988,390260,150764,689858,8068,2817985,3529831,12
14,361471895252864,361471895893106,361475649743290,361475649743332,361475651544973,361475651798862,361475651821074,361475651984319,361475652265534,361475653183374,361475653188149,3754170305,42,1801641,253889,22212,163245,281215,917840,4775,2504765,3444817,12
15,361475653238007,361475654025698,361479407835200,361479407835243,361479409627510,361479410253088,361479410311252,361479411050075,361479411399527,361479411563248,361479411567178,3754203348,43,1792267,625578,58164,738823,349452,163721,3930,3510050,3731935,12
16,361479411604404,361479412134382,361483165928350,361483165928407,361483167730961,361483168181842,361483168204358,361483168799129,361483169053261,361483169735637,361483169739285,3754058957,57,1802554,450881,22516,594771,254132,682376,3648,3105986,3810878,12
17,361483169803430,361483170708368,361486924022158,361486924022210,361486925713549,361486926011406,361486926037038,361486926523481,361486926687288,361486927256376,361486927259940,3753766259,52,1691339,297857,25632,486443,163807,569088,3564,2643010,3237730,12
18,361486927304259,361486928017614,361490682114831,361490682114907,361490683903720,361490684563990,361490684609584,361490684861908,361490685076722,361490686066446,361490686071107,3754453895,76,1788813,660270,45594,252324,214814,989724,4661,2920882,3956200,12
19,361490686116540,361490686757068,361494440207358,361494440207402,361494441998860,361494442497640,361494442553910,361494442796504,361494442956639,361494444288577,361494444293190,3753770554,44,1791458,498780,56270,242594,160135,1331938,4613,2697580,4085788,12
20,361494444333154,361494444786245,361498198300225,361498198300290,361498199830454,361498200109575,361498200120030,361498200480350,361498200618885,361498201634976,361498201641093,3753740526,65,1530164,279121,10455,360320,138535,1016091,6117,2314257,3340803,12
21,361498201727232,361498202407191,361501956394226,361501956394281,361501958049769,361501958667477,361501958718919,361501958961280,361501959272481,361501960223723,361501960228216,3754327015,55,1655488,617708,51442,242361,311201,951242,4493,2831251,3833935,12
22,361501960268891,361501960729022,361505714486490,361505714486535,361505716082934,361505716653835,361505716665072,361505716907293,361505717110385,361505718044331,361505718050495,3753987534,45,1596399,570901,11237,242221,203092,933946,6164,2618777,3563960,12
23,361505718146432,361505718774003,361509472578025,361509472578069,361509474331076,361509474743990,361509474768743,361509474981548,361509475320046,361509476315704,361509476319786,3754117808,44,1753007,412914,24753,212805,338498,995658,4082,2721306,3741717,12
24,361509476357978,361509477040998,361513230671130,361513230671189,361513232433050,361513233140845,361513233174266,361513233645587,361513233818688,361513233949029,361513233952611,3753971642,59,1761861,707795,33421,471321,173101,130341,3582,3117660,3281422,12
25,361513234010169,361513234387216,361516988765028,361516988765072,361516990317702,361516990784706,361516990793939,361516990954899,361516991241445,361516992212600,361516992215706,3754566336,44,1552630,467004,9233,160960,286546,971155,3106,2470246,3450634,12
26,361516992241070,361516992883341,361520746858141,361520746858184,361520748617107,361520748873743,361520748895579,361520749117661,361520749454276,361520750516781,361520750520388,3754295936,43,1758923,256636,21836,222082,336615,1062505,3607,2577863,3662204,12
27,361520750560276,361520751313555,361524504950420,361524504950476,361524506714024,361524507011683,361524507041252,361524507531201,361524507704994,361524508301115,361524508305232,3754013505,56,1763548,297659,29569,489949,173793,596121,4117,2729066,3354756,12
28,361524508365101,361524509043926,361528263043763,361528263043846,361528264789921,361528265378141,361528265434801,361528265958746,361528266232723,361528266851226,361528266854819,3754339250,83,1746075,588220,56660,523945,273977,618503,3593,3135810,3810973,12
29,361528266897518,361528268004222,361532021135175,361532021135235,361532022947440,361532023606885,361532023652643,361532023900078,361532024116473,361532025542799,361532025547941,3753684305,60,1812205,659445,45758,247435,216395,1426326,5142,2940622,4412706,12
30,361532025589940,361532026146712,361535779228504,361535779228547,361535781029395,361535781769643,361535781817061,361535782369878,361535782745097,361535783512086,361535783516222,3753360178,43,1800848,740248,47418,552817,375219,766989,4136,3473268,4287675,12
31,361535783563992,361535784239858,361539537321642,361539537321753,361539539113040,361539539755545,361539539805182,361539540119704,361539540485986,361539541259300,361539541263295,3753419717,111,1791287,642505,49637,314522,366282,773314,3995,3118591,3941542,12
32,361539541296005,361539541960007,361543295414645,361543295414700,361543296994667,361543297526294,361543297534776,361543297850075,361543298078562,361543298866268,361543298872314,3753786639,55,1579967,531627,8482,315299,228487,787706,6046,2661426,3457614,12
33,361543298961153,361543299613470,361547053507091,361547053507137,361547055304772,361547055947310,361547056016178,361547056621822,361547056879840,361547057503364,361547057506944,3754219780,46,1797635,642538,68868,605644,258018,623524,3580,3307415,3999807,12
34,361547057545170,361547058367683,361550811601944,361550811601997,361550813397466,361550814060753,361550814097339,361550814570643,361550814740516,361550815818313,361550815822803,3753645518,53,1795469,663287,36586,473304,169873,1077797,4490,3106423,4220806,12
35,361550815879648,361550816578940,361554569693140,361554569693184,361554571305641,361554571910739,361554571962027,361554572533819,361554572763578,361554573484453,361554573488803,3753463846,44,1612457,605098,51288,571792,229759,720875,4350,3023456,3795619,12
36,361554573530464,361554574333455,361558327785796,361558327785840,361558329342220,361558329799416,361558329809081,361558329972660,361558330117412,361558331737498,361558331740559,3753853837,44,1556380,457196,9665,163579,144752,1620086,3061,2324968,3954719,12
37,361558331766071,361558332613158,361562085880087,361562085880183,361562087672339,361562087893923,361562087916755,361562088279808,361562088587653,361562089347887,361562089351458,3753690473,96,1792156,221584,22832,363053,307845,760234,3571,2688209,3471275,12
38,361562089389250,361562089997462,361565843972313,361565843972360,361565845495159,361565845765547,361565845771850,361565845975807,361565846156477,361565847226711,361565847229803,3754278957,47,1522799,270388,6303,203957,180670,1070234,3092,2180906,3257443,12
39,361565847257101,361565847870844,361569602066904,361569602066949,361569603728259,361569604035346,361569604049161,361569604598025,361569604765480,361569605819292,361569605822526,3754502932,45,1661310,307087,13815,548864,167455,1053812,3234,2687950,3755577,12
40,361569605861464,361569606610134,361573360157912,361573360157955,361573361868790,361573362302761,361573362360489,361573362864387,361573363076555,361573363310149,361573363313708,3753922113,43,1710835,433971,57728,503898,212168,233594,3559,2864431,3155753,12
41,361573363351425,361573364018739,361577118251174,361577118251217,361577119882276,361577120299595,361577120309357,361577120592763,361577120722142,361577122028808,361577122043349,3754566092,43,1631059,417319,9762,283406,129379,1306666,14541,2475704,3792132,12
42,361577122073143,361577122834461,361580876344587,361580876344630,361580877970715,361580878403701,361580878418250,361580878728222,361580878858097,361580879786740,361580879792935,3753890785,43,1626085,432986,14549,309972,129875,928643,6195,2505113,3448305,12
43,361580879858614,361580880394304,361584634437512,361584634437557,361584636227955,361584636677612,361584636700652,361584636942985,361584637268474,361584638613337,361584638619108,3754311053,45,1790398,449657,23040,242333,325489,1344863,5771,2813648,4181551,12
44,361584638662107,361584639220887,361588392529543,361588392529588,361588394323138,361588394727763,361588394779948,361588394985818,361588395237250,361588396241575,361588396245203,3753588046,45,1793550,404625,52185,205870,251432,1004325,3628,2659105,3715615,12
45,361588396297929,361588396707907,361592150623310,361592150623352,361592152416310,361592152833372,361592152857162,361592153067493,361592153200483,361592154259405,361592154266814,3754120392,42,1792958,417062,23790,210331,132990,1058922,7409,2560750,3643462,12
46,361592154322978,361592154949045,361595908715900,361595908715955,361595910508971,361595910763114,361595910784965,361595910948404,361595911144295,361595912700065,361595912704664,3754079889,55,1793016,254143,21851,163439,195891,1555770,4599,2411088,3988709,12
47,361595912753336,361595913364203,361599666809901,361599666809981,361599668340426,361599668801058,361599668811865,361599669107119,361599669441084,361599670297531,361599670300567,3753751132,80,1530445,460632,10807,295254,333965,856447,3036,2623332,3490586,12
48,361599670343897,361599670954501,361603424901661,361603424901791,361603426579852,361603426791628,361603426812841,361603426972770,361603427199783,361603428368483,361603428372956,3754252462,130,1678061,211776,21213,159929,227013,1168700,4473,2281252,3471165,12
49,361603428416882,361603429250939,361607182994639,361607182994695,361607184797557,361607185050303,361607185072800,361607185543285,361607185714481,361607186711169,361607186714783,3754160729,56,1802862,252746,22497,470485,171196,996688,3614,2700903,3720088,12
50,361607186754985,361607187453289,361610941088452,361610941088501,361610942781531,361610943018604,361610943042852,361610943558289,361610943700754,361610944760126,361610944763222,3753984315,49,1693030,237073,24248,515437,142465,1059372,3096,2591101,3674721,12
51,361610944789872,361610945656326,361614699180986,361614699181037,361614700820179,361614701164428,361614701174511,361614701643501,361614701820129,361614702641262,361614702644360,3753957887,51,1639142,344249,10083,468990,176628,821133,3098,2632107,3463323,12
52,361614702668017,361614703497081,361618457273152,361618457273197,361618459063661,361618459483688,361618459507081,361618459840582,361618459970914,361618461094499,361618461098423,3754190603,45,1790464,420027,23393,333501,130332,1123585,3924,2678248,3825226,12
53,361618461153115,361618462007188,361622215367842,361622215367896,361622217161375,361622217817709,361622217862575,361622218293160,361622218622106,361622219558957,361622219563567,3753787691,54,1793479,656334,44866,430585,328946,936851,4610,3213954,4195671,12
54,361622219607763,361622220136498,361625973461056,361625973461102,361625975094027,361625975526184,361625975535766,361625976017788,361625976341201,361625977441985,361625977446547,3753588926,46,1632925,432157,9582,482022,323413,1100784,4562,2875079,3985445,12
55,361625977489641,361625978350444,361629731553895,361629731553938,361629733351041,361629733757790,361629733779342,361629733985383,361629734217158,361629735228322,361629735231948,3753633853,43,1797103,406749,21552,206041,231775,1011164,3626,2645294,3678010,12
56,361629735273013,361629735992765,361633489646227,361633489646276,361633491168903,361633491441533,361633491452195,361633491738615,361633491869220,361633492995747,361633493016690,3754013338,49,1522627,272630,10662,286420,130605,1126527,20943,2233225,3370414,12
57,361633493092690,361633493759940,361637247738910,361637247738953,361637249496125,361637249913931,361637249935854,361637250344966,361637250680070,361637251482753,361637251487419,3754312595,43,1757172,417806,21923,409112,335104,802683,4666,2923860,3748466,12
58,361637251531551,361637252126437,361641005832488,361641005832530,361641007593246,361641007849214,361641007872903,361641008137318,361641008459912,361641009215025,361641009219735,3754003494,42,1760716,255968,23689,264415,322594,755113,4710,2608403,3387205,12
59,361641009259977,361641010058092,361644763925263,361644763925421,361644765688461,361644766100816,361644766124318,361644766606140,361644766778777,361644767610550,361644767614152,3754266229,158,1763040,412355,23502,481822,172637,831773,3602,2833456,3688731,12
60,361644767651198,361644768216093,361648522019685,361648522019727,361648523778563,361648524037053,361648524059166,361648524549745,361648524879843,361648525625240,361648525628852,3754086040,42,1758836,258490,22113,490579,330098,745397,3612,2841615,3609125,12
61,361648525666099,361648526207793,361652280110984,361652280111039,361652281861422,361652282139882,361652282162029,361652282650612,361652282831119,361652283628321,361652283631966,3754174038,55,1750383,278460,22147,488583,180507,797202,3645,2701578,3520927,12
62,361652283673002,361652284186041,361656038202523,361656038202569,361656039945310,361656040161422,361656040182772,361656040657953,361656040842365,361656041512656,361656041519937,3754273002,46,1742741,216112,21350,475181,184412,670291,7281,2625727,3317368,12
63,361656041624739,361656042324323,361659796297016,361659796297061,361659798049695,361659798802416,361659798840516,361659799565428,361659799765364,361659800359662,361659800363945,3754322485,45,1752634,752721,38100,724912,199936,594298,4283,3434486,4066884,12
64,361659800402091,361659800839776,361663554389550,361663554389592,361663556142306,361663556807172,361663556848532,361663557110843,361663557455398,361663558118365,361663558125767,3753768617,42,1752714,664866,41360,262311,344555,662967,7402,3031848,3736175,12
65,361663558196520,361663558869829,361667312482620,361667312482673,361667314244206,361667314736256,361667314764955,361667314971778,361667315200816,361667316325580,361667316329149,3753949446,53,1761533,492050,28699,206823,229038,1124764,3569,2693013,3846476,12
66,361667316360085,361667317118618,361671070575865,361671070575909,361671072103206,361671072379752,361671072391115,361671072680679,361671072814249,361671073864430,361671073870103,3753836514,44,1527297,276546,11363,289564,133570,1050181,5673,2232650,3294194,12
67,361671073954084,361671074691940,361674828668938,361674828668993,361674830294302,361674830705040,361674830715591,361674830914486,361674831124203,361674831892753,361674831898917,3754345926,55,1625309,410738,10551,198895,209717,768550,6164,2450823,3229924,12
68,361674831987912,361674832632624,361678586761410,361678586761457,361678588572948,361678589186445,361678589243927,361678589829207,361678590064382,361678590703403,361678590707282,3754451142,47,1811491,613497,57482,585280,235175,639021,3879,3249322,3945825,12
69,361678590746591,361678591766810,361682344854703,361682344854744,361682346335286,361682346577294,361682346594512,361682346836080,361682346964231,361682347938757,361682347944901,3753598003,41,1480542,242008,17218,241568,128151,974526,6144,2098413,3090157,12
70,361682348042048,361682348685382,361686102947440,361686102947484,361686104737229,361686104991876,361686105021073,361686105509334,361686105676522,361686106384600,361686106388159,3754583725,44,1789745,254647,29197,488261,167188,708078,3559,2703400,3440675,12
71,361686106425284,361686106907402,361689861041187,361689861041231,361689862833786,361689863270434,361689863292422,361689863864634,361689864203944,361689864893889,361689864898569,3754374844,44,1792555,436648,21988,572212,339310,689945,4680,3145405,3857338,12
72,361689864953086,361689865961039,361693619134455,361693619134497,361693620848939,361693621156580,361693621166160,361693621724097,361693621854943,361693622494344,361693622497380,3753677393,42,1714442,307641,9580,557937,130846,639401,3036,2713902,3362883,12
73,361693622521514,361693623166614,361697377226293,361697377226336,361697378889663,361697379426651,361697379438427,361697379768022,361697379927563,361697380967943,361697380970972,3754382229,43,1663327,536988,11776,329595,159541,1040380,3029,2692480,3744636,12
74,361697380994542,361697381574824,361701135319997,361701135320093,361701136898309,361701137201292,361701137215765,361701137594569,361701137762782,361701138695995,361701138699057,3754035314,96,1578216,302983,14473,378804,168213,933213,3062,2431278,3378964,12
75,361701138723797,361701139151173,361704893413864,361704893413906,361704895198088,361704895715988,361704895738532,361704896316271,361704896642618,361704897347495,361704897351632,3754476379,42,1784182,517900,22544,577739,326347,704877,4137,3210305,3937726,12
76,361704897386800,361704898066348,361708651506454,361708651506503,361708653305292,361708653731633,361708653755171,361708653986934,361708654216218,361708654857490,361708654864495,3753779880,49,1798789,426341,23538,231763,229284,641272,7005,2693182,3357992,12
77,361708654992882,361708655624087,361712409598514,361712409598571,361712411231483,361712411535464,361712411551336,361712411796889,361712411926157,361712412883001,361712412888569,3754290030,57,1632912,303981,15872,245553,129268,956844,5568,2317282,3289998,12
78,361712412972538,361712413607807,361716167691870,361716167691916,361716169222754,361716169708764,361716169761608,361716169962087,361716170137332,361716171184031,361716171187047,3754401698,46,1530838,486010,52844,200479,175245,1046699,3016,2395588,3495131,12
79,361716171211135,361716171968240,361719925786882,361719925786925,361719927583359,361719928014125,361719928036237,361719928549452,361719928740087,361719929830131,361719929834112,3754197195,43,1796434,430766,22112,513215,190635,1090044,3981,2935031,4047187,12
80,361719929897573,361719930391443,361723683879791,361723683879833,361723685479932,361723686055811,361723686066919,361723686567253,361723686735898,361723687361420,361723687367430,3753735283,42,1600099,575879,11108,500334,168645,625522,6010,2850967,3487597,12
81,361723687400685,361723688055688,361727441970817,361727441970869,361727443763878,361727444243586,361727444265707,361727444591610,361727444753391,361727446052979,361727446056609,3754242631,52,1793009,479708,22121,325903,161781,1299588,3630,2764031,4085740,12
82,361727446096387,361727446797618,361731200065213,361731200065259,361731201510199,361731201721699,361731201731786,361731201929012,361731202103778,361731203092715,361731203100480,3753618211,46,1444940,211500,10087,197226,174766,988937,7765,2036197,3035221,12
83,361731203127951,361731203695439,361734958158576,361734958158620,361734959749326,361734960029791,361734960041488,361734960422600,361734960597050,361734961614931,361734961620816,3754746881,44,1590706,280465,11697,381112,174450,1017881,5885,2432618,3462196,12
84,361734961717547,361734962308880,361738716250903,361738716250947,361738718042761,361738718679242,361738718725613,361738718978580,361738719297708,361738720531667,361738720536370,3754237690,44,1791814,636481,46371,252967,319128,1233959,4703,3005093,4285423,12
85,361738720578779,361738721302794,361742474344845,361742474344900,361742476038736,361742476532739,361742476549244,361742476871305,361742477079924,361742478069786,361742478076448,3753404059,55,1693836,494003,16505,322061,208619,989862,6662,2725181,3731548,12
86,361742478154958,361742478780233,361746232436271,361746232436315,361746234228484,361746234859541,361746234916042,361746235552292,361746235809996,361746236616438,361746236621236,3753968676,44,1792169,631057,56501,636250,257704,806442,4798,3321978,4184921,12
87,361746236663676,361746237329016,361749990531012,361749990531111,361749992326103,361749992737161,361749992760669,361749992973125,361749993298184,361749994229907,361749994233526,3753534666,99,1794992,411058,23508,212456,325059,931723,3619,2747184,3702415,12
88,361749994288748,361749995232382,361753748623006,361753748623049,361753750175798,361753750718256,361753750729863,361753750931379,361753751250859,361753751982704,361753751988696,3753862441,43,1552749,542458,11607,201516,319480,731845,5992,2622195,3365647,12
89,361753752076996,361753752763503,361757506716921,361757506716964,361757508225031,361757508472514,361757508483881,361757508804837,361757508935330,361757509848591,361757509854478,3754296672,43,1508067,247483,11367,320956,130493,913261,5887,2212886,3137514,12
90,361757509937070,361757510727453,361761264809615,361761264809658,361761266606310,361761266905842,361761266929224,361761267509728,361761267717232,361761268262023,361761268265627,3754477354,43,1796652,299532,23382,580504,207504,544791,3604,2887796,3455969,12
91,361761268302437,361761268960460,361765022903317,361765022903360,361765024696026,361765025317761,361765025375617,361765025701621,361765025863511,361765027327280,361765027330938,3754271869,43,1792666,621735,57856,326004,161890,1463769,3658,2905953,4427578,12
92,361765027367559,361765028216485,361768780995520,361768780995564,361768782576126,361768782813821,361768782819429,361768783133051,361768783371160,361768784018391,361768784024541,3753203498,44,1580562,237695,5608,313622,238109,647231,6150,2376138,3028977,12
93,361768784100454,361768784700878,361772539088846,361772539088890,361772540674620,361772540965679,361772540975201,361772541516029,361772541711356,361772542687117,361772542693242,3754688180,44,1585730,291059,9522,540828,195327,975761,6125,2619069,3604352,12
94,361772542794642,361772543558465,361776297181060,361776297181107,361776298945553,361776299395818,361776299417160,361776299902332,361776300109542,361776301586472,361776301591192,3754004507,47,1764446,450265,21342,485172,207210,1476930,4720,2911813,4410085,12
95,361776301629952,361776302300199,361780055275157,361780055275250,361780056954176,361780057574274,361780057596703,361780058239624,361780058433856,361780059561599,361780059566338,3753310082,93,1678926,620098,22429,642921,194232,1127743,4739,3140916,4291088,12
96,361780059609630,361780060145768,361783813368214,361783813368261,361783814947765,361783815406923,361783815418268,361783815654433,361783815842549,361783817012021,361783817017671,3753490515,47,1579504,459158,11345,236165,188116,1169472,5650,2468593,3649410,12
97,361783817092862,361783817486912,361787571461774,361787571461819,361787573126132,361787573620902,361787573631445,361787573865857,361787574081866,361787574980483,361787574983630,3754171887,45,1664313,494770,10543,234412,216009,898617,3147,2612651,3521811,12
98,361787575013253,361787575535742,361791329553275,361791329553319,361791331227518,361791331640997,361791331680251,361791331897116,361791332106249,361791333215322,361791333218965,3754278778,44,1674199,413479,39254,216865,209133,1109073,3643,2517319,3665646,12
99,361791333260127,361791333947143,361795087646775,361795087646819,361795089408895,361795089822376,361795089844720,361795090361218,361795090704390,361795091375944,361795091381070,3754043140,44,1762076,413481,22344,516498,343172,671554,5126,3040353,3734251,12
