stem,fault,wait,trial,rec,inject,iters,r0rc,r1rc,left,wall_s,shots_fired,r0_iters_ok,r0_outcome,r1_iters_ok,r1_outcome,r1_data,final_signal,expected_final,signal_exact,rec_events,recovered,replay_failed,declined,decline_reason,decline_class,decline_fp,replays,delta_zero,rx_reqs,rx_acks,rx_nacks,rx_recovered_iters,rearms,rx_cancel_rc,final_async,r1_final_async,host_error,surface_ms,teardown0,abort0,teardown0_ms,teardown1,abort1,f2r_ms_median,f2r_ms_max,lat_p50_us,lat_p99_us,lat_n,lat_cpu_ms,lat_wall_ms,lat_data
rec0_F1_blocking_o1,F1,blocking,o1,0,600,120,8,9,0,2.2,1,37,error,37,declined,ok,,,,0,0,0,0,none,,,0,0,0,0,0,0,0,0,remote process exited or there was a network error,no error,remote process exited or there was a network error,0.9419999122619629,clean,no error,784.3,clean,no error,,,,,,,,
rec0_F1_blocking_o2,F1,blocking,o2,0,600,120,8,9,0,2.2,1,37,error,37,declined,ok,,,,0,0,0,0,none,,,0,0,0,0,0,0,0,0,remote process exited or there was a network error,no error,remote process exited or there was a network error,0.7430000305175781,clean,no error,766.4,clean,no error,,,,,,,,
rec0_F1_timeout_o1,F1,timeout,o1,0,600,120,8,9,0,2.2,1,37,error,37,declined,ok,,,,0,0,0,0,none,,,0,0,0,0,0,0,0,0,remote process exited or there was a network error,no error,remote process exited or there was a network error,0.8789999485015869,clean,no error,760.7,clean,no error,,,,,,,,
rec0_F1_timeout_o2,F1,timeout,o2,0,600,120,8,9,0,2.2,1,37,error,37,declined,ok,,,,0,0,0,0,none,,,0,0,0,0,0,0,0,0,remote process exited or there was a network error,no error,remote process exited or there was a network error,0.7830002307891846,clean,no error,762.7,clean,no error,,,,,,,,
rec0_F3_blocking_o1,F3,blocking,o1,0,600,120,8,9,0,5.7,1,37,error,37,declined,ok,,,,0,0,0,0,none,,,0,0,0,0,0,0,0,0,remote process exited or there was a network error,no error,remote process exited or there was a network error,3521.1749999523163,clean,no error,768.0,clean,no error,,,,,,,,
rec0_F3_blocking_o2,F3,blocking,o2,0,600,120,8,9,0,5.7,1,37,error,37,declined,ok,,,,0,0,0,0,none,,,0,0,0,0,0,0,0,0,remote process exited or there was a network error,no error,remote process exited or there was a network error,3643.7539999485016,clean,no error,651.8,clean,no error,,,,,,,,
rec0_F3_timeout_o1,F3,timeout,o1,0,600,120,8,4,0,5.7,1,37,error,37,timeout,missing,,,,0,0,0,0,none,,,0,0,0,0,0,0,0,,remote process exited or there was a network error,no error,remote process exited or there was a network error,3557.371999979019,clean,no error,739.0,clean,no error,,,,,,,,
rec0_F3_timeout_o2,F3,timeout,o2,0,600,120,8,4,0,5.7,1,37,error,37,timeout,missing,,,,0,0,0,0,none,,,0,0,0,0,0,0,0,,remote process exited or there was a network error,no error,remote process exited or there was a network error,3641.6790001392365,clean,no error,642.0,clean,no error,,,,,,,,
rec1_D0_blocking_t1,D0,blocking,t1,1,600,120,0,0,0,3.7,0,120,ok,120,ok,ok,120,120,1,3,3,0,0,none,,,0,3,3,3,0,3,0,,no error,no error,none,,clean,no error,879.6,clean,no error,,,,,,,,
rec1_D0_blocking_t2,D0,blocking,t2,1,600,120,0,0,0,3.7,0,120,ok,120,ok,ok,120,120,1,3,3,0,0,none,,,0,3,3,3,0,3,0,,no error,no error,none,,clean,no error,876.2,clean,no error,,,,,,,,
rec1_D0_blocking_t3,D0,blocking,t3,1,600,120,0,0,0,3.7,0,120,ok,120,ok,ok,120,120,1,3,3,0,0,none,,,0,3,3,3,0,3,0,,no error,no error,none,,clean,no error,890.5,clean,no error,,,,,,,,
rec1_D0_timeout_t1,D0,timeout,t1,1,600,120,0,0,0,3.7,0,120,ok,120,ok,ok,120,120,1,3,3,0,0,none,,,0,3,3,3,0,3,0,,no error,no error,none,,clean,no error,899.3,clean,no error,,,,,,,,
rec1_D0_timeout_t2,D0,timeout,t2,1,600,120,0,0,0,3.7,0,120,ok,120,ok,ok,120,120,1,3,3,0,0,none,,,0,3,3,3,0,3,0,,no error,no error,none,,clean,no error,902.2,clean,no error,,,,,,,,
rec1_D0_timeout_t3,D0,timeout,t3,1,600,120,0,0,0,3.6,0,120,ok,120,ok,ok,120,120,1,3,3,0,0,none,,,0,3,3,3,0,3,0,,no error,no error,none,,clean,no error,877.5,clean,no error,,,,,,,,
rec1_F1_blocking_m1,F1,blocking,m1,1,"300,150,-1,200,100",160,0,0,0,4.2,5,160,ok,160,ok,ok,160,160,1,5,4,1,0,none,,,5,0,5,5,0,4,0,,no error,no error,remote process exited or there was a network error,9.210000038146973,clean,no error,759.9,clean,no error,17.691499948501587,21.69600009918213,,,,,,
rec1_F1_blocking_m2,F1,blocking,m2,1,"300,150,-1,200,100",160,0,0,0,4.2,5,160,ok,160,ok,ok,160,160,1,5,4,1,0,none,,,5,0,5,5,0,4,0,,no error,no error,remote process exited or there was a network error,9.03600001335144,clean,no error,772.5,clean,no error,17.729000091552734,21.64900016784668,,,,,,
rec1_F1_blocking_m3,F1,blocking,m3,1,"300,150,-1,200,100",160,0,0,0,4.2,5,160,ok,160,ok,ok,160,160,1,5,4,1,0,none,,,5,0,5,5,0,4,0,,no error,no error,remote process exited or there was a network error,9.20799994468689,clean,no error,765.4,clean,no error,17.666499972343445,21.490000009536743,,,,,,
rec1_F1_blocking_m4,F1,blocking,m4,1,"300,150,-1,200,100",160,0,0,0,4.2,5,160,ok,160,ok,ok,160,160,1,5,4,1,0,none,,,5,0,5,5,0,4,0,,no error,no error,remote process exited or there was a network error,9.200999975204468,clean,no error,759.9,clean,no error,17.643500089645386,21.426000118255615,,,,,,
rec1_F1_blocking_m5,F1,blocking,m5,1,"300,150,-1,200,100",160,0,0,0,4.2,5,160,ok,160,ok,ok,160,160,1,5,4,1,0,none,,,5,0,5,5,0,4,0,,no error,no error,remote process exited or there was a network error,9.099999904632568,clean,no error,741.6,clean,no error,17.95299994945526,21.336999893188477,,,,,,
rec1_F1_blocking_t1,F1,blocking,t1,1,600,120,0,0,0,3.7,1,120,ok,120,ok,ok,120,120,1,1,1,0,0,none,,,1,0,1,1,0,1,0,,no error,no error,remote process exited or there was a network error,1.0260000228881836,clean,no error,936.2,clean,no error,9.375,9.375,,,,,,
rec1_F1_blocking_t2,F1,blocking,t2,1,600,120,0,0,0,3.7,1,120,ok,120,ok,ok,120,120,1,1,1,0,0,none,,,1,0,1,1,0,1,0,,no error,no error,remote process exited or there was a network error,15.765000104904175,clean,no error,944.8,clean,no error,23.800000190734863,23.800000190734863,,,,,,
rec1_F1_blocking_t3,F1,blocking,t3,1,600,120,0,0,0,3.7,1,120,ok,120,ok,ok,120,120,1,1,1,0,0,none,,,1,0,1,1,0,1,0,,no error,no error,remote process exited or there was a network error,15.865999937057495,clean,no error,965.2,clean,no error,24.066999912261963,24.066999912261963,,,,,,
rec1_F1_timeout_m1,F1,timeout,m1,1,"300,150,-1,200,100",160,0,0,0,4.2,5,160,ok,160,ok,ok,160,160,1,5,4,1,0,none,,,5,0,5,5,0,4,0,,no error,no error,remote process exited or there was a network error,9.222999811172485,clean,no error,767.4,clean,no error,17.904500007629395,21.396999835968018,,,,,,
rec1_F1_timeout_m2,F1,timeout,m2,1,"300,150,-1,200,100",160,0,0,0,4.2,5,160,ok,160,ok,ok,160,160,1,5,4,1,0,none,,,5,0,5,5,0,4,0,,no error,no error,remote process exited or there was a network error,9.328999996185303,clean,no error,759.7,clean,no error,17.975499987602234,21.31000018119812,,,,,,
rec1_F1_timeout_m3,F1,timeout,m3,1,"300,150,-1,200,100",160,0,0,0,4.2,5,160,ok,160,ok,ok,160,160,1,5,4,1,0,none,,,5,0,5,5,0,4,0,,no error,no error,remote process exited or there was a network error,9.161999940872192,clean,no error,760.6,clean,no error,18.016499996185303,21.58899998664856,,,,,,
rec1_F1_timeout_m4,F1,timeout,m4,1,"300,150,-1,200,100",160,0,0,0,4.2,5,160,ok,160,ok,ok,160,160,1,5,4,1,0,none,,,5,0,5,5,0,4,0,,no error,no error,remote process exited or there was a network error,9.105999946594238,clean,no error,774.7,clean,no error,17.60350012779236,21.40000009536743,,,,,,
rec1_F1_timeout_m5,F1,timeout,m5,1,"300,150,-1,200,100",160,0,0,0,4.2,5,160,ok,160,ok,ok,160,160,1,5,4,1,0,none,,,5,0,5,5,0,4,0,,no error,no error,remote process exited or there was a network error,10.16700005531311,clean,no error,767.8,clean,no error,18.197999954223633,21.197999954223633,,,,,,
rec1_F1_timeout_t1,F1,timeout,t1,1,600,120,0,0,0,3.7,1,120,ok,120,ok,ok,120,120,1,1,1,0,0,none,,,1,0,1,1,0,1,0,,no error,no error,remote process exited or there was a network error,1.5709998607635498,clean,no error,953.8,clean,no error,9.793999910354614,9.793999910354614,,,,,,
rec1_F1_timeout_t2,F1,timeout,t2,1,600,120,0,0,0,3.7,1,120,ok,120,ok,ok,120,120,1,1,1,0,0,none,,,1,0,1,1,0,1,0,,no error,no error,remote process exited or there was a network error,16.484999895095825,clean,no error,937.2,clean,no error,24.723000049591064,24.723000049591064,,,,,,
rec1_F1_timeout_t3,F1,timeout,t3,1,600,120,0,0,0,3.7,1,120,ok,120,ok,ok,120,120,1,1,1,0,0,none,,,1,0,1,1,0,1,0,,no error,no error,remote process exited or there was a network error,15.670000076293945,clean,no error,939.9,clean,no error,23.96499991416931,23.96499991416931,,,,,,
rec1_F2_blocking_t1,F2,blocking,t1,1,600,120,9,9,0,1.7,0,0,declined,0,declined,n/a,,,,1,0,0,1,class_REM_ACCESS,REM_ACCESS,10/0x88,0,0,0,0,0,0,0,0,remote process exited or there was a network error,no error,remote process exited or there was a network error,3.8999998569488525,clean,no error,890.7,clean,no error,,,,,,,,
rec1_F2_blocking_t2,F2,blocking,t2,1,600,120,9,9,0,1.7,0,0,declined,0,declined,n/a,,,,1,0,0,1,class_REM_ACCESS,REM_ACCESS,10/0x88,0,0,0,0,0,0,0,0,remote process exited or there was a network error,no error,none,,clean,no error,885.1,clean,no error,,,,,,,,
rec1_F2_blocking_t3,F2,blocking,t3,1,600,120,9,9,0,1.6,0,0,declined,0,declined,n/a,,,,1,0,0,1,class_REM_ACCESS,REM_ACCESS,10/0x88,0,0,0,0,0,0,0,0,remote process exited or there was a network error,no error,none,,clean,no error,888.9,clean,no error,,,,,,,,
rec1_F2_timeout_t1,F2,timeout,t1,1,600,120,9,9,0,1.7,0,0,declined,0,declined,n/a,,,,1,0,0,1,class_REM_ACCESS,REM_ACCESS,10/0x88,0,0,0,0,0,0,0,0,remote process exited or there was a network error,no error,remote process exited or there was a network error,4.075999975204468,clean,no error,878.4,clean,no error,,,,,,,,
rec1_F2_timeout_t2,F2,timeout,t2,1,600,120,9,9,0,1.7,0,0,declined,0,declined,n/a,,,,1,0,0,1,class_REM_ACCESS,REM_ACCESS,10/0x88,0,0,0,0,0,0,0,0,remote process exited or there was a network error,no error,remote process exited or there was a network error,3.9070000648498535,clean,no error,891.8,clean,no error,,,,,,,,
rec1_F2_timeout_t3,F2,timeout,t3,1,600,120,9,9,0,1.7,0,0,declined,0,declined,n/a,,,,1,0,0,1,class_REM_ACCESS,REM_ACCESS,10/0x88,0,0,0,0,0,0,0,0,remote process exited or there was a network error,no error,none,,clean,no error,881.6,clean,no error,,,,,,,,
rec1_F3_blocking_m1,F3,blocking,m1,1,"600,300,-1,300,300",200,0,0,0,23.2,5,200,ok,200,ok,ok,200,200,1,5,4,1,0,none,,,5,0,5,5,0,4,0,,no error,no error,remote process exited or there was a network error,3573.858000278473,clean,no error,688.9,clean,no error,3729.844500184059,3761.417000055313,,,,,,
rec1_F3_blocking_m2,F3,blocking,m2,1,"600,300,-1,300,300",200,0,0,0,23.7,5,200,ok,200,ok,ok,200,200,1,5,4,1,0,none,,,5,0,5,5,0,4,0,,no error,no error,remote process exited or there was a network error,3785.5449998378754,clean,no error,1003.0,clean,no error,3745.881500005722,3793.6979999542236,,,,,,
rec1_F3_blocking_m3,F3,blocking,m3,1,"600,300,-1,300,300",200,0,0,0,23.2,5,200,ok,200,ok,ok,200,200,1,5,4,1,0,none,,,5,0,5,5,0,4,0,,no error,no error,remote process exited or there was a network error,3536.66100025177,clean,no error,735.4,clean,no error,3729.7845001220703,3761.462000131607,,,,,,
rec1_F3_blocking_m4,F3,blocking,m4,1,"600,300,-1,300,300",200,0,0,0,23.7,5,200,ok,200,ok,ok,200,200,1,5,4,1,0,none,,,5,0,5,5,0,4,0,,no error,no error,remote process exited or there was a network error,3788.4960000514984,clean,no error,984.6,clean,no error,3745.8734999895096,3796.430999994278,,,,,,
rec1_F3_blocking_m5,F3,blocking,m5,1,"600,300,-1,300,300",200,0,0,0,23.2,5,200,ok,200,ok,ok,200,200,1,5,4,1,0,none,,,5,0,5,5,0,4,0,,no error,no error,remote process exited or there was a network error,3768.7180001735687,clean,no error,515.5,clean,no error,3745.643499851227,3776.4030001163483,,,,,,
rec1_F3_blocking_t1,F3,blocking,t1,1,600,120,0,0,0,7.2,1,120,ok,120,ok,ok,120,120,1,1,1,0,0,none,,,1,0,1,1,0,1,0,,no error,no error,remote process exited or there was a network error,3639.263999938965,clean,no error,812.5,clean,no error,3647.4379999637604,3647.4379999637604,,,,,,
rec1_F3_blocking_t2,F3,blocking,t2,1,600,120,0,0,0,7.2,1,120,ok,120,ok,ok,120,120,1,1,1,0,0,none,,,1,0,1,1,0,1,0,,no error,no error,remote process exited or there was a network error,3516.332999944687,clean,no error,949.9,clean,no error,3524.5920000076294,3524.5920000076294,,,,,,
rec1_F3_blocking_t3,F3,blocking,t3,1,600,120,0,0,0,7.2,1,120,ok,120,ok,ok,120,120,1,1,1,0,0,none,,,1,0,1,1,0,1,0,,no error,no error,remote process exited or there was a network error,3669.901999950409,clean,no error,773.4,clean,no error,3677.822000026703,3677.822000026703,,,,,,
rec1_F3_timeout_m1,F3,timeout,m1,1,"600,300,-1,300,300",200,0,0,0,23.2,5,200,ok,200,ok,ok,200,200,1,5,4,1,0,none,,,5,0,5,5,0,4,1,,no error,no error,remote process exited or there was a network error,3718.3490002155304,clean,no error,554.7,clean,no error,3729.918000102043,3761.5010001659393,,,,,,
rec1_F3_timeout_m2,F3,timeout,m2,1,"600,300,-1,300,300",200,0,0,0,23.2,5,200,ok,200,ok,ok,200,200,1,5,4,1,0,none,,,5,0,5,5,0,4,1,,no error,no error,remote process exited or there was a network error,3716.6319999694824,clean,no error,577.5,clean,no error,3729.939499974251,3761.0899999141693,,,,,,
rec1_F3_timeout_m3,F3,timeout,m3,1,"600,300,-1,300,300",200,0,0,0,23.2,5,200,ok,200,ok,ok,200,200,1,5,4,1,0,none,,,5,0,5,5,0,4,1,,no error,no error,remote process exited or there was a network error,3664.5019998550415,clean,no error,601.7,clean,no error,3729.751999974251,3761.838000059128,,,,,,
rec1_F3_timeout_m4,F3,timeout,m4,1,"600,300,-1,300,300",200,0,0,0,23.2,5,200,ok,200,ok,ok,200,200,1,5,4,1,0,none,,,5,0,5,5,0,4,1,,no error,no error,remote process exited or there was a network error,3650.7960000038147,clean,no error,631.7,clean,no error,3729.65600001812,3761.9749999046326,,,,,,
rec1_F3_timeout_m5,F3,timeout,m5,1,"600,300,-1,300,300",200,0,0,0,23.2,5,200,ok,200,ok,ok,200,200,1,5,4,1,0,none,,,5,0,5,5,0,4,1,,no error,no error,remote process exited or there was a network error,3630.0230000019073,clean,no error,648.6,clean,no error,3729.9489998817444,3761.3519999980927,,,,,,
rec1_F3_timeout_t1,F3,timeout,t1,1,600,120,0,0,0,7.2,1,120,ok,120,ok,ok,120,120,1,1,1,0,0,none,,,1,0,1,1,0,1,0,,no error,no error,remote process exited or there was a network error,3736.109999895096,clean,no error,743.1,clean,no error,3744.3289999961853,3744.3289999961853,,,,,,
rec1_F3_timeout_t2,F3,timeout,t2,1,600,120,0,0,0,7.2,1,120,ok,120,ok,ok,120,120,1,1,1,0,0,none,,,1,0,1,1,0,1,0,,no error,no error,remote process exited or there was a network error,3613.6259999275208,clean,no error,852.7,clean,no error,3621.4639999866486,3621.4639999866486,,,,,,
rec1_F3_timeout_t3,F3,timeout,t3,1,600,120,0,0,0,7.2,1,120,ok,120,ok,ok,120,120,1,1,1,0,0,none,,,1,0,1,1,0,1,0,,no error,no error,remote process exited or there was a network error,3766.859999895096,clean,no error,695.9,clean,no error,3775.0709998607635,3775.0709998607635,,,,,,
rec1_F4_blocking_t1,F4,blocking,t1,1,600,400,9,255,0,7.2,0,178,declined,,,,,,,1,0,0,1,retry_exc_peer_dead,RETRY_EXC,12/0x81,0,0,0,0,0,,,,remote process exited or there was a network error,,remote process exited or there was a network error,3661.130000114441,clean,no error,743.5,,,,,,,,,,
rec1_F4_blocking_t2,F4,blocking,t2,1,600,400,9,255,0,7.2,0,178,declined,,,,,,,1,0,0,1,retry_exc_peer_dead,RETRY_EXC,12/0x81,0,0,0,0,0,,,,remote process exited or there was a network error,,remote process exited or there was a network error,3778.5090000629425,clean,no error,635.6,,,,,,,,,,
rec1_F4_blocking_t3,F4,blocking,t3,1,600,400,9,255,0,7.2,0,176,declined,,,,,,,1,0,0,1,retry_exc_peer_dead,RETRY_EXC,12/0x81,0,0,0,0,0,,,,remote process exited or there was a network error,,remote process exited or there was a network error,3623.4710001945496,clean,no error,790.3,,,,,,,,,,
rec1_F4_timeout_t1,F4,timeout,t1,1,600,400,9,255,0,7.2,0,179,declined,,,,,,,1,0,0,1,retry_exc_peer_dead,RETRY_EXC,12/0x81,0,0,0,0,0,,,,remote process exited or there was a network error,,remote process exited or there was a network error,3789.234999895096,clean,no error,598.8,,,,,,,,,,
rec1_F4_timeout_t2,F4,timeout,t2,1,600,400,9,255,0,7.2,0,179,declined,,,,,,,1,0,0,1,retry_exc_peer_dead,RETRY_EXC,12/0x81,0,0,0,0,0,,,,remote process exited or there was a network error,,remote process exited or there was a network error,3674.5329999923706,clean,no error,721.5,,,,,,,,,,
rec1_F4_timeout_t3,F4,timeout,t3,1,600,400,9,255,0,7.2,0,180,declined,,,,,,,1,0,0,1,retry_exc_peer_dead,RETRY_EXC,12/0x81,0,0,0,0,0,,,,remote process exited or there was a network error,,none,,clean,no error,603.3,,,,,,,,,,
rec1_none_blocking_t1,none,blocking,t1,1,600,120,0,0,0,3.7,0,120,ok,120,ok,ok,120,120,1,0,0,0,0,none,,,0,0,0,0,0,0,0,,no error,no error,none,,clean,no error,938.4,clean,no error,,,,,,,,
rec1_none_blocking_t2,none,blocking,t2,1,600,120,0,0,0,3.7,0,120,ok,120,ok,ok,120,120,1,0,0,0,0,none,,,0,0,0,0,0,0,0,,no error,no error,none,,clean,no error,948.5,clean,no error,,,,,,,,
rec1_none_blocking_t3,none,blocking,t3,1,600,120,0,0,0,3.6,0,120,ok,120,ok,ok,120,120,1,0,0,0,0,none,,,0,0,0,0,0,0,0,,no error,no error,none,,clean,no error,941.7,clean,no error,,,,,,,,
rec1_none_timeout_t1,none,timeout,t1,1,600,120,0,0,0,3.7,0,120,ok,120,ok,ok,120,120,1,0,0,0,0,none,,,0,0,0,0,0,0,0,,no error,no error,none,,clean,no error,945.6,clean,no error,,,,,,,,
rec1_none_timeout_t2,none,timeout,t2,1,600,120,0,0,0,3.7,0,120,ok,120,ok,ok,120,120,1,0,0,0,0,none,,,0,0,0,0,0,0,0,,no error,no error,none,,clean,no error,947.0,clean,no error,,,,,,,,
rec1_none_timeout_t3,none,timeout,t3,1,600,120,0,0,0,3.7,0,120,ok,120,ok,ok,120,120,1,0,0,0,0,none,,,0,0,0,0,0,0,0,,no error,no error,none,,clean,no error,951.8,clean,no error,,,,,,,,
rec0_lat_blocking_b262144r1,lat,blocking,b262144r1,0,600,1,0,0,0,2.1,0,10000,ok,10000,ok,n/a,,,,,0,0,0,,,,,,0,0,0,,,,,,none,,clean,no error,998.0,clean,no error,,,37.73,39.01,10000,788.2,381.1,ok
rec0_lat_blocking_b262144r2,lat,blocking,b262144r2,0,600,1,0,0,0,2.2,0,10000,ok,10000,ok,n/a,,,,,0,0,0,,,,,,0,0,0,,,,,,none,,clean,no error,998.8,clean,no error,,,37.66,38.98,10000,787.0,380.7,ok
rec0_lat_blocking_b262144r3,lat,blocking,b262144r3,0,600,1,0,0,0,1.6,0,10000,ok,10000,ok,n/a,,,,,0,0,0,,,,,,0,0,0,,,,,,none,,clean,no error,509.9,clean,no error,,,36.86,38.94,10000,780.1,376.9,ok
rec0_lat_blocking_b262144r4,lat,blocking,b262144r4,0,600,1,0,0,0,2.2,0,10000,ok,10000,ok,n/a,,,,,0,0,0,,,,,,0,0,0,,,,,,none,,clean,no error,1007.6,clean,no error,,,36.90,38.94,10000,780.0,377.1,ok
rec0_lat_blocking_b262144r5,lat,blocking,b262144r5,0,600,1,0,0,0,2.2,0,10000,ok,10000,ok,n/a,,,,,0,0,0,,,,,,0,0,0,,,,,,none,,clean,no error,997.8,clean,no error,,,38.27,38.98,10000,791.4,382.7,ok
rec0_lat_blocking_b262144r6,lat,blocking,b262144r6,0,600,1,0,0,0,2.1,0,10000,ok,10000,ok,n/a,,,,,0,0,0,,,,,,0,0,0,,,,,,none,,clean,no error,1007.6,clean,no error,,,37.79,39.01,10000,788.2,381.1,ok
rec0_lat_blocking_b4096r1,lat,blocking,b4096r1,0,600,1,0,0,0,1.7,0,10000,ok,10000,ok,n/a,,,,,0,0,0,,,,,,0,0,0,,,,,,none,,clean,no error,758.5,clean,no error,,,10.27,11.42,10000,221.2,106.8,ok
rec0_lat_blocking_b4096r2,lat,blocking,b4096r2,0,600,1,0,0,0,1.7,0,10000,ok,10000,ok,n/a,,,,,0,0,0,,,,,,0,0,0,,,,,,none,,clean,no error,765.9,clean,no error,,,10.24,11.42,10000,221.6,107.0,ok
rec0_lat_blocking_b4096r3,lat,blocking,b4096r3,0,600,1,0,0,0,1.7,0,10000,ok,10000,ok,n/a,,,,,0,0,0,,,,,,0,0,0,,,,,,none,,clean,no error,789.1,clean,no error,,,10.27,11.46,10000,221.8,107.1,ok
rec0_lat_blocking_b4096r4,lat,blocking,b4096r4,0,600,1,0,0,0,1.7,0,10000,ok,10000,ok,n/a,,,,,0,0,0,,,,,,0,0,0,,,,,,none,,clean,no error,787.7,clean,no error,,,10.27,11.46,10000,221.6,107.0,ok
rec0_lat_blocking_b4096r5,lat,blocking,b4096r5,0,600,1,0,0,0,1.7,0,10000,ok,10000,ok,n/a,,,,,0,0,0,,,,,,0,0,0,,,,,,none,,clean,no error,789.2,clean,no error,,,10.27,11.46,10000,221.5,107.0,ok
rec0_lat_blocking_b4096r6,lat,blocking,b4096r6,0,600,1,0,0,0,1.7,0,10000,ok,10000,ok,n/a,,,,,0,0,0,,,,,,0,0,0,,,,,,none,,clean,no error,766.7,clean,no error,,,10.27,11.52,10000,221.7,107.1,ok
rec0_lat_timeout_b262144r1,lat,timeout,b262144r1,0,600,1,0,0,0,1.7,0,10000,ok,10000,ok,n/a,,,,,0,0,0,,,,,,0,0,0,,,,,,none,,clean,no error,517.8,clean,no error,,,37.22,38.94,10000,779.8,377.2,ok
rec0_lat_timeout_b262144r2,lat,timeout,b262144r2,0,600,1,0,0,0,1.7,0,10000,ok,10000,ok,n/a,,,,,0,0,0,,,,,,0,0,0,,,,,,none,,clean,no error,519.2,clean,no error,,,36.86,38.91,10000,772.2,373.3,ok
rec0_lat_timeout_b262144r3,lat,timeout,b262144r3,0,600,1,0,0,0,2.1,0,10000,ok,10000,ok,n/a,,,,,0,0,0,,,,,,0,0,0,,,,,,none,,clean,no error,994.4,clean,no error,,,37.38,38.94,10000,781.3,378.0,ok
rec0_lat_timeout_b262144r4,lat,timeout,b262144r4,0,600,1,0,0,0,1.7,0,10000,ok,10000,ok,n/a,,,,,0,0,0,,,,,,0,0,0,,,,,,none,,clean,no error,512.2,clean,no error,,,36.86,38.94,10000,775.9,375.1,ok
rec0_lat_timeout_b262144r5,lat,timeout,b262144r5,0,600,1,0,0,0,1.7,0,10000,ok,10000,ok,n/a,,,,,0,0,0,,,,,,0,0,0,,,,,,none,,clean,no error,511.0,clean,no error,,,36.86,38.91,10000,772.5,373.6,ok
rec0_lat_timeout_b262144r6,lat,timeout,b262144r6,0,600,1,0,0,0,1.6,0,10000,ok,10000,ok,n/a,,,,,0,0,0,,,,,,0,0,0,,,,,,none,,clean,no error,529.1,clean,no error,,,36.90,38.94,10000,777.4,375.9,ok
rec0_lat_timeout_b4096r1,lat,timeout,b4096r1,0,600,1,0,0,0,1.7,0,10000,ok,10000,ok,n/a,,,,,0,0,0,,,,,,0,0,0,,,,,,none,,clean,no error,791.8,clean,no error,,,9.98,10.43,10000,211.4,102.1,ok
rec0_lat_timeout_b4096r2,lat,timeout,b4096r2,0,600,1,0,0,0,1.7,0,10000,ok,10000,ok,n/a,,,,,0,0,0,,,,,,0,0,0,,,,,,none,,clean,no error,776.5,clean,no error,,,10.08,10.56,10000,212.8,102.8,ok
rec0_lat_timeout_b4096r3,lat,timeout,b4096r3,0,600,1,0,0,0,1.6,0,10000,ok,10000,ok,n/a,,,,,0,0,0,,,,,,0,0,0,,,,,,none,,clean,no error,774.1,clean,no error,,,10.05,10.40,10000,212.1,102.4,ok
rec0_lat_timeout_b4096r4,lat,timeout,b4096r4,0,600,1,0,0,0,1.7,0,10000,ok,10000,ok,n/a,,,,,0,0,0,,,,,,0,0,0,,,,,,none,,clean,no error,788.0,clean,no error,,,10.21,11.30,10000,213.3,103.0,ok
rec0_lat_timeout_b4096r5,lat,timeout,b4096r5,0,600,1,0,0,0,1.7,0,10000,ok,10000,ok,n/a,,,,,0,0,0,,,,,,0,0,0,,,,,,none,,clean,no error,773.6,clean,no error,,,10.18,10.62,10000,212.4,102.6,ok
rec0_lat_timeout_b4096r6,lat,timeout,b4096r6,0,600,1,0,0,0,1.6,0,10000,ok,10000,ok,n/a,,,,,0,0,0,,,,,,0,0,0,,,,,,none,,clean,no error,783.0,clean,no error,,,10.21,11.30,10000,214.9,103.8,ok
rec1_lat_blocking_b262144r1,lat,blocking,b262144r1,1,600,1,0,0,0,1.6,0,10000,ok,10000,ok,n/a,,,,,0,0,0,,,,,,0,0,0,,,,,,none,,clean,no error,509.1,clean,no error,,,36.86,38.94,10000,778.9,376.7,ok
rec1_lat_blocking_b262144r2,lat,blocking,b262144r2,1,600,1,0,0,0,2.2,0,10000,ok,10000,ok,n/a,,,,,0,0,0,,,,,,0,0,0,,,,,,none,,clean,no error,989.7,clean,no error,,,37.79,38.98,10000,789.2,381.3,ok
rec1_lat_blocking_b262144r3,lat,blocking,b262144r3,1,600,1,0,0,0,2.1,0,10000,ok,10000,ok,n/a,,,,,0,0,0,,,,,,0,0,0,,,,,,none,,clean,no error,991.3,clean,no error,,,38.30,38.98,10000,791.7,382.9,ok
rec1_lat_blocking_b262144r4,lat,blocking,b262144r4,1,600,1,0,0,0,1.7,0,10000,ok,10000,ok,n/a,,,,,0,0,0,,,,,,0,0,0,,,,,,none,,clean,no error,514.9,clean,no error,,,36.93,38.94,10000,780.7,377.6,ok
rec1_lat_blocking_b262144r5,lat,blocking,b262144r5,1,600,1,0,0,0,2.2,0,10000,ok,10000,ok,n/a,,,,,0,0,0,,,,,,0,0,0,,,,,,none,,clean,no error,1006.0,clean,no error,,,36.96,38.94,10000,781.8,378.0,ok
rec1_lat_blocking_b262144r6,lat,blocking,b262144r6,1,600,1,0,0,0,2.2,0,10000,ok,10000,ok,n/a,,,,,0,0,0,,,,,,0,0,0,,,,,,none,,clean,no error,1006.8,clean,no error,,,37.79,39.01,10000,788.8,381.3,ok
rec1_lat_blocking_b4096r1,lat,blocking,b4096r1,1,600,1,0,0,0,1.7,0,10000,ok,10000,ok,n/a,,,,,0,0,0,,,,,,0,0,0,,,,,,none,,clean,no error,782.4,clean,no error,,,10.27,11.46,10000,221.9,107.1,ok
rec1_lat_blocking_b4096r2,lat,blocking,b4096r2,1,600,1,0,0,0,1.6,0,10000,ok,10000,ok,n/a,,,,,0,0,0,,,,,,0,0,0,,,,,,none,,clean,no error,777.7,clean,no error,,,10.24,11.46,10000,221.5,106.9,ok
rec1_lat_blocking_b4096r3,lat,blocking,b4096r3,1,600,1,0,0,0,1.7,0,10000,ok,10000,ok,n/a,,,,,0,0,0,,,,,,0,0,0,,,,,,none,,clean,no error,751.2,clean,no error,,,10.24,11.49,10000,222.5,107.3,ok
rec1_lat_blocking_b4096r4,lat,blocking,b4096r4,1,600,1,0,0,0,1.7,0,10000,ok,10000,ok,n/a,,,,,0,0,0,,,,,,0,0,0,,,,,,none,,clean,no error,778.0,clean,no error,,,10.24,11.46,10000,221.8,107.1,ok
rec1_lat_blocking_b4096r5,lat,blocking,b4096r5,1,600,1,0,0,0,1.7,0,10000,ok,10000,ok,n/a,,,,,0,0,0,,,,,,0,0,0,,,,,,none,,clean,no error,775.1,clean,no error,,,10.24,11.49,10000,221.6,107.0,ok
rec1_lat_blocking_b4096r6,lat,blocking,b4096r6,1,600,1,0,0,0,1.7,0,10000,ok,10000,ok,n/a,,,,,0,0,0,,,,,,0,0,0,,,,,,none,,clean,no error,772.5,clean,no error,,,10.27,11.49,10000,221.1,106.8,ok
rec1_lat_timeout_b262144r1,lat,timeout,b262144r1,1,600,1,0,0,0,1.7,0,10000,ok,10000,ok,n/a,,,,,0,0,0,,,,,,0,0,0,,,,,,none,,clean,no error,512.5,clean,no error,,,36.86,38.94,10000,775.8,375.2,ok
rec1_lat_timeout_b262144r2,lat,timeout,b262144r2,1,600,1,0,0,0,1.7,0,10000,ok,10000,ok,n/a,,,,,0,0,0,,,,,,0,0,0,,,,,,none,,clean,no error,510.5,clean,no error,,,37.60,38.94,10000,784.7,379.4,ok
rec1_lat_timeout_b262144r3,lat,timeout,b262144r3,1,600,1,0,0,0,1.7,0,10000,ok,10000,ok,n/a,,,,,0,0,0,,,,,,0,0,0,,,,,,none,,clean,no error,512.4,clean,no error,,,37.44,38.94,10000,781.6,378.1,ok
rec1_lat_timeout_b262144r4,lat,timeout,b262144r4,1,600,1,0,0,0,2.2,0,10000,ok,10000,ok,n/a,,,,,0,0,0,,,,,,0,0,0,,,,,,none,,clean,no error,1008.3,clean,no error,,,37.44,38.94,10000,782.9,378.6,ok
rec1_lat_timeout_b262144r5,lat,timeout,b262144r5,1,600,1,0,0,0,2.2,0,10000,ok,10000,ok,n/a,,,,,0,0,0,,,,,,0,0,0,,,,,,none,,clean,no error,1002.6,clean,no error,,,37.54,38.94,10000,783.4,378.8,ok
rec1_lat_timeout_b262144r6,lat,timeout,b262144r6,1,600,1,0,0,0,2.2,0,10000,ok,10000,ok,n/a,,,,,0,0,0,,,,,,0,0,0,,,,,,none,,clean,no error,1003.8,clean,no error,,,37.66,38.94,10000,785.7,380.0,ok
rec1_lat_timeout_b4096r1,lat,timeout,b4096r1,1,600,1,0,0,0,1.7,0,10000,ok,10000,ok,n/a,,,,,0,0,0,,,,,,0,0,0,,,,,,none,,clean,no error,780.1,clean,no error,,,10.14,11.30,10000,212.8,102.7,ok
rec1_lat_timeout_b4096r2,lat,timeout,b4096r2,1,600,1,0,0,0,1.7,0,10000,ok,10000,ok,n/a,,,,,0,0,0,,,,,,0,0,0,,,,,,none,,clean,no error,783.5,clean,no error,,,10.21,11.33,10000,213.8,103.3,ok
rec1_lat_timeout_b4096r3,lat,timeout,b4096r3,1,600,1,0,0,0,1.7,0,10000,ok,10000,ok,n/a,,,,,0,0,0,,,,,,0,0,0,,,,,,none,,clean,no error,782.7,clean,no error,,,10.02,10.37,10000,212.6,102.6,ok
rec1_lat_timeout_b4096r4,lat,timeout,b4096r4,1,600,1,0,0,0,1.7,0,10000,ok,10000,ok,n/a,,,,,0,0,0,,,,,,0,0,0,,,,,,none,,clean,no error,783.3,clean,no error,,,10.21,11.30,10000,213.7,103.2,ok
rec1_lat_timeout_b4096r5,lat,timeout,b4096r5,1,600,1,0,0,0,1.7,0,10000,ok,10000,ok,n/a,,,,,0,0,0,,,,,,0,0,0,,,,,,none,,clean,no error,771.9,clean,no error,,,10.21,11.33,10000,214.8,103.7,ok
rec1_lat_timeout_b4096r6,lat,timeout,b4096r6,1,600,1,0,0,0,1.7,0,10000,ok,10000,ok,n/a,,,,,0,0,0,,,,,,0,0,0,,,,,,none,,clean,no error,792.2,clean,no error,,,10.21,11.33,10000,213.6,103.1,ok
