stem,cell,rank,idx,role,round,class,fp,S/U/n,replayed,rescued,chunks,host_rung,tie_kept,yielded,gid,gid_wait_ms,quiesce_us,prepare_us,handshake_us,commit_us,replay_us,total_us,mbx_to_resumed_us,ack_to_done_us,t_resumed,resumed_after_fault_ms,resumed_after_cut_end_ms
bidir_conn_f1both_b_n1,bidir_conn_f1both_b,r0,1,responder,1,LOCAL_QP_ERR,,"[2/0/2,0/0/0,0/0/0,0/0/0]",2,0,0,0,,0,4->4,0.0,338,477,,3413,224,9432,,4932,1974958076.847,28044.18699979782,
bidir_conn_f1both_b_n1,bidir_conn_f1both_b,r1,1,initiator,1,LOCAL_QP_ERR,5/0xf5,"[0/0/0,2/0/2,0/0/0,0/0/0]",2,0,0,0,0,,3->3,0.1,343,536,3623463,4039,495,3629062,3629611,,843898961.977,28043.797999858856,
bidir_conn_f1both_b_n2,bidir_conn_f1both_b,r0,1,responder,1,LOCAL_QP_ERR,,"[2/0/2,0/0/0,0/0/0,0/0/0]",2,0,0,0,,0,4->4,0.1,341,510,,3336,241,9194,,4716,1974992375.231,27906.96799993515,
bidir_conn_f1both_b_n2,bidir_conn_f1both_b,r1,1,initiator,1,LOCAL_QP_ERR,5/0xf5,"[0/0/0,2/0/2,0/0/0,0/0/0]",2,0,0,0,0,,3->3,0.1,276,521,3623479,3876,457,3628786,3629570,,843933260.265,27906.56599998474,
bidir_conn_f1both_b_n3,bidir_conn_f1both_b,r0,1,responder,1,LOCAL_QP_ERR,,"[2/0/2,0/0/0,0/0/0,0/0/0]",2,0,0,0,,0,4->4,0.0,260,499,,3362,221,9154,,4765,1975026676.830,27764.323999881744,
bidir_conn_f1both_b_n3,bidir_conn_f1both_b,r1,1,initiator,1,LOCAL_QP_ERR,5/0xf5,"[0/0/0,2/0/2,0/0/0,0/0/0]",2,0,0,0,0,,3->3,0.1,344,574,3623356,3940,439,3628831,3629713,,843967561.796,27763.93400001526,
bidir_eager_f1both_b_n1,bidir_eager_f1both_b,r0,1,responder,1,LOCAL_QP_ERR,,"[2/0/2,0/0/0,0/0/0,0/0/0]",2,0,0,0,,0,4->4,0.1,221,461,,3346,187,8822,,4554,1972082578.517,28059.165999889374,
bidir_eager_f1both_b_n1,bidir_eager_f1both_b,r1,1,initiator,1,LOCAL_QP_ERR,5/0xf5,"[0/0/0,2/0/2,0/0/0,0/0/0]",2,0,0,0,0,,3->3,0.1,243,510,3602868,3832,339,3607953,3608332,,841023496.568,28059.00300002098,
bidir_eager_f1both_b_n2,bidir_eager_f1both_b,r0,1,responder,1,LOCAL_QP_ERR,,"[2/0/2,0/0/0,0/0/0,0/0/0]",2,0,0,0,,0,4->4,0.0,297,473,,3339,182,8930,,4592,1972116345.976,27942.93799996376,
bidir_eager_f1both_b_n2,bidir_eager_f1both_b,r1,1,initiator,1,LOCAL_QP_ERR,5/0xf5,"[0/0/0,2/0/2,0/0/0,0/0/0]",2,0,0,0,0,,3->3,0.1,276,491,3615934,3862,350,3621079,3621869,,841057264.181,27942.78299999237,
bidir_eager_f1both_b_n3,bidir_eager_f1both_b,r0,1,responder,1,LOCAL_QP_ERR,,"[2/0/2,0/0/0,0/0/0,0/0/0]",2,0,0,0,,0,4->4,0.0,285,432,,3312,181,8862,,4606,1972150057.155,27802.493000030518,
bidir_eager_f1both_b_n3,bidir_eager_f1both_b,r1,1,initiator,1,LOCAL_QP_ERR,5/0xf5,"[0/0/0,2/0/2,0/0/0,0/0/0]",2,0,0,0,0,,3->3,0.1,243,498,3633758,3833,334,3638845,3639599,,841090975.450,27802.28700017929,
bidir_stack_f1both_b_n1,bidir_stack_f1both_b,r0,1,responder,1,LOCAL_QP_ERR,,"[2/0/2,0/0/0,0/0/0,0/0/0]",2,0,0,0,,0,4->4,0.0,209,511,,3359,182,8867,,4558,1973665726.695,28079.63100004196,
bidir_stack_f1both_b_n1,bidir_stack_f1both_b,r1,1,initiator,1,LOCAL_QP_ERR,5/0xf5,"[0/0/0,2/0/2,0/0/0,0/0/0]",2,0,0,0,0,,3->3,0.1,241,486,3627336,3859,341,3632418,3632905,,842606623.678,28078.764000177383,
bidir_stack_f1both_b_n2,bidir_stack_f1both_b,r0,1,responder,1,LOCAL_QP_ERR,,"[2/0/2,0/0/0,0/0/0,0/0/0]",2,0,0,0,,0,4->4,0.0,284,460,,3238,185,8803,,4588,1973699920.410,27926.60000014305,
bidir_stack_f1both_b_n3,bidir_stack_f1both_b,r1,1,initiator,1,LOCAL_QP_ERR,5/0xf5,"[0/0/0,2/0/2,0/0/0,0/0/0]",2,0,0,0,0,,3->3,0.1,233,504,3613609,3879,338,3618727,3619494,,842640816.732,27924.8710000515,
bidirf_f1_b_n1,bidirf_f1_b,r0,1,initiator,1,LOCAL_QP_ERR,5/0xf5,"[80/78/2,0/0/0,0/0/0,0/0/0]",2,0,0,0,0,,4->4,0.0,196,490,6307,3373,184,10618,11057,,1979242184.719,15.692000150680542,
bidirf_f1_b_n1,bidirf_f1_b,r1,1,responder,1,LOCAL_QP_ERR,,"[0/0/0,78/78/0,0/0/0,0/0/0]",0,0,0,0,,0,3->3,0.1,1470,660,,3850,312,10218,,3836,848183073.101,16.103000164031982,
bidirf_f1_b_n3,bidirf_f1_b,r0,1,initiator,1,LOCAL_QP_ERR,5/0xf5,"[116/114/2,0/0/0,0/0/0,0/0/0]",2,0,0,0,0,,4->4,0.1,223,496,6259,3330,187,10566,10673,,1979294400.045,12.124000072479248,
bidirf_f1_b_n3,bidirf_f1_b,r1,1,responder,1,LOCAL_QP_ERR,,"[0/0/0,114/114/0,0/0/0,0/0/0]",0,0,0,0,,0,3->3,0.1,1412,698,,3795,301,10136,,3841,848235288.532,12.527999877929688,
bidirf_f1_b_n4,bidirf_f1_b,r0,1,initiator,1,LOCAL_QP_ERR,5/0xf5,"[134/132/2,0/0/0,0/0/0,0/0/0]",2,0,0,0,0,,4->4,0.0,250,458,6222,3349,181,10525,11419,,1979299763.566,25.490999937057495,
bidirf_f1_b_n4,bidirf_f1_b,r1,1,responder,1,LOCAL_QP_ERR,,"[0/0/0,132/130/2,0/0/0,0/0/0]",2,0,0,0,,0,3->3,0.1,1450,619,,3848,342,10149,,3798,848240652.108,25.937000036239624,
bidirf_f1_b_n5,bidirf_f1_b,r0,1,initiator,1,LOCAL_QP_ERR,5/0xf5,"[152/150/2,0/0/0,0/0/0,0/0/0]",2,0,0,0,0,,4->4,0.0,193,523,6185,3324,183,10471,10845,,1979305087.712,12.722999811172485,
bidirf_f1_b_n5,bidirf_f1_b,r1,1,responder,1,LOCAL_QP_ERR,,"[0/0/0,150/150/0,0/0/0,0/0/0]",0,0,0,0,,0,3->3,0.1,1453,620,,3803,306,10050,,3776,848245976.234,13.135999917984009,
bidirf_f1both_b_n10,bidirf_f1both_b,r0,1,responder,1,LOCAL_QP_ERR,,"[150/150/0,0/0/0,0/0/0,0/0/0]",0,0,0,0,,0,4->4,0.0,235,471,,3424,164,8699,,4355,1979185527.215,11.980000019073486,
bidirf_f1both_b_n10,bidirf_f1both_b,r1,1,initiator,1,LOCAL_QP_ERR,5/0xf5,"[0/0/0,150/148/2,0/0/0,0/0/0]",2,0,0,0,0,,3->3,0.1,439,638,4444,3674,344,9672,10050,,848126415.133,11.717000246047974,
bidirf_f1both_b_n11,bidirf_f1both_b,r0,1,initiator,1,LOCAL_QP_ERR,5/0xf5,"[76/74/2,0/0/0,0/0/0,0/0/0]",2,0,0,0,0,,4->4,0.1,224,463,5030,3374,184,9343,9563,,1979190142.216,11.769999980926514,
bidirf_f1both_b_n11,bidirf_f1both_b,r1,1,responder,1,LOCAL_QP_ERR,,"[0/0/0,74/74/0,0/0/0,0/0/0]",0,0,0,0,,0,3->3,0.1,366,659,,3691,306,8953,,3840,848131030.787,12.17799973487854,
bidirf_f1both_b_n12,bidirf_f1both_b,r0,1,initiator,1,LOCAL_QP_ERR,5/0xf5,"[94/92/2,0/0/0,0/0/0,0/0/0]",2,0,0,0,0,,4->4,0.0,202,427,5077,3458,180,9411,9899,,1979195539.055,12.723999977111816,
bidirf_f1both_b_n12,bidirf_f1both_b,r1,1,responder,1,LOCAL_QP_ERR,,"[0/0/0,92/92/0,0/0/0,0/0/0]",0,0,0,0,,0,3->3,0.1,352,665,,3736,313,9078,,3921,848136427.614,13.141999959945679,
bidirf_f1both_b_n13,bidirf_f1both_b,r0,1,initiator,1,LOCAL_QP_ERR,5/0xf5,"[110/108/2,0/0/0,0/0/0,0/0/0]",2,0,0,0,0,,4->4,0.0,241,466,4927,3444,181,9322,10108,,1979200871.409,13.389999866485596,
bidirf_f1both_b_n13,bidirf_f1both_b,r1,1,responder,1,LOCAL_QP_ERR,,"[0/0/0,108/108/0,0/0/0,0/0/0]",0,0,0,0,,0,3->3,0.1,344,652,,3629,300,8906,,3893,848141759.928,13.78600001335144,
bidirf_f1both_b_n14,bidirf_f1both_b,r0,1,initiator,1,LOCAL_QP_ERR,5/0xf5,"[130/128/2,0/0/0,0/0/0,0/0/0]",2,0,0,0,0,,4->4,0.0,210,471,5077,3346,180,9348,9870,,1979206197.552,11.190000057220459,
bidirf_f1both_b_n14,bidirf_f1both_b,r1,1,responder,1,LOCAL_QP_ERR,,"[0/0/0,128/128/0,0/0/0,0/0/0]",0,0,0,0,,0,3->3,0.1,335,681,,3750,362,9016,,3795,848147086.111,11.646999835968018,
bidirf_f1both_b_n15,bidirf_f1both_b,r0,1,initiator,1,LOCAL_QP_ERR,5/0xf5,"[148/146/2,0/0/0,0/0/0,0/0/0]",2,0,0,0,0,,4->4,0.0,230,513,4986,3249,183,9227,9318,,1979211514.618,20.661999940872192,
bidirf_f1both_b_n15,bidirf_f1both_b,r1,1,responder,1,LOCAL_QP_ERR,,"[0/0/0,146/146/0,0/0/0,0/0/0]",0,0,0,0,,0,3->3,0.1,346,645,,3695,305,8780,,3701,848152403.101,21.066999673843384,
bidirf_f1both_b_n16,bidirf_f1both_b,r0,1,initiator,1,LOCAL_QP_ERR,5/0xf5,"[74/72/2,0/0/0,0/0/0,0/0/0]",2,0,0,0,0,,4->4,0.0,219,484,5039,3373,184,9370,9521,,1979216146.821,10.894999980926514,
bidirf_f1both_b_n16,bidirf_f1both_b,r1,1,responder,1,LOCAL_QP_ERR,,"[0/0/0,72/72/0,0/0/0,0/0/0]",0,0,0,0,,0,3->3,0.1,311,590,,3817,304,8957,,3838,848157035.288,11.298999786376953,
bidirf_f1both_b_n17,bidirf_f1both_b,r0,1,initiator,1,LOCAL_QP_ERR,5/0xf5,"[92/90/2,0/0/0,0/0/0,0/0/0]",2,0,0,0,0,,4->4,0.0,236,478,5141,3308,182,9413,9436,,1979221495.096,12.973999977111816,
bidirf_f1both_b_n17,bidirf_f1both_b,r1,1,responder,1,LOCAL_QP_ERR,,"[0/0/0,90/90/0,0/0/0,0/0/0]",0,0,0,0,,0,3->3,0.1,309,667,,3850,298,8984,,3763,848162383.535,13.365000009536743,
bidirf_f1both_b_n18,bidirf_f1both_b,r0,1,initiator,1,LOCAL_QP_ERR,5/0xf5,"[110/108/2,0/0/0,0/0/0,0/0/0]",2,0,0,0,0,,4->4,0.0,221,498,5099,3266,182,9335,9782,,1979226809.531,11.221999883651733,
bidirf_f1both_b_n18,bidirf_f1both_b,r1,1,responder,1,LOCAL_QP_ERR,,"[0/0/0,108/108/0,0/0/0,0/0/0]",0,0,0,0,,0,3->3,0.1,352,665,,3788,302,8915,,3718,848167697.955,11.620999813079834,
bidirf_f1both_b_n19,bidirf_f1both_b,r0,1,responder,1,LOCAL_QP_ERR,,"[128/128/0,0/0/0,0/0/0,0/0/0]",0,0,0,0,,0,4->4,0.1,331,436,,3381,171,8848,,4474,1979232196.067,12.133999824523926,
bidirf_f1both_b_n19,bidirf_f1both_b,r1,1,initiator,1,LOCAL_QP_ERR,5/0xf5,"[0/0/0,128/126/2,0/0/0,0/0/0]",2,0,0,0,0,,3->3,0.1,420,687,4417,3816,330,9797,10336,,848173083.805,11.865999698638916,
bidirf_f1both_b_n1,bidirf_f1both_b,r0,1,initiator,1,LOCAL_QP_ERR,5/0xf5,"[80/78/2,0/0/0,0/0/0,0/0/0]",2,0,0,0,0,,4->4,0.0,223,447,4923,3424,185,9266,9499,,1979138175.160,11.009000062942505,
bidirf_f1both_b_n1,bidirf_f1both_b,r1,1,responder,1,LOCAL_QP_ERR,,"[0/0/0,78/78/0,0/0/0,0/0/0]",0,0,0,0,,0,3->3,0.1,303,587,,3723,296,8883,,3876,848079063.923,11.390999794006348,
bidirf_f1both_b_n20,bidirf_f1both_b,r0,1,responder,1,LOCAL_QP_ERR,,"[146/146/0,0/0/0,0/0/0,0/0/0]",0,0,0,0,,0,4->4,0.0,190,450,,3373,167,8752,,4524,1979237518.127,12.001000165939331,
bidirf_f1both_b_n20,bidirf_f1both_b,r1,1,initiator,1,LOCAL_QP_ERR,5/0xf5,"[0/0/0,146/144/2,0/0/0,0/0/0]",2,0,0,0,0,,3->3,0.1,918,614,4268,3871,336,10127,10229,,848178405.850,11.735000133514404,
bidirf_f1both_b_n2,bidirf_f1both_b,r0,1,initiator,1,LOCAL_QP_ERR,5/0xf5,"[96/94/2,0/0/0,0/0/0,0/0/0]",2,0,0,0,0,,4->4,0.0,250,471,5013,3485,184,9470,10314,,1979143523.975,14.291999816894531,
bidirf_f1both_b_n2,bidirf_f1both_b,r1,1,responder,1,LOCAL_QP_ERR,,"[0/0/0,94/94/0,0/0/0,0/0/0]",0,0,0,0,,0,3->3,0.1,347,614,,3736,304,9040,,3948,848084412.725,14.690999984741211,
bidirf_f1both_b_n3,bidirf_f1both_b,r0,1,initiator,1,LOCAL_QP_ERR,5/0xf5,"[116/114/2,0/0/0,0/0/0,0/0/0]",2,0,0,0,0,,4->4,0.0,237,456,5044,3439,184,9425,10192,,1979148874.087,10.94599986076355,
bidirf_f1both_b_n3,bidirf_f1both_b,r1,1,responder,1,LOCAL_QP_ERR,,"[0/0/0,114/114/0,0/0/0,0/0/0]",0,0,0,0,,0,3->3,0.1,308,673,,3768,298,9025,,3893,848089762.809,11.33899998664856,
bidirf_f1both_b_n4,bidirf_f1both_b,r0,1,responder,1,LOCAL_QP_ERR,,"[134/134/0,0/0/0,0/0/0,0/0/0]",0,0,0,0,,0,4->4,0.0,248,423,,3442,166,8703,,4375,1979154257.061,12.716000080108643,
bidirf_f1both_b_n4,bidirf_f1both_b,r1,1,initiator,1,LOCAL_QP_ERR,5/0xf5,"[0/0/0,134/132/2,0/0/0,0/0/0]",2,0,0,0,0,,3->3,0.1,346,622,4373,3701,342,9516,9712,,848095145.102,12.450999975204468,
bidirf_f1both_b_n5,bidirf_f1both_b,r0,1,initiator,1,LOCAL_QP_ERR,5/0xf5,"[150/148/2,0/0/0,0/0/0,0/0/0]",2,0,0,0,0,,4->4,0.0,232,507,5196,3387,181,9568,10311,,1979159549.123,13.955999851226807,
bidirf_f1both_b_n5,bidirf_f1both_b,r1,1,responder,1,LOCAL_QP_ERR,,"[0/0/0,148/148/0,0/0/0,0/0/0]",0,0,0,0,,0,3->3,0.1,366,669,,3850,302,9120,,3837,848100437.805,14.353999853134155,
bidirf_f1both_b_n6,bidirf_f1both_b,r0,1,initiator,1,LOCAL_QP_ERR,5/0xf5,"[78/76/2,0/0/0,0/0/0,0/0/0]",2,0,0,0,0,,4->4,0.1,229,519,4903,3361,182,9267,10211,,1979164159.583,21.87999987602234,
bidirf_f1both_b_n6,bidirf_f1both_b,r1,1,responder,1,LOCAL_QP_ERR,,"[0/0/0,76/76/0,0/0/0,0/0/0]",0,0,0,0,,0,3->3,0.1,345,577,,3668,314,8818,,3824,848105048.258,22.295000076293945,
bidirf_f1both_b_n7,bidirf_f1both_b,r0,1,initiator,1,LOCAL_QP_ERR,5/0xf5,"[96/94/2,0/0/0,0/0/0,0/0/0]",2,0,0,0,0,,4->4,0.0,235,466,5004,3223,184,9181,9598,,1979169523.907,11.098000049591064,
bidirf_f1both_b_n7,bidirf_f1both_b,r1,1,responder,1,LOCAL_QP_ERR,,"[0/0/0,94/94/0,0/0/0,0/0/0]",0,0,0,0,,0,3->3,0.1,308,679,,3699,295,8759,,3683,848110412.541,11.486999988555908,
bidirf_f1both_b_n8,bidirf_f1both_b,r0,1,initiator,1,LOCAL_QP_ERR,5/0xf5,"[114/112/2,0/0/0,0/0/0,0/0/0]",2,0,0,0,0,,4->4,0.0,229,497,5107,3330,184,9412,10347,,1979174863.286,13.26200008392334,
bidirf_f1both_b_n8,bidirf_f1both_b,r1,1,responder,1,LOCAL_QP_ERR,,"[0/0/0,112/112/0,0/0/0,0/0/0]",0,0,0,0,,0,3->3,0.1,386,584,,3836,304,8990,,3787,848115751.910,13.661999940872192,
bidirf_f1both_b_n9,bidirf_f1both_b,r0,1,responder,1,LOCAL_QP_ERR,,"[132/132/0,0/0/0,0/0/0,0/0/0]",0,0,0,0,,0,4->4,0.0,240,478,,3224,179,8454,,4282,1979180214.613,13.145999908447266,
bidirf_f1both_b_n9,bidirf_f1both_b,r1,1,initiator,1,LOCAL_QP_ERR,5/0xf5,"[0/0/0,132/130/2,0/0/0,0/0/0]",2,0,0,0,0,,3->3,0.1,383,589,4212,3632,327,9264,10220,,848121102.535,12.868000030517578,
bidirf_f1both_notie_b_n1,bidirf_f1both_notie_b,r0,1,initiator,1,LOCAL_QP_ERR,5/0xf5,"[80/78/2,0/0/0,0/0/0,0/0/0]",2,0,0,0,0,,4->4,0.0,210,448,5110,3303,180,9316,9860,,1979335740.889,13.363999843597412,
bidirf_f1both_notie_b_n1,bidirf_f1both_notie_b,r1,1,responder,1,LOCAL_QP_ERR,,"[0/0/0,78/78/0,0/0/0,0/0/0]",0,0,0,0,,0,3->3,0.1,339,628,,3831,300,8946,,3756,848276629.482,13.765999794006348,
bidirf_f1both_notie_b_n2,bidirf_f1both_notie_b,r0,1,initiator,1,LOCAL_QP_ERR,5/0xf5,"[98/96/2,0/0/0,0/0/0,0/0/0]",2,0,0,0,0,,4->4,0.0,195,446,5254,3408,184,9551,10319,,1979341124.268,12.043999910354614,
bidirf_f1both_notie_b_n2,bidirf_f1both_notie_b,r1,1,responder,1,LOCAL_QP_ERR,,"[0/0/0,96/96/0,0/0/0,0/0/0]",0,0,0,0,,0,3->3,0.1,396,728,,3822,304,9210,,3870,848282012.888,12.460000038146973,
bidirf_f1both_notie_b_n3,bidirf_f1both_notie_b,r0,1,responder,1,LOCAL_QP_ERR,,"[116/116/0,0/0/0,0/0/0,0/0/0]",0,0,0,0,,0,4->4,0.0,211,515,,3378,167,8636,,4319,1979346426.309,13.42199993133545,
bidirf_f1both_notie_b_n3,bidirf_f1both_notie_b,r1,1,initiator,1,LOCAL_QP_ERR,5/0xf5,"[0/0/0,116/114/2,0/0/0,0/0/0]",2,0,0,0,0,,3->3,0.1,312,600,4408,3670,332,9443,9569,,848287314.268,13.167999744415283,
bidirf_f1both_notie_b_n4,bidirf_f1both_notie_b,r0,1,responder,1,LOCAL_QP_ERR,,"[134/134/0,0/0/0,0/0/0,0/0/0]",0,0,0,0,,0,4->4,0.0,222,462,,3311,165,8634,,4430,1979351776.308,14.205000162124634,
bidirf_f1both_notie_b_n4,bidirf_f1both_notie_b,r1,1,initiator,1,LOCAL_QP_ERR,5/0xf5,"[0/0/0,134/132/2,0/0/0,0/0/0]",2,0,0,0,0,,3->3,0.1,313,622,4251,3771,339,9419,10433,,848292664.286,13.95300006866455,
bidirf_f1both_notie_b_n5,bidirf_f1both_notie_b,r0,1,initiator,1,LOCAL_QP_ERR,5/0xf5,"[154/152/2,0/0/0,0/0/0,0/0/0]",2,0,0,0,0,,4->4,0.0,268,483,4903,3409,182,9308,10293,,1979357122.296,22.045000076293945,
bidirf_f1both_notie_b_n5,bidirf_f1both_notie_b,r1,1,responder,1,LOCAL_QP_ERR,,"[0/0/0,152/152/0,0/0/0,0/0/0]",0,0,0,0,,0,3->3,0.1,308,585,,3700,298,8844,,3857,848298010.939,22.450000286102295,
bidirf_f3_b_n1,bidirf_f3_b,r0,1,responder,1,LOCAL_QP_ERR,,"[80/78/2,0/0/0,0/0/0,0/0/0]",2,0,0,0,,0,4->4,0.0,1326,484,,3176,183,9449,,4237,1979309753.097,22.70699977874756,
bidirf_f3_b_n1,bidirf_f3_b,r1,1,initiator,1,LOCAL_QP_ERR,5/0xf5,"[0/0/0,80/78/2,0/0/0,0/0/0]",2,0,0,0,0,,3->3,0.1,343,558,5242,3519,337,10133,10813,,848250640.898,22.384999990463257,
bidirf_f3_b_n2,bidirf_f3_b,r0,1,responder,1,LOCAL_QP_ERR,,"[98/96/2,0/0/0,0/0/0,0/0/0]",2,0,0,0,,0,4->4,0.0,1308,419,,3278,183,9654,,4419,1979315084.289,16.342999935150146,
bidirf_f3_b_n2,bidirf_f3_b,r1,1,initiator,1,LOCAL_QP_ERR,5/0xf5,"[0/0/0,98/96/2,0/0/0,0/0/0]",2,0,0,0,0,,3->3,0.1,346,626,5267,3759,330,10461,11070,,848255972.153,16.073999881744385,
bidirf_f3_b_n3,bidirf_f3_b,r0,1,responder,1,LOCAL_QP_ERR,,"[116/116/0,0/0/0,0/0/0,0/0/0]",0,0,0,0,,0,4->4,0.0,1272,494,,3335,168,9831,,4511,1979320400.289,14.891999959945679,
bidirf_f3_b_n3,bidirf_f3_b,r1,1,initiator,1,LOCAL_QP_ERR,5/0xf5,"[0/0/0,116/114/2,0/0/0,0/0/0]",2,0,0,0,0,,3->3,0.1,330,578,5362,3798,343,10536,11047,,848261288.132,14.58899998664856,
bidirf_f3_b_n4,bidirf_f3_b,r0,1,responder,1,LOCAL_QP_ERR,,"[132/130/2,0/0/0,0/0/0,0/0/0]",2,0,0,0,,0,4->4,0.0,1308,485,,3311,181,9747,,4417,1979325759.567,23.29200005531311,
bidirf_f3_b_n4,bidirf_f3_b,r1,1,initiator,1,LOCAL_QP_ERR,5/0xf5,"[0/0/0,132/130/2,0/0/0,0/0/0]",2,0,0,0,0,,3->3,0.1,322,607,5355,3755,337,10505,10777,,848266647.462,23.0239999294281,
bidirf_f3_b_n5,bidirf_f3_b,r0,1,responder,1,LOCAL_QP_ERR,,"[154/152/2,0/0/0,0/0/0,0/0/0]",2,0,0,0,,0,4->4,0.0,1322,423,,3388,185,9822,,4459,1979331129.033,25.50600004196167,
bidirf_f3_b_n5,bidirf_f3_b,r1,1,initiator,1,LOCAL_QP_ERR,5/0xf5,"[0/0/0,154/152/2,0/0/0,0/0/0]",2,0,0,0,0,,3->3,0.1,307,566,5391,3805,328,10521,11009,,848272016.935,25.230000019073486,
bidirf_sym_b_n10,bidirf_sym_b,r0,1,initiator,1,LOCAL_QP_ERR,5/0xf5,"[3712/3710/2,0/0/0,0/0/0,0/0/0]",2,0,0,0,1,,4->4,0.1,539,483,4368,3466,193,9122,9613,,1979662806.555,10.272000074386597,
bidirf_sym_b_n10,bidirf_sym_b,r1,1,responder,1,LOCAL_QP_ERR,,"[0/0/0,3026/3024/2,0/0/0,0/0/0]",2,0,0,0,,1,3->3,0.1,729,692,,3810,358,9688,,3927,848603695.891,10.736999988555908,
bidirf_sym_b_n11,bidirf_sym_b,r0,1,initiator,1,LOCAL_QP_ERR,5/0xf5,"[5014/5012/2,0/0/0,0/0/0,0/0/0]",2,0,0,0,1,,4->4,0.0,240,480,4164,3486,185,8620,9425,,1979666511.455,11.072999954223633,
bidirf_sym_b_n11,bidirf_sym_b,r1,1,responder,1,LOCAL_QP_ERR,,"[0/0/0,4206/4206/0,0/0/0,0/0/0]",0,0,0,0,,1,3->3,0.1,479,588,,3834,314,10082,,3927,848607400.750,11.49399995803833,
bidirf_sym_b_n12,bidirf_sym_b,r0,1,initiator,1,LOCAL_QP_ERR,5/0xf5,"[6102/6100/2,0/0/0,0/0/0,0/0/0]",2,0,0,0,1,,4->4,0.1,922,465,4156,3415,192,9223,9352,,1979670223.012,9.945000171661377,
bidirf_sym_b_n12,bidirf_sym_b,r1,1,responder,1,LOCAL_QP_ERR,,"[0/0/0,5254/5254/0,0/0/0,0/0/0]",0,0,0,0,,1,3->3,0.1,802,602,,3760,309,9525,,3880,848611112.317,10.365000247955322,
bidirf_sym_b_n13,bidirf_sym_b,r0,1,initiator,1,LOCAL_QP_ERR,5/0xf5,"[7314/7312/2,0/0/0,0/0/0,0/0/0]",2,0,0,0,1,,4->4,0.1,384,475,4253,3459,191,8841,9465,,1979673952.285,11.105000019073486,
bidirf_sym_b_n13,bidirf_sym_b,r1,1,responder,1,LOCAL_QP_ERR,,"[0/0/0,6354/6354/0,0/0/0,0/0/0]",0,0,0,0,,1,3->3,0.1,684,621,,3899,309,10472,,3945,848614841.597,11.524999856948853,
bidirf_sym_b_n14,bidirf_sym_b,r0,1,initiator,1,LOCAL_QP_ERR,5/0xf5,"[6844/6842/2,0/0/0,0/0/0,0/0/0]",2,0,0,0,1,,4->4,0.1,237,477,4120,3482,208,8620,9572,,1979677596.106,10.73199987411499,
bidirf_sym_b_n14,bidirf_sym_b,r1,1,responder,1,LOCAL_QP_ERR,,"[0/0/0,5968/5966/2,0/0/0,0/0/0]",2,0,0,0,,1,3->3,0.1,753,594,,3751,348,10324,,4032,848618485.477,11.200999975204468,
bidirf_sym_b_n15,bidirf_sym_b,r0,1,responder,1,LOCAL_QP_ERR,,"[2166/2164/2,0/0/0,0/0/0,0/0/0]",2,0,0,0,,0,4->4,0.1,527,476,,3375,206,9173,,4537,1979681233.546,11.757999897003174,
bidirf_sym_b_n15,bidirf_sym_b,r1,1,initiator,1,LOCAL_QP_ERR,5/0xf5,"[0/0/0,1602/1602/0,0/0/0,0/0/0]",0,0,0,0,0,,3->3,0.1,422,599,4680,3865,309,10011,10671,,848622122.139,11.445000171661377,
bidirf_sym_b_n16,bidirf_sym_b,r0,1,initiator,1,LOCAL_QP_ERR,5/0xf5,"[3460/3458/2,0/0/0,0/0/0,0/0/0]",2,0,0,0,1,,4->4,0.1,1042,429,4415,3462,193,9623,9665,,1979684924.772,10.521000146865845,
bidirf_sym_b_n16,bidirf_sym_b,r1,1,responder,1,LOCAL_QP_ERR,,"[0/0/0,2822/2820/2,0/0/0,0/0/0]",2,0,0,0,,1,3->3,0.1,351,614,,3858,347,9306,,3955,848625814.142,10.9760000705719,
bidirf_sym_b_n17,bidirf_sym_b,r0,1,initiator,1,LOCAL_QP_ERR,5/0xf5,"[4244/4242/2,0/0/0,0/0/0,0/0/0]",2,0,0,0,1,,4->4,0.1,626,485,4113,3411,197,8916,9390,,1979688559.562,11.194999933242798,
bidirf_sym_b_n17,bidirf_sym_b,r1,1,responder,1,LOCAL_QP_ERR,,"[0/0/0,3544/3544/0,0/0/0,0/0/0]",0,0,0,0,,1,3->3,0.1,370,632,,3756,308,9781,,3920,848629448.907,11.620999813079834,
bidirf_sym_b_n18,bidirf_sym_b,r0,1,initiator,1,LOCAL_QP_ERR,5/0xf5,"[2572/2570/2,0/0/0,0/0/0,0/0/0]",2,0,0,0,1,,4->4,0.1,310,478,4080,3454,237,8639,9435,,1979692275.274,10.313999891281128,
bidirf_sym_b_n18,bidirf_sym_b,r1,1,responder,1,LOCAL_QP_ERR,,"[0/0/0,1986/1986/0,0/0/0,0/0/0]",0,0,0,0,,1,3->3,0.1,352,620,,3721,302,9251,,3984,848633164.612,10.72599983215332,
bidirf_sym_b_n19,bidirf_sym_b,r0,1,initiator,1,LOCAL_QP_ERR,5/0xf5,"[5628/5626/2,0/0/0,0/0/0,0/0/0]",2,0,0,0,1,,4->4,0.1,975,434,3999,3404,193,9082,9173,,1979695975.486,11.000999927520752,
bidirf_sym_b_n19,bidirf_sym_b,r1,1,responder,1,LOCAL_QP_ERR,,"[0/0/0,4830/4830/0,0/0/0,0/0/0]",0,0,0,0,,1,3->3,0.1,818,684,,3647,309,10562,,3887,848636864.834,11.416999816894531,
bidirf_sym_b_n1,bidirf_sym_b,r0,1,initiator,1,LOCAL_QP_ERR,5/0xf5,"[370/368/2,0/0/0,0/0/0,0/0/0]",2,0,0,0,1,,4->4,0.0,266,500,4289,3374,191,8690,9528,,1979629513.427,11.156000137329102,
bidirf_sym_b_n1,bidirf_sym_b,r1,1,responder,1,LOCAL_QP_ERR,,"[0/0/0,2/0/2,0/0/0,0/0/0]",2,0,0,0,,1,3->3,0.1,384,679,,3784,356,9219,,3830,848570402.702,11.616000175476074,
bidirf_sym_b_n20,bidirf_sym_b,r0,1,initiator,1,LOCAL_QP_ERR,5/0xf5,"[7754/7752/2,0/0/0,0/0/0,0/0/0]",2,0,0,0,1,,4->4,0.1,373,552,4110,3562,256,8970,9656,,1979699630.095,10.367999792098999,
bidirf_sym_b_n20,bidirf_sym_b,r1,1,responder,1,LOCAL_QP_ERR,,"[0/0/0,6774/6774/0,0/0/0,0/0/0]",0,0,0,0,,1,3->3,0.1,413,656,,3729,308,9637,,4176,848640519.459,10.792999744415283,
bidirf_sym_b_n2,bidirf_sym_b,r0,1,initiator,1,LOCAL_QP_ERR,5/0xf5,"[2988/2986/2,0/0/0,0/0/0,0/0/0]",2,0,0,0,1,,4->4,0.1,962,532,4887,3349,190,9999,10122,,1979633226.630,10.657999992370605,
bidirf_sym_b_n2,bidirf_sym_b,r1,1,responder,1,LOCAL_QP_ERR,,"[0/0/0,2388/2388/0,0/0/0,0/0/0]",0,0,0,0,,1,3->3,0.1,355,703,,3899,316,9273,,3825,848574115.872,11.080999851226807,
bidirf_sym_b_n3,bidirf_sym_b,r0,1,initiator,1,LOCAL_QP_ERR,5/0xf5,"[4072/4070/2,0/0/0,0/0/0,0/0/0]",2,0,0,0,1,,4->4,0.0,560,486,4159,3304,187,8761,9253,,1979636915.705,10.848999977111816,
bidirf_sym_b_n3,bidirf_sym_b,r1,1,responder,1,LOCAL_QP_ERR,,"[0/0/0,3396/3394/2,0/0/0,0/0/0]",2,0,0,0,,1,3->3,0.1,566,727,,3819,344,10166,,3748,848577804.978,11.299000263214111,
bidirf_sym_b_n4,bidirf_sym_b,r0,1,initiator,1,LOCAL_QP_ERR,5/0xf5,"[5094/5092/2,0/0/0,0/0/0,0/0/0]",2,0,0,0,1,,4->4,0.0,263,464,4345,3367,189,8693,9563,,1979640608.232,10.186000108718872,
bidirf_sym_b_n4,bidirf_sym_b,r1,1,responder,1,LOCAL_QP_ERR,,"[0/0/0,4302/4302/0,0/0/0,0/0/0]",0,0,0,0,,1,3->3,0.1,355,664,,3741,310,9067,,3819,848581497.482,10.604000091552734,
bidirf_sym_b_n5,bidirf_sym_b,r0,1,initiator,1,LOCAL_QP_ERR,5/0xf5,"[5608/5606/2,0/0/0,0/0/0,0/0/0]",2,0,0,0,1,,4->4,0.1,833,522,4195,3327,188,9138,9344,,1979644357.924,10.939000129699707,
bidirf_sym_b_n5,bidirf_sym_b,r1,1,responder,1,LOCAL_QP_ERR,,"[0/0/0,4788/4788/0,0/0/0,0/0/0]",0,0,0,0,,1,3->3,0.1,781,642,,3864,333,10459,,3789,848585247.207,11.38100004196167,
bidirf_sym_b_n6,bidirf_sym_b,r0,1,initiator,1,LOCAL_QP_ERR,5/0xf5,"[6172/6170/2,0/0/0,0/0/0,0/0/0]",2,0,0,0,1,,4->4,0.1,376,493,4591,3266,186,8991,9594,,1979648060.551,10.127000093460083,
bidirf_sym_b_n6,bidirf_sym_b,r1,1,responder,1,LOCAL_QP_ERR,,"[0/0/0,5316/5314/2,0/0/0,0/0/0]",2,0,0,0,,1,3->3,0.1,377,653,,3735,339,9019,,3735,848588949.850,10.583999872207642,
bidirf_sym_b_n7,bidirf_sym_b,r0,1,initiator,1,LOCAL_QP_ERR,5/0xf5,"[9106/9104/2,0/0/0,0/0/0,0/0/0]",2,0,0,0,1,,4->4,0.0,237,550,4144,3495,188,8680,9641,,1979651721.789,11.403000116348267,
bidirf_sym_b_n7,bidirf_sym_b,r1,1,responder,1,LOCAL_QP_ERR,,"[0/0/0,8076/8074/2,0/0/0,0/0/0]",2,0,0,0,,1,3->3,0.1,374,621,,3815,358,10017,,3943,848592611.102,11.861999988555908,
bidirf_sym_b_n8,bidirf_sym_b,r0,1,initiator,1,LOCAL_QP_ERR,5/0xf5,"[1974/1972/2,0/0/0,0/0/0,0/0/0]",2,0,0,0,1,,4->4,0.1,244,424,4554,3239,185,8722,9498,,1979655359.447,10.180999994277954,
bidirf_sym_b_n8,bidirf_sym_b,r1,1,responder,1,LOCAL_QP_ERR,,"[0/0/0,1410/1410/0,0/0/0,0/0/0]",0,0,0,0,,1,3->3,0.1,375,633,,3919,312,9114,,3697,848596248.726,10.6010000705719,
bidirf_sym_b_n9,bidirf_sym_b,r0,1,initiator,1,LOCAL_QP_ERR,5/0xf5,"[2670/2668/2,0/0/0,0/0/0,0/0/0]",2,0,0,0,1,,4->4,0.1,935,449,3959,3357,188,8961,9057,,1979659101.348,10.599999904632568,
bidirf_sym_b_n9,bidirf_sym_b,r1,1,responder,1,LOCAL_QP_ERR,,"[0/0/0,2080/2080/0,0/0/0,0/0/0]",0,0,0,0,,1,3->3,0.1,369,595,,3572,312,9340,,3869,848599990.630,11.0169997215271,
bidirf_sym_notie_b_n1,bidirf_sym_notie_b,r0,1,responder,1,LOCAL_QP_ERR,,"[2400/2398/2,0/0/0,0/0/0,0/0/0]",2,0,0,0,,0,4->4,0.0,402,441,,3294,289,8948,,4472,1979703320.318,11.514000177383423,
bidirf_sym_notie_b_n1,bidirf_sym_notie_b,r1,1,initiator,1,LOCAL_QP_ERR,5/0xf5,"[0/0/0,1824/1824/0,0/0/0,0/0/0]",0,0,0,0,0,,3->3,0.1,398,686,4464,3761,310,9750,10353,,848644208.821,11.07200002670288,
