# multi_client: condition=LARGE_MSG, scenario=RETRY_EXC_QP_ERR, trials=3
# LARGE_MSG,RETRY_EXC_QP_ERR,trial=0,status=12,vendor_err=0x81,latency_us=3634870,buf_size=262144
client,local_ack_timeout_err,12917,12923,6
client,out_of_sequence,0,0,0
client,packet_seq_err,1,1,0
client,implied_nak_seq_err,0,0,0
client,rnr_nak_retry_err,2260,2260,0
client,req_cqe_error,338547,338548,1
client,resp_cqe_error,0,0,0
client,req_cqe_flush_error,335228,335228,0
client,resp_cqe_flush_error,0,0,0
client,req_remote_invalid_request,66,66,0
client,req_remote_access_errors,113,113,0
client,resp_remote_access_errors,0,0,0
client,resp_local_length_error,0,0,0
client,duplicate_request,0,0,0
client,out_of_buffer,1517,1517,0
client,rx_icrc_encapsulated,0,0,0
client,req_transport_retries_exceeded,2898,2899,1
client,req_rnr_retries_exceeded,53,53,0
client,roce_adp_retrans,16858,16866,8
client,roce_adp_retrans_to,0,0,0
client,roce_slow_restart,0,0,0
client,port_rcv_errors,0,0,0
client,local_link_integrity_errors,0,0,0
client,link_error_recovery,0,0,0
client,link_downed,0,0,0
# LARGE_MSG,RETRY_EXC_QP_ERR,trial=1,status=12,vendor_err=0x81,latency_us=3722159,buf_size=262144
client,local_ack_timeout_err,12923,12929,6
client,out_of_sequence,0,0,0
client,packet_seq_err,1,1,0
client,implied_nak_seq_err,0,0,0
client,rnr_nak_retry_err,2260,2260,0
client,req_cqe_error,338548,338549,1
client,resp_cqe_error,0,0,0
client,req_cqe_flush_error,335228,335228,0
client,resp_cqe_flush_error,0,0,0
client,req_remote_invalid_request,66,66,0
client,req_remote_access_errors,113,113,0
client,resp_remote_access_errors,0,0,0
client,resp_local_length_error,0,0,0
client,duplicate_request,0,0,0
client,out_of_buffer,1517,1517,0
client,rx_icrc_encapsulated,0,0,0
client,req_transport_retries_exceeded,2899,2900,1
client,req_rnr_retries_exceeded,53,53,0
client,roce_adp_retrans,16866,16874,8
client,roce_adp_retrans_to,0,0,0
client,roce_slow_restart,0,0,0
client,port_rcv_errors,0,0,0
client,local_link_integrity_errors,0,0,0
client,link_error_recovery,0,0,0
client,link_downed,0,0,0
# LARGE_MSG,RETRY_EXC_QP_ERR,trial=2,status=12,vendor_err=0x81,latency_us=3723033,buf_size=262144
client,local_ack_timeout_err,12929,12935,6
client,out_of_sequence,0,0,0
client,packet_seq_err,1,1,0
client,implied_nak_seq_err,0,0,0
client,rnr_nak_retry_err,2260,2260,0
client,req_cqe_error,338549,338550,1
client,resp_cqe_error,0,0,0
client,req_cqe_flush_error,335228,335228,0
client,resp_cqe_flush_error,0,0,0
client,req_remote_invalid_request,66,66,0
client,req_remote_access_errors,113,113,0
client,resp_remote_access_errors,0,0,0
client,resp_local_length_error,0,0,0
client,duplicate_request,0,0,0
client,out_of_buffer,1517,1517,0
client,rx_icrc_encapsulated,0,0,0
client,req_transport_retries_exceeded,2900,2901,1
client,req_rnr_retries_exceeded,53,53,0
client,roce_adp_retrans,16874,16882,8
client,roce_adp_retrans_to,0,0,0
client,roce_slow_restart,0,0,0
client,port_rcv_errors,0,0,0
client,local_link_integrity_errors,0,0,0
client,link_error_recovery,0,0,0
client,link_downed,0,0,0
# SUMMARY: ok=3, fail=0, total=3
