# multi_client: condition=LARGE_MSG, scenario=LOC_PROT_LEN, trials=3
# LARGE_MSG,LOC_PROT_LEN,trial=0,status=4,vendor_err=0x53,latency_us=1490,buf_size=262144
client,local_ack_timeout_err,12953,12953,0
client,out_of_sequence,0,0,0
client,packet_seq_err,1,1,0
client,implied_nak_seq_err,0,0,0
client,rnr_nak_retry_err,2260,2260,0
client,req_cqe_error,338562,338563,1
client,resp_cqe_error,0,0,0
client,req_cqe_flush_error,335228,335228,0
client,resp_cqe_flush_error,0,0,0
client,req_remote_invalid_request,66,66,0
client,req_remote_access_errors,113,113,0
client,resp_remote_access_errors,0,0,0
client,resp_local_length_error,0,0,0
client,duplicate_request,0,0,0
client,out_of_buffer,1517,1517,0
client,rx_icrc_encapsulated,0,0,0
client,req_transport_retries_exceeded,2904,2904,0
client,req_rnr_retries_exceeded,53,53,0
client,roce_adp_retrans,16906,16906,0
client,roce_adp_retrans_to,0,0,0
client,roce_slow_restart,0,0,0
client,port_rcv_errors,0,0,0
client,local_link_integrity_errors,0,0,0
client,link_error_recovery,0,0,0
client,link_downed,0,0,0
# LARGE_MSG,LOC_PROT_LEN,trial=1,status=4,vendor_err=0x53,latency_us=1494,buf_size=262144
client,local_ack_timeout_err,12953,12953,0
client,out_of_sequence,0,0,0
client,packet_seq_err,1,1,0
client,implied_nak_seq_err,0,0,0
client,rnr_nak_retry_err,2260,2260,0
client,req_cqe_error,338563,338564,1
client,resp_cqe_error,0,0,0
client,req_cqe_flush_error,335228,335228,0
client,resp_cqe_flush_error,0,0,0
client,req_remote_invalid_request,66,66,0
client,req_remote_access_errors,113,113,0
client,resp_remote_access_errors,0,0,0
client,resp_local_length_error,0,0,0
client,duplicate_request,0,0,0
client,out_of_buffer,1517,1517,0
client,rx_icrc_encapsulated,0,0,0
client,req_transport_retries_exceeded,2904,2904,0
client,req_rnr_retries_exceeded,53,53,0
client,roce_adp_retrans,16906,16906,0
client,roce_adp_retrans_to,0,0,0
client,roce_slow_restart,0,0,0
client,port_rcv_errors,0,0,0
client,local_link_integrity_errors,0,0,0
client,link_error_recovery,0,0,0
client,link_downed,0,0,0
# LARGE_MSG,LOC_PROT_LEN,trial=2,status=4,vendor_err=0x53,latency_us=1490,buf_size=262144
client,local_ack_timeout_err,12953,12953,0
client,out_of_sequence,0,0,0
client,packet_seq_err,1,1,0
client,implied_nak_seq_err,0,0,0
client,rnr_nak_retry_err,2260,2260,0
client,req_cqe_error,338564,338565,1
client,resp_cqe_error,0,0,0
client,req_cqe_flush_error,335228,335228,0
client,resp_cqe_flush_error,0,0,0
client,req_remote_invalid_request,66,66,0
client,req_remote_access_errors,113,113,0
client,resp_remote_access_errors,0,0,0
client,resp_local_length_error,0,0,0
client,duplicate_request,0,0,0
client,out_of_buffer,1517,1517,0
client,rx_icrc_encapsulated,0,0,0
client,req_transport_retries_exceeded,2904,2904,0
client,req_rnr_retries_exceeded,53,53,0
client,roce_adp_retrans,16906,16906,0
client,roce_adp_retrans_to,0,0,0
client,roce_slow_restart,0,0,0
client,port_rcv_errors,0,0,0
client,local_link_integrity_errors,0,0,0
client,link_error_recovery,0,0,0
client,link_downed,0,0,0
# SUMMARY: ok=3, fail=0, total=3
