# multi_client: condition=MULTI_WR, scenario=REM_ACCESS_RKEY, trials=3
# MULTI_WR,REM_ACCESS_RKEY,trial=0,status=10,vendor_err=0x88,latency_us=3184,total_cqe=1,success=0,flush=0,error=1
MULTI_WR,REM_ACCESS_RKEY,0,0,cqe,0,wr_id=200,status=10,vendor_err=0x88
client,local_ack_timeout_err,12917,12917,0
client,out_of_sequence,0,0,0
client,packet_seq_err,1,1,0
client,implied_nak_seq_err,0,0,0
client,rnr_nak_retry_err,2260,2260,0
client,req_cqe_error,338544,338545,1
client,resp_cqe_error,0,0,0
client,req_cqe_flush_error,335228,335228,0
client,resp_cqe_flush_error,0,0,0
client,req_remote_invalid_request,66,66,0
client,req_remote_access_errors,110,111,1
client,resp_remote_access_errors,0,0,0
client,resp_local_length_error,0,0,0
client,duplicate_request,0,0,0
client,out_of_buffer,1517,1517,0
client,rx_icrc_encapsulated,0,0,0
client,req_transport_retries_exceeded,2898,2898,0
client,req_rnr_retries_exceeded,53,53,0
client,roce_adp_retrans,16858,16858,0
client,roce_adp_retrans_to,0,0,0
client,roce_slow_restart,0,0,0
client,port_rcv_errors,0,0,0
client,local_link_integrity_errors,0,0,0
client,link_error_recovery,0,0,0
client,link_downed,0,0,0
# MULTI_WR,REM_ACCESS_RKEY,trial=1,status=10,vendor_err=0x88,latency_us=3145,total_cqe=1,success=0,flush=0,error=1
MULTI_WR,REM_ACCESS_RKEY,1,0,cqe,0,wr_id=200,status=10,vendor_err=0x88
client,local_ack_timeout_err,12917,12917,0
client,out_of_sequence,0,0,0
client,packet_seq_err,1,1,0
client,implied_nak_seq_err,0,0,0
client,rnr_nak_retry_err,2260,2260,0
client,req_cqe_error,338545,338546,1
client,resp_cqe_error,0,0,0
client,req_cqe_flush_error,335228,335228,0
client,resp_cqe_flush_error,0,0,0
client,req_remote_invalid_request,66,66,0
client,req_remote_access_errors,111,112,1
client,resp_remote_access_errors,0,0,0
client,resp_local_length_error,0,0,0
client,duplicate_request,0,0,0
client,out_of_buffer,1517,1517,0
client,rx_icrc_encapsulated,0,0,0
client,req_transport_retries_exceeded,2898,2898,0
client,req_rnr_retries_exceeded,53,53,0
client,roce_adp_retrans,16858,16858,0
client,roce_adp_retrans_to,0,0,0
client,roce_slow_restart,0,0,0
client,port_rcv_errors,0,0,0
client,local_link_integrity_errors,0,0,0
client,link_error_recovery,0,0,0
client,link_downed,0,0,0
# MULTI_WR,REM_ACCESS_RKEY,trial=2,status=10,vendor_err=0x88,latency_us=3107,total_cqe=1,success=0,flush=0,error=1
MULTI_WR,REM_ACCESS_RKEY,2,0,cqe,0,wr_id=200,status=10,vendor_err=0x88
client,local_ack_timeout_err,12917,12917,0
client,out_of_sequence,0,0,0
client,packet_seq_err,1,1,0
client,implied_nak_seq_err,0,0,0
client,rnr_nak_retry_err,2260,2260,0
client,req_cqe_error,338546,338547,1
client,resp_cqe_error,0,0,0
client,req_cqe_flush_error,335228,335228,0
client,resp_cqe_flush_error,0,0,0
client,req_remote_invalid_request,66,66,0
client,req_remote_access_errors,112,113,1
client,resp_remote_access_errors,0,0,0
client,resp_local_length_error,0,0,0
client,duplicate_request,0,0,0
client,out_of_buffer,1517,1517,0
client,rx_icrc_encapsulated,0,0,0
client,req_transport_retries_exceeded,2898,2898,0
client,req_rnr_retries_exceeded,53,53,0
client,roce_adp_retrans,16858,16858,0
client,roce_adp_retrans_to,0,0,0
client,roce_slow_restart,0,0,0
client,port_rcv_errors,0,0,0
client,local_link_integrity_errors,0,0,0
client,link_error_recovery,0,0,0
client,link_downed,0,0,0
# SUMMARY: ok=3, fail=0, total=3
