# multi_client: condition=MULTI_QP, scenario=LOC_PROT_LEN, trials=3
MULTI_QP,LOC_PROT_LEN,0,1,qp_state,3
MULTI_QP,LOC_PROT_LEN,0,2,qp_state,3
MULTI_QP,LOC_PROT_LEN,0,3,qp_state,3
MULTI_QP,LOC_PROT_LEN,0,0,qp_state,6
# MULTI_QP,LOC_PROT_LEN,trial=0,qp0_status=4,qp0_vendor_err=0x53,latency_us=1504,sibling_errors=0,siblings_working=3
client,local_ack_timeout_err,12935,12935,0
client,out_of_sequence,0,0,0
client,packet_seq_err,1,1,0
client,implied_nak_seq_err,0,0,0
client,rnr_nak_retry_err,2260,2260,0
client,req_cqe_error,338550,338551,1
client,resp_cqe_error,0,0,0
client,req_cqe_flush_error,335228,335228,0
client,resp_cqe_flush_error,0,0,0
client,req_remote_invalid_request,66,66,0
client,req_remote_access_errors,113,113,0
client,resp_remote_access_errors,0,0,0
client,resp_local_length_error,0,0,0
client,duplicate_request,0,0,0
client,out_of_buffer,1517,1517,0
client,rx_icrc_encapsulated,0,0,0
client,req_transport_retries_exceeded,2901,2901,0
client,req_rnr_retries_exceeded,53,53,0
client,roce_adp_retrans,16882,16882,0
client,roce_adp_retrans_to,0,0,0
client,roce_slow_restart,0,0,0
client,port_rcv_errors,0,0,0
client,local_link_integrity_errors,0,0,0
client,link_error_recovery,0,0,0
client,link_downed,0,0,0
MULTI_QP,LOC_PROT_LEN,1,1,qp_state,3
MULTI_QP,LOC_PROT_LEN,1,2,qp_state,3
MULTI_QP,LOC_PROT_LEN,1,3,qp_state,3
MULTI_QP,LOC_PROT_LEN,1,0,qp_state,6
# MULTI_QP,LOC_PROT_LEN,trial=1,qp0_status=4,qp0_vendor_err=0x53,latency_us=1493,sibling_errors=0,siblings_working=3
client,local_ack_timeout_err,12935,12935,0
client,out_of_sequence,0,0,0
client,packet_seq_err,1,1,0
client,implied_nak_seq_err,0,0,0
client,rnr_nak_retry_err,2260,2260,0
client,req_cqe_error,338551,338552,1
client,resp_cqe_error,0,0,0
client,req_cqe_flush_error,335228,335228,0
client,resp_cqe_flush_error,0,0,0
client,req_remote_invalid_request,66,66,0
client,req_remote_access_errors,113,113,0
client,resp_remote_access_errors,0,0,0
client,resp_local_length_error,0,0,0
client,duplicate_request,0,0,0
client,out_of_buffer,1517,1517,0
client,rx_icrc_encapsulated,0,0,0
client,req_transport_retries_exceeded,2901,2901,0
client,req_rnr_retries_exceeded,53,53,0
client,roce_adp_retrans,16882,16882,0
client,roce_adp_retrans_to,0,0,0
client,roce_slow_restart,0,0,0
client,port_rcv_errors,0,0,0
client,local_link_integrity_errors,0,0,0
client,link_error_recovery,0,0,0
client,link_downed,0,0,0
MULTI_QP,LOC_PROT_LEN,2,1,qp_state,3
MULTI_QP,LOC_PROT_LEN,2,2,qp_state,3
MULTI_QP,LOC_PROT_LEN,2,3,qp_state,3
MULTI_QP,LOC_PROT_LEN,2,0,qp_state,6
# MULTI_QP,LOC_PROT_LEN,trial=2,qp0_status=4,qp0_vendor_err=0x53,latency_us=1486,sibling_errors=0,siblings_working=3
client,local_ack_timeout_err,12935,12935,0
client,out_of_sequence,0,0,0
client,packet_seq_err,1,1,0
client,implied_nak_seq_err,0,0,0
client,rnr_nak_retry_err,2260,2260,0
client,req_cqe_error,338552,338553,1
client,resp_cqe_error,0,0,0
client,req_cqe_flush_error,335228,335228,0
client,resp_cqe_flush_error,0,0,0
client,req_remote_invalid_request,66,66,0
client,req_remote_access_errors,113,113,0
client,resp_remote_access_errors,0,0,0
client,resp_local_length_error,0,0,0
client,duplicate_request,0,0,0
client,out_of_buffer,1517,1517,0
client,rx_icrc_encapsulated,0,0,0
client,req_transport_retries_exceeded,2901,2901,0
client,req_rnr_retries_exceeded,53,53,0
client,roce_adp_retrans,16882,16882,0
client,roce_adp_retrans_to,0,0,0
client,roce_slow_restart,0,0,0
client,port_rcv_errors,0,0,0
client,local_link_integrity_errors,0,0,0
client,link_error_recovery,0,0,0
client,link_downed,0,0,0
# SUMMARY: ok=3, fail=0, total=3
