fault,wqe_bytes,n_wqe,signaling,bad_pos,bad_idx,trials,drain_quiet,verify_ok,qp_state_after,n_cqes,first_cqe,root_cqe,last_cqe,n_success,succ_before_root,n_flush,n_err_nonflush,unsig_wqes,unsig_flush_cqes,unsig_err_cqes,unsig_success_cqes,unsig_after_root,unsig_after_root_flushed,unsig_flush_yes,root_unsignaled_cqe,in_order,flush_complete,last_is_root,last_fp_is_root_fp,t_root_us_med,gap_next_us_med,gap_next_us_max,span_us_med,span_us_max,foreign,late
local_qp_err,4096,1,all,none,-1,5,0,5,ERR (5/5),1,SUCCESS/0x0@0 (5/5),none (5/5),SUCCESS/0x0@0 (5/5),1,1,0,0,0,0,0,0,0,0,n/a,n/a,5/5,-,-,-,-,-,-,-,-,0,0
local_qp_err,4096,1,last,none,-1,5,0,5,ERR (5/5),1,SUCCESS/0x0@0 (5/5),none (5/5),SUCCESS/0x0@0 (5/5),1,1,0,0,0,0,0,0,0,0,n/a,n/a,5/5,-,-,-,-,-,-,-,-,0,0
local_qp_err,4096,4,all,none,-1,5,0,5,ERR (5/5),4,SUCCESS/0x0@0 (5/5),none (5/5),SUCCESS/0x0@3 (5/5),4,4,0,0,0,0,0,0,0,0,n/a,n/a,5/5,-,-,-,-,-,-,-,-,0,0
local_qp_err,4096,4,last,none,-1,5,0,5,ERR (5/5),1,SUCCESS/0x0@3 (5/5),none (5/5),SUCCESS/0x0@3 (5/5),1,1,0,0,3,0,0,0,0,0,n/a,n/a,5/5,-,-,-,-,-,-,-,-,0,0
local_qp_err,4096,16,all,none,-1,5,0,5,ERR (5/5),16,SUCCESS/0x0@0 (5/5),none (5/5),SUCCESS/0x0@15 (5/5),16,16,0,0,0,0,0,0,0,0,n/a,n/a,5/5,-,-,-,-,-,-,-,-,0,0
local_qp_err,4096,16,last,none,-1,5,0,5,ERR (5/5),1,SUCCESS/0x0@15 (5/5),none (5/5),SUCCESS/0x0@15 (5/5),1,1,0,0,15,0,0,0,0,0,n/a,n/a,5/5,-,-,-,-,-,-,-,-,0,0
local_qp_err,4096,64,all,none,-1,5,0,5,ERR (5/5),64,SUCCESS/0x0@0 (5/5),none (5/5),SUCCESS/0x0@63 (5/5),64,64,0,0,0,0,0,0,0,0,n/a,n/a,5/5,-,-,-,-,-,-,-,-,0,0
local_qp_err,4096,64,last,none,-1,5,0,5,ERR (5/5),1,SUCCESS/0x0@63 (5/5),none (5/5),SUCCESS/0x0@63 (5/5),1,1,0,0,63,0,0,0,0,0,n/a,n/a,5/5,-,-,-,-,-,-,-,-,0,0
local_qp_err,65536,1,all,none,-1,5,0,5,ERR (5/5),1,SUCCESS/0x0@0 (5/5),none (5/5),SUCCESS/0x0@0 (5/5),1,1,0,0,0,0,0,0,0,0,n/a,n/a,5/5,-,-,-,-,-,-,-,-,0,0
local_qp_err,65536,1,last,none,-1,5,0,5,ERR (5/5),1,SUCCESS/0x0@0 (5/5),none (5/5),SUCCESS/0x0@0 (5/5),1,1,0,0,0,0,0,0,0,0,n/a,n/a,5/5,-,-,-,-,-,-,-,-,0,0
local_qp_err,65536,4,all,none,-1,5,0,5,ERR (5/5),4,SUCCESS/0x0@0 (5/5),none (5/5),SUCCESS/0x0@3 (5/5),4,4,0,0,0,0,0,0,0,0,n/a,n/a,5/5,-,-,-,-,-,-,-,-,0,0
local_qp_err,65536,4,last,none,-1,5,0,5,ERR (5/5),1,SUCCESS/0x0@3 (5/5),none (5/5),SUCCESS/0x0@3 (5/5),1,1,0,0,3,0,0,0,0,0,n/a,n/a,5/5,-,-,-,-,-,-,-,-,0,0
local_qp_err,65536,16,all,none,-1,5,5,5,ERR (5/5),16,SUCCESS/0x0@0 (5/5),WR_FLUSH/0xf5@14 (5/5),WR_FLUSH/0xf9@15 (5/5),14,14,2,0,0,0,0,0,0,0,n/a,n/a,5/5,5/5,0/5,0/5,224.5,63.79,223.10,63.79,223.10,0,0
local_qp_err,65536,16,last,none,-1,5,5,5,ERR (5/5),2-3,WR_FLUSH/0xf5@14 (4/5); WR_FLUSH/0xf5@13 (1/5),WR_FLUSH/0xf5@14 (4/5); WR_FLUSH/0xf5@13 (1/5),WR_FLUSH/0xf9@15 (5/5),0,0,2-3,0,15,1-2,0,0,1-2,1-2,yes,5/5,5/5,5/5,0/5,0/5,223.8,61.27,61.93,61.87,69.37,0,0
local_qp_err,65536,64,all,none,-1,5,5,5,ERR (5/5),64,SUCCESS/0x0@0 (5/5),WR_FLUSH/0xf5@13 (3/5); WR_FLUSH/0xf5@14 (2/5),WR_FLUSH/0xf9@63 (5/5),13-14,13-14,50-51,0,0,0,0,0,0,0,n/a,n/a,5/5,5/5,0/5,0/5,223.9,60.77,62.04,518.08,519.13,0,0
local_qp_err,65536,64,last,none,-1,5,5,5,ERR (5/5),50-51,WR_FLUSH/0xf5@13 (3/5); WR_FLUSH/0xf5@14 (2/5),WR_FLUSH/0xf5@13 (3/5); WR_FLUSH/0xf5@14 (2/5),WR_FLUSH/0xf9@63 (5/5),0,0,50-51,0,63,49-50,0,0,49-50,49-50,yes,5/5,5/5,5/5,0/5,0/5,224.2,60.59,61.46,516.76,518.65,0,0
local_qp_err,4194304,1,all,none,-1,5,5,5,ERR (5/5),1,WR_FLUSH/0xf5@0 (5/5),WR_FLUSH/0xf5@0 (5/5),WR_FLUSH/0xf5@0 (5/5),0,0,1,0,0,0,0,0,0,0,n/a,n/a,5/5,5/5,5/5,5/5,225.0,-,-,0.00,0.00,0,0
local_qp_err,4194304,1,last,none,-1,5,5,5,ERR (5/5),1,WR_FLUSH/0xf5@0 (5/5),WR_FLUSH/0xf5@0 (5/5),WR_FLUSH/0xf5@0 (5/5),0,0,1,0,0,0,0,0,0,0,n/a,n/a,5/5,5/5,5/5,5/5,223.0,-,-,0.00,0.00,0,0
local_qp_err,4194304,4,all,none,-1,5,5,5,ERR (5/5),4,WR_FLUSH/0xf5@0 (5/5),WR_FLUSH/0xf5@0 (5/5),WR_FLUSH/0xf9@3 (5/5),0,0,4,0,0,0,0,0,0,0,n/a,n/a,5/5,5/5,0/5,0/5,223.1,59.30,59.46,78.07,78.16,0,0
local_qp_err,4194304,4,last,none,-1,5,5,5,ERR (5/5),4,WR_FLUSH/0xf5@0 (5/5),WR_FLUSH/0xf5@0 (5/5),WR_FLUSH/0xf9@3 (5/5),0,0,4,0,3,3,0,0,3,3,yes,5/5,5/5,5/5,0/5,0/5,225.4,60.61,60.98,79.49,80.05,0,0
local_qp_err,4194304,16,all,none,-1,5,5,5,ERR (5/5),16,WR_FLUSH/0xf5@0 (5/5),WR_FLUSH/0xf5@0 (5/5),WR_FLUSH/0xf9@15 (5/5),0,0,16,0,0,0,0,0,0,0,n/a,n/a,5/5,5/5,0/5,0/5,222.4,60.89,60.97,191.46,191.73,0,0
local_qp_err,4194304,16,last,none,-1,5,5,5,ERR (5/5),16,WR_FLUSH/0xf5@0 (5/5),WR_FLUSH/0xf5@0 (5/5),WR_FLUSH/0xf9@15 (5/5),0,0,16,0,15,15,0,0,15,15,yes,5/5,5/5,5/5,0/5,0/5,223.0,59.35,59.63,190.03,190.78,0,0
local_qp_err,4194304,64,all,none,-1,5,5,5,ERR (5/5),64,WR_FLUSH/0xf5@0 (5/5),WR_FLUSH/0xf5@0 (5/5),WR_FLUSH/0xf9@63 (5/5),0,0,64,0,0,0,0,0,0,0,n/a,n/a,5/5,5/5,0/5,0/5,226.3,59.90,62.12,644.63,651.01,0,0
local_qp_err,4194304,64,last,none,-1,5,5,5,ERR (5/5),64,WR_FLUSH/0xf5@0 (5/5),WR_FLUSH/0xf5@0 (5/5),WR_FLUSH/0xf9@63 (5/5),0,0,64,0,63,63,0,0,63,63,yes,5/5,5/5,5/5,0/5,0/5,222.5,59.41,60.91,638.52,642.03,0,0
rem_access,4096,1,all,first,0,5,5,5,ERR (5/5),1,REM_ACCESS/0x88@0 (5/5),REM_ACCESS/0x88@0 (5/5),REM_ACCESS/0x88@0 (5/5),0,0,0,1,0,0,0,0,0,0,n/a,n/a,5/5,5/5,5/5,5/5,2943.5,-,-,0.00,0.00,0,0
rem_access,4096,1,last,first,0,5,5,5,ERR (5/5),1,REM_ACCESS/0x88@0 (5/5),REM_ACCESS/0x88@0 (5/5),REM_ACCESS/0x88@0 (5/5),0,0,0,1,0,0,0,0,0,0,n/a,n/a,5/5,5/5,5/5,5/5,2948.1,-,-,0.00,0.00,0,0
rem_access,4096,4,all,first,0,5,5,5,ERR (5/5),4,REM_ACCESS/0x88@0 (5/5),REM_ACCESS/0x88@0 (5/5),WR_FLUSH/0xf9@3 (5/5),0,0,3,1,0,0,0,0,0,0,n/a,n/a,5/5,5/5,0/5,0/5,2975.6,59.70,60.36,78.56,79.52,0,0
rem_access,4096,4,all,middle,2,5,5,5,ERR (5/5),4,SUCCESS/0x0@0 (5/5),REM_ACCESS/0x88@2 (5/5),WR_FLUSH/0xf9@3 (5/5),2,2,1,1,0,0,0,0,0,0,n/a,n/a,5/5,5/5,0/5,0/5,2956.0,59.34,60.18,59.34,60.18,0,0
rem_access,4096,4,all,last,3,5,5,5,ERR (5/5),4,SUCCESS/0x0@0 (5/5),REM_ACCESS/0x88@3 (5/5),REM_ACCESS/0x88@3 (5/5),3,3,0,1,0,0,0,0,0,0,n/a,n/a,5/5,5/5,5/5,5/5,2974.2,-,-,0.00,0.00,0,0
rem_access,4096,4,last,first,0,5,5,5,ERR (5/5),4,REM_ACCESS/0x88@0 (5/5),REM_ACCESS/0x88@0 (5/5),WR_FLUSH/0xf9@3 (5/5),0,0,3,1,3,2,1,0,2,2,yes,5/5,5/5,5/5,0/5,0/5,2972.6,59.51,59.85,78.79,78.92,0,0
rem_access,4096,4,last,middle,2,5,5,5,ERR (5/5),2,REM_ACCESS/0x88@2 (5/5),REM_ACCESS/0x88@2 (5/5),WR_FLUSH/0xf9@3 (5/5),0,0,1,1,3,0,1,0,0,0,n/a,5/5,5/5,5/5,0/5,0/5,2958.6,59.21,59.66,59.21,59.66,0,0
rem_access,4096,4,last,last,3,5,5,5,ERR (5/5),1,REM_ACCESS/0x88@3 (5/5),REM_ACCESS/0x88@3 (5/5),REM_ACCESS/0x88@3 (5/5),0,0,0,1,3,0,0,0,0,0,n/a,n/a,5/5,5/5,5/5,5/5,2953.0,-,-,0.00,0.00,0,0
rem_access,4096,16,all,first,0,5,5,5,ERR (5/5),16,REM_ACCESS/0x88@0 (5/5),REM_ACCESS/0x88@0 (5/5),WR_FLUSH/0xf9@15 (5/5),0,0,15,1,0,0,0,0,0,0,n/a,n/a,5/5,5/5,0/5,0/5,3036.6,59.14,59.44,190.52,190.81,0,0
rem_access,4096,16,all,middle,8,5,5,5,ERR (5/5),16,SUCCESS/0x0@0 (5/5),REM_ACCESS/0x88@8 (5/5),WR_FLUSH/0xf9@15 (5/5),8,8,7,1,0,0,0,0,0,0,n/a,n/a,5/5,5/5,0/5,0/5,3004.3,59.97,60.54,116.38,117.73,0,0
rem_access,4096,16,all,last,15,5,5,5,ERR (5/5),16,SUCCESS/0x0@0 (5/5),REM_ACCESS/0x88@15 (5/5),REM_ACCESS/0x88@15 (5/5),15,15,0,1,0,0,0,0,0,0,n/a,n/a,5/5,5/5,5/5,5/5,2961.1,-,-,0.00,0.00,0,0
rem_access,4096,16,last,first,0,5,5,5,ERR (5/5),16,REM_ACCESS/0x88@0 (5/5),REM_ACCESS/0x88@0 (5/5),WR_FLUSH/0xf9@15 (5/5),0,0,15,1,15,14,1,0,14,14,yes,5/5,5/5,5/5,0/5,0/5,3036.2,59.27,59.40,190.20,190.41,0,0
rem_access,4096,16,last,middle,8,5,5,5,ERR (5/5),8,REM_ACCESS/0x88@8 (5/5),REM_ACCESS/0x88@8 (5/5),WR_FLUSH/0xf9@15 (5/5),0,0,7,1,15,6,1,0,6,6,yes,5/5,5/5,5/5,0/5,0/5,3003.8,59.32,61.29,115.92,121.84,0,0
rem_access,4096,16,last,last,15,5,5,5,ERR (5/5),1,REM_ACCESS/0x88@15 (5/5),REM_ACCESS/0x88@15 (5/5),REM_ACCESS/0x88@15 (5/5),0,0,0,1,15,0,0,0,0,0,n/a,n/a,5/5,5/5,5/5,5/5,2963.8,-,-,0.00,0.00,0,0
rem_access,4096,64,all,first,0,5,5,5,ERR (5/5),64,REM_ACCESS/0x88@0 (5/5),REM_ACCESS/0x88@0 (5/5),WR_FLUSH/0xf9@63 (5/5),0,0,63,1,0,0,0,0,0,0,n/a,n/a,5/5,5/5,0/5,0/5,1777.3,59.29,60.30,638.97,645.14,0,0
rem_access,4096,64,all,middle,32,5,5,5,ERR (5/5),64,SUCCESS/0x0@0 (5/5),REM_ACCESS/0x88@32 (5/5),WR_FLUSH/0xf9@63 (5/5),32,32,31,1,0,0,0,0,0,0,n/a,n/a,5/5,5/5,0/5,0/5,1778.4,58.97,59.34,339.34,339.58,0,0
rem_access,4096,64,all,last,63,5,5,5,ERR (5/5),64,SUCCESS/0x0@0 (5/5),REM_ACCESS/0x88@63 (5/5),REM_ACCESS/0x88@63 (5/5),63,63,0,1,0,0,0,0,0,0,n/a,n/a,5/5,5/5,5/5,5/5,2977.4,-,-,0.00,0.00,0,0
rem_access,4096,64,last,first,0,5,5,5,ERR (5/5),64,REM_ACCESS/0x88@0 (5/5),REM_ACCESS/0x88@0 (5/5),WR_FLUSH/0xf9@63 (5/5),0,0,63,1,63,62,1,0,62,62,yes,5/5,5/5,5/5,0/5,0/5,1773.1,59.28,59.56,639.03,642.34,0,0
rem_access,4096,64,last,middle,32,5,5,5,ERR (5/5),32,REM_ACCESS/0x88@32 (5/5),REM_ACCESS/0x88@32 (5/5),WR_FLUSH/0xf9@63 (5/5),0,0,31,1,63,30,1,0,30,30,yes,5/5,5/5,5/5,0/5,0/5,1782.1,59.81,60.18,340.02,343.74,0,0
rem_access,4096,64,last,last,63,5,5,5,ERR (5/5),1,REM_ACCESS/0x88@63 (5/5),REM_ACCESS/0x88@63 (5/5),REM_ACCESS/0x88@63 (5/5),0,0,0,1,63,0,0,0,0,0,n/a,n/a,5/5,5/5,5/5,5/5,2986.3,-,-,0.00,0.00,0,0
rem_inv_req,4096,1,all,first,0,5,5,5,ERR (5/5),1,REM_INV_REQ/0x8a@0 (5/5),REM_INV_REQ/0x8a@0 (5/5),REM_INV_REQ/0x8a@0 (5/5),0,0,0,1,0,0,0,0,0,0,n/a,n/a,5/5,5/5,5/5,5/5,1631.6,-,-,0.00,0.00,0,0
rem_inv_req,4096,1,last,first,0,5,5,5,ERR (5/5),1,REM_INV_REQ/0x8a@0 (5/5),REM_INV_REQ/0x8a@0 (5/5),REM_INV_REQ/0x8a@0 (5/5),0,0,0,1,0,0,0,0,0,0,n/a,n/a,5/5,5/5,5/5,5/5,1616.2,-,-,0.00,0.00,0,0
rem_inv_req,4096,4,all,first,0,5,5,5,ERR (5/5),4,REM_INV_REQ/0x8a@0 (5/5),REM_INV_REQ/0x8a@0 (5/5),WR_FLUSH/0xf9@3 (5/5),0,0,3,1,0,0,0,0,0,0,n/a,n/a,5/5,5/5,0/5,0/5,1613.5,59.39,59.74,78.43,78.73,0,0
rem_inv_req,4096,4,all,middle,2,5,5,5,ERR (5/5),4,SUCCESS/0x0@0 (5/5),REM_INV_REQ/0x8a@2 (5/5),WR_FLUSH/0xf9@3 (5/5),2,2,1,1,0,0,0,0,0,0,n/a,n/a,5/5,5/5,0/5,0/5,1618.4,59.78,60.51,59.78,60.51,0,0
rem_inv_req,4096,4,all,last,3,5,5,5,ERR (5/5),4,SUCCESS/0x0@0 (5/5),REM_INV_REQ/0x8a@3 (5/5),REM_INV_REQ/0x8a@3 (5/5),3,3,0,1,0,0,0,0,0,0,n/a,n/a,5/5,5/5,5/5,5/5,1622.4,-,-,0.00,0.00,0,0
rem_inv_req,4096,4,last,first,0,5,5,5,ERR (5/5),4,REM_INV_REQ/0x8a@0 (5/5),REM_INV_REQ/0x8a@0 (5/5),WR_FLUSH/0xf9@3 (5/5),0,0,3,1,3,2,1,0,2,2,yes,5/5,5/5,5/5,0/5,0/5,1614.3,59.33,59.54,78.25,78.69,0,0
rem_inv_req,4096,4,last,middle,2,5,5,5,ERR (5/5),2,REM_INV_REQ/0x8a@2 (5/5),REM_INV_REQ/0x8a@2 (5/5),WR_FLUSH/0xf9@3 (5/5),0,0,1,1,3,0,1,0,0,0,n/a,5/5,5/5,5/5,0/5,0/5,1621.6,59.83,60.08,59.83,60.08,0,0
rem_inv_req,4096,4,last,last,3,5,5,5,ERR (5/5),1,REM_INV_REQ/0x8a@3 (5/5),REM_INV_REQ/0x8a@3 (5/5),REM_INV_REQ/0x8a@3 (5/5),0,0,0,1,3,0,0,0,0,0,n/a,n/a,5/5,5/5,5/5,5/5,1616.4,-,-,0.00,0.00,0,0
rem_inv_req,4096,16,all,first,0,5,5,5,ERR (5/5),16,REM_INV_REQ/0x8a@0 (5/5),REM_INV_REQ/0x8a@0 (5/5),WR_FLUSH/0xf9@15 (5/5),0,0,15,1,0,0,0,0,0,0,n/a,n/a,5/5,5/5,0/5,0/5,358.9,59.32,59.56,190.41,190.80,0,0
rem_inv_req,4096,16,all,middle,8,5,5,5,ERR (5/5),16,SUCCESS/0x0@0 (5/5),REM_INV_REQ/0x8a@8 (5/5),WR_FLUSH/0xf9@15 (5/5),8,8,7,1,0,0,0,0,0,0,n/a,n/a,5/5,5/5,0/5,0/5,363.9,59.06,59.53,115.71,115.98,0,0
rem_inv_req,4096,16,all,last,15,5,5,5,ERR (5/5),16,SUCCESS/0x0@0 (5/5),REM_INV_REQ/0x8a@15 (5/5),REM_INV_REQ/0x8a@15 (5/5),15,15,0,1,0,0,0,0,0,0,n/a,n/a,5/5,5/5,5/5,5/5,1624.2,-,-,0.00,0.00,0,0
rem_inv_req,4096,16,last,first,0,5,5,5,ERR (5/5),16,REM_INV_REQ/0x8a@0 (5/5),REM_INV_REQ/0x8a@0 (5/5),WR_FLUSH/0xf9@15 (5/5),0,0,15,1,15,14,1,0,14,14,yes,5/5,5/5,5/5,0/5,0/5,363.3,59.47,60.02,190.73,192.87,0,0
rem_inv_req,4096,16,last,middle,8,5,5,5,ERR (5/5),8,REM_INV_REQ/0x8a@8 (5/5),REM_INV_REQ/0x8a@8 (5/5),WR_FLUSH/0xf9@15 (5/5),0,0,7,1,15,6,1,0,6,6,yes,5/5,5/5,5/5,0/5,0/5,364.7,59.43,59.45,115.85,115.87,0,0
rem_inv_req,4096,16,last,last,15,5,5,5,ERR (5/5),1,REM_INV_REQ/0x8a@15 (5/5),REM_INV_REQ/0x8a@15 (5/5),REM_INV_REQ/0x8a@15 (5/5),0,0,0,1,15,0,0,0,0,0,n/a,n/a,5/5,5/5,5/5,5/5,1621.4,-,-,0.00,0.00,0,0
rem_inv_req,4096,64,all,first,0,5,5,5,ERR (5/5),64,REM_INV_REQ/0x8a@0 (5/5),REM_INV_REQ/0x8a@0 (5/5),WR_FLUSH/0xf9@63 (5/5),0,0,63,1,0,0,0,0,0,0,n/a,n/a,5/5,5/5,0/5,0/5,359.8,59.41,59.73,638.66,641.18,0,0
rem_inv_req,4096,64,all,middle,32,5,5,5,ERR (5/5),64,SUCCESS/0x0@0 (5/5),REM_INV_REQ/0x8a@32 (5/5),WR_FLUSH/0xf9@63 (5/5),32,32,31,1,0,0,0,0,0,0,n/a,n/a,5/5,5/5,0/5,0/5,375.6,59.10,60.37,342.04,344.05,0,0
rem_inv_req,4096,64,all,last,63,5,5,5,ERR (5/5),64,SUCCESS/0x0@0 (5/5),REM_INV_REQ/0x8a@63 (5/5),REM_INV_REQ/0x8a@63 (5/5),63,63,0,1,0,0,0,0,0,0,n/a,n/a,5/5,5/5,5/5,5/5,1638.4,-,-,0.00,0.00,0,0
rem_inv_req,4096,64,last,first,0,5,5,5,ERR (5/5),64,REM_INV_REQ/0x8a@0 (5/5),REM_INV_REQ/0x8a@0 (5/5),WR_FLUSH/0xf9@63 (5/5),0,0,63,1,63,62,1,0,62,62,yes,5/5,5/5,5/5,0/5,0/5,359.8,59.26,59.59,638.25,638.67,0,0
rem_inv_req,4096,64,last,middle,32,5,5,5,ERR (5/5),32,REM_INV_REQ/0x8a@32 (5/5),REM_INV_REQ/0x8a@32 (5/5),WR_FLUSH/0xf9@63 (5/5),0,0,31,1,63,30,1,0,30,30,yes,5/5,5/5,5/5,0/5,0/5,373.9,59.36,59.59,339.64,340.19,0,0
rem_inv_req,4096,64,last,last,63,5,5,5,ERR (5/5),1,REM_INV_REQ/0x8a@63 (5/5),REM_INV_REQ/0x8a@63 (5/5),REM_INV_REQ/0x8a@63 (5/5),0,0,0,1,63,0,0,0,0,0,n/a,n/a,5/5,5/5,5/5,5/5,1638.3,-,-,0.00,0.00,0,0
rnr,4096,1,all,first,0,5,5,5,ERR (5/5),1,RNR_RETRY_EXC/0x87@0 (5/5),RNR_RETRY_EXC/0x87@0 (5/5),RNR_RETRY_EXC/0x87@0 (5/5),0,0,0,1,0,0,0,0,0,0,n/a,n/a,5/5,5/5,5/5,5/5,12662.2,-,-,0.00,0.00,0,0
rnr,4096,1,last,first,0,5,5,5,ERR (5/5),1,RNR_RETRY_EXC/0x87@0 (5/5),RNR_RETRY_EXC/0x87@0 (5/5),RNR_RETRY_EXC/0x87@0 (5/5),0,0,0,1,0,0,0,0,0,0,n/a,n/a,5/5,5/5,5/5,5/5,12651.8,-,-,0.00,0.00,0,0
rnr,4096,4,all,first,0,5,5,5,ERR (5/5),4,RNR_RETRY_EXC/0x87@0 (5/5),RNR_RETRY_EXC/0x87@0 (5/5),WR_FLUSH/0xf9@3 (5/5),0,0,3,1,0,0,0,0,0,0,n/a,n/a,5/5,5/5,0/5,0/5,12597.2,58.77,59.52,77.72,78.51,0,0
rnr,4096,4,all,middle,2,5,5,5,ERR (5/5),4,SUCCESS/0x0@0 (5/5),RNR_RETRY_EXC/0x87@2 (5/5),WR_FLUSH/0xf9@3 (5/5),2,2,1,1,0,0,0,0,0,0,n/a,n/a,5/5,5/5,0/5,0/5,12582.4,58.96,60.11,58.96,60.11,0,0
rnr,4096,4,last,first,0,5,5,5,ERR (5/5),4,RNR_RETRY_EXC/0x87@0 (5/5),RNR_RETRY_EXC/0x87@0 (5/5),WR_FLUSH/0xf9@3 (5/5),0,0,3,1,3,2,1,0,2,2,yes,5/5,5/5,5/5,0/5,0/5,12574.8,59.00,60.48,77.97,79.16,0,0
rnr,4096,4,last,middle,2,5,5,5,ERR (5/5),2,RNR_RETRY_EXC/0x87@2 (5/5),RNR_RETRY_EXC/0x87@2 (5/5),WR_FLUSH/0xf9@3 (5/5),0,0,1,1,3,0,1,0,0,0,n/a,5/5,5/5,5/5,0/5,0/5,12596.8,58.98,59.21,58.98,59.21,0,0
rnr,4096,16,all,first,0,5,5,5,ERR (5/5),16,RNR_RETRY_EXC/0x87@0 (5/5),RNR_RETRY_EXC/0x87@0 (5/5),WR_FLUSH/0xf9@15 (5/5),0,0,15,1,0,0,0,0,0,0,n/a,n/a,5/5,5/5,0/5,0/5,12430.4,59.19,65.48,190.37,197.99,0,0
rnr,4096,16,all,middle,8,5,5,5,ERR (5/5),16,SUCCESS/0x0@0 (5/5),RNR_RETRY_EXC/0x87@8 (5/5),WR_FLUSH/0xf9@15 (5/5),8,8,7,1,0,0,0,0,0,0,n/a,n/a,5/5,5/5,0/5,0/5,12505.9,58.85,59.42,115.44,115.80,0,0
rnr,4096,16,last,first,0,5,5,5,ERR (5/5),16,RNR_RETRY_EXC/0x87@0 (5/5),RNR_RETRY_EXC/0x87@0 (5/5),WR_FLUSH/0xf9@15 (5/5),0,0,15,1,15,14,1,0,14,14,yes,5/5,5/5,5/5,0/5,0/5,12446.5,58.93,59.37,190.13,192.69,0,0
rnr,4096,16,last,middle,8,5,5,5,ERR (5/5),8,RNR_RETRY_EXC/0x87@8 (5/5),RNR_RETRY_EXC/0x87@8 (5/5),WR_FLUSH/0xf9@15 (5/5),0,0,7,1,15,6,1,0,6,6,yes,5/5,5/5,5/5,0/5,0/5,12522.2,58.97,60.27,115.69,117.45,0,0
rnr,4096,64,all,first,0,5,5,5,ERR (5/5),64,RNR_RETRY_EXC/0x87@0 (5/5),RNR_RETRY_EXC/0x87@0 (5/5),WR_FLUSH/0xf9@63 (5/5),0,0,63,1,0,0,0,0,0,0,n/a,n/a,5/5,5/5,0/5,0/5,12977.4,59.04,59.33,638.49,638.65,0,0
rnr,4096,64,all,middle,32,5,5,5,ERR (5/5),64,SUCCESS/0x0@0 (5/5),RNR_RETRY_EXC/0x87@32 (5/5),WR_FLUSH/0xf9@63 (5/5),32,32,31,1,0,0,0,0,0,0,n/a,n/a,5/5,5/5,0/5,0/5,12236.5,58.99,59.97,339.35,343.39,0,0
rnr,4096,64,last,first,0,5,5,5,ERR (5/5),64,RNR_RETRY_EXC/0x87@0 (5/5),RNR_RETRY_EXC/0x87@0 (5/5),WR_FLUSH/0xf9@63 (5/5),0,0,63,1,63,62,1,0,62,62,yes,5/5,5/5,5/5,0/5,0/5,12977.9,58.94,59.99,638.00,645.26,0,0
rnr,4096,64,last,middle,32,5,5,5,ERR (5/5),32,RNR_RETRY_EXC/0x87@32 (5/5),RNR_RETRY_EXC/0x87@32 (5/5),WR_FLUSH/0xf9@63 (5/5),0,0,31,1,63,30,1,0,30,30,yes,5/5,5/5,5/5,0/5,0/5,12270.8,58.77,59.20,339.46,340.36,0,0
retry_server_qp_err,4096,1,all,none,-1,5,5,5,ERR (5/5),1,RETRY_EXC/0x81@0 (5/5),RETRY_EXC/0x81@0 (5/5),RETRY_EXC/0x81@0 (5/5),0,0,0,1,0,0,0,0,0,0,n/a,n/a,5/5,5/5,5/5,5/5,3525217.2,-,-,0.00,0.00,0,0
retry_server_qp_err,4096,1,last,none,-1,5,5,5,ERR (5/5),1,RETRY_EXC/0x81@0 (5/5),RETRY_EXC/0x81@0 (5/5),RETRY_EXC/0x81@0 (5/5),0,0,0,1,0,0,0,0,0,0,n/a,n/a,5/5,5/5,5/5,5/5,3525183.6,-,-,0.00,0.00,0,0
retry_server_qp_err,4096,4,all,none,-1,5,5,5,ERR (5/5),4,RETRY_EXC/0x81@0 (5/5),RETRY_EXC/0x81@0 (5/5),WR_FLUSH/0xf9@3 (5/5),0,0,3,1,0,0,0,0,0,0,n/a,n/a,5/5,5/5,0/5,0/5,3525135.0,61.18,61.22,80.19,81.02,0,0
retry_server_qp_err,4096,4,last,none,-1,5,5,5,ERR (5/5),4,RETRY_EXC/0x81@0 (5/5),RETRY_EXC/0x81@0 (5/5),WR_FLUSH/0xf9@3 (5/5),0,0,3,1,3,2,1,0,2,2,yes,5/5,5/5,5/5,0/5,0/5,3525115.3,61.02,61.83,80.21,81.18,0,0
retry_server_qp_err,4096,16,all,none,-1,5,5,5,ERR (5/5),16,RETRY_EXC/0x81@0 (5/5),RETRY_EXC/0x81@0 (5/5),WR_FLUSH/0xf9@15 (5/5),0,0,15,1,0,0,0,0,0,0,n/a,n/a,5/5,5/5,0/5,0/5,3525019.2,60.45,61.46,192.35,193.42,0,0
retry_server_qp_err,4096,16,last,none,-1,5,5,5,ERR (5/5),16,RETRY_EXC/0x81@0 (5/5),RETRY_EXC/0x81@0 (5/5),WR_FLUSH/0xf9@15 (5/5),0,0,15,1,15,14,1,0,14,14,yes,5/5,5/5,5/5,0/5,0/5,3524984.8,60.99,61.43,193.06,194.25,0,0
retry_server_qp_err,4096,64,all,none,-1,5,5,5,ERR (5/5),64,RETRY_EXC/0x81@0 (5/5),RETRY_EXC/0x81@0 (5/5),WR_FLUSH/0xf9@63 (5/5),0,0,63,1,0,0,0,0,0,0,n/a,n/a,5/5,5/5,0/5,0/5,3524465.0,60.47,61.45,642.73,650.20,0,0
retry_server_qp_err,4096,64,last,none,-1,5,5,5,ERR (5/5),64,RETRY_EXC/0x81@0 (5/5),RETRY_EXC/0x81@0 (5/5),WR_FLUSH/0xf9@63 (5/5),0,0,63,1,63,62,1,0,62,62,yes,5/5,5/5,5/5,0/5,0/5,3524441.2,60.67,62.02,643.14,651.57,0,0
retry_proc_kill,4096,1,all,none,-1,5,5,0,ERR (5/5),1,RETRY_EXC/0x81@0 (5/5),RETRY_EXC/0x81@0 (5/5),RETRY_EXC/0x81@0 (5/5),0,0,0,1,0,0,0,0,0,0,n/a,n/a,5/5,5/5,5/5,5/5,3578723.1,-,-,0.00,0.00,0,0
retry_proc_kill,4096,1,last,none,-1,5,5,0,ERR (5/5),1,RETRY_EXC/0x81@0 (5/5),RETRY_EXC/0x81@0 (5/5),RETRY_EXC/0x81@0 (5/5),0,0,0,1,0,0,0,0,0,0,n/a,n/a,5/5,5/5,5/5,5/5,3567866.8,-,-,0.00,0.00,0,0
retry_proc_kill,4096,4,all,none,-1,5,5,0,ERR (5/5),4,RETRY_EXC/0x81@0 (5/5),RETRY_EXC/0x81@0 (5/5),WR_FLUSH/0xf9@3 (5/5),0,0,3,1,0,0,0,0,0,0,n/a,n/a,5/5,5/5,0/5,0/5,3570199.4,60.24,61.51,79.42,81.24,0,0
retry_proc_kill,4096,4,last,none,-1,5,5,0,ERR (5/5),4,RETRY_EXC/0x81@0 (5/5),RETRY_EXC/0x81@0 (5/5),WR_FLUSH/0xf9@3 (5/5),0,0,3,1,3,2,1,0,2,2,yes,5/5,5/5,5/5,0/5,0/5,3576449.5,59.97,61.55,79.13,80.90,0,0
retry_proc_kill,4096,16,all,none,-1,5,5,0,ERR (5/5),16,RETRY_EXC/0x81@0 (5/5),RETRY_EXC/0x81@0 (5/5),WR_FLUSH/0xf9@15 (5/5),0,0,15,1,0,0,0,0,0,0,n/a,n/a,5/5,5/5,0/5,0/5,3569569.3,60.28,64.06,192.24,195.76,0,0
retry_proc_kill,4096,16,last,none,-1,5,5,0,ERR (5/5),16,RETRY_EXC/0x81@0 (5/5),RETRY_EXC/0x81@0 (5/5),WR_FLUSH/0xf9@15 (5/5),0,0,15,1,15,14,1,0,14,14,yes,5/5,5/5,5/5,0/5,0/5,3575479.2,60.65,61.28,192.59,194.30,0,0
retry_proc_kill,4096,64,all,none,-1,5,5,0,ERR (5/5),64,RETRY_EXC/0x81@0 (5/5),RETRY_EXC/0x81@0 (5/5),WR_FLUSH/0xf9@63 (5/5),0,0,63,1,0,0,0,0,0,0,n/a,n/a,5/5,5/5,0/5,0/5,3566380.9,60.49,60.86,642.66,643.12,0,0
retry_proc_kill,4096,64,last,none,-1,5,5,0,ERR (5/5),64,RETRY_EXC/0x81@0 (5/5),RETRY_EXC/0x81@0 (5/5),WR_FLUSH/0xf9@63 (5/5),0,0,63,1,63,62,1,0,62,62,yes,5/5,5/5,5/5,0/5,0/5,3570326.0,60.43,60.97,643.18,649.67,0,0
