run_id,fault,wqe_bytes,n_wqe,signaling,bad_pos,bad_idx,trial,trial_uid,n_cqes,n_late,n_foreign,n_dropped,drain_end,drain_ns,post_ns,trigger_ns,qp_state_after,verify_ok
main,rnr,4096,1,all,first,0,0,0,1,0,0,0,quiet,512635882,7273,-1,ERR,1
main,rnr,4096,1,all,first,0,1,1,1,0,0,0,quiet,512627623,233,-1,ERR,1
main,rnr,4096,1,all,first,0,2,2,1,0,0,0,quiet,512662213,823,-1,ERR,1
main,rnr,4096,1,all,first,0,3,3,1,0,0,0,quiet,512673726,230,-1,ERR,1
main,rnr,4096,1,all,first,0,4,4,1,0,0,0,quiet,512688951,217,-1,ERR,1
main,rnr,4096,1,last,first,0,0,5,1,0,0,0,quiet,512647350,241,-1,ERR,1
main,rnr,4096,1,last,first,0,1,6,1,0,0,0,quiet,512649602,268,-1,ERR,1
main,rnr,4096,1,last,first,0,2,7,1,0,0,0,quiet,512689990,213,-1,ERR,1
main,rnr,4096,1,last,first,0,3,8,1,0,0,0,quiet,512651783,216,-1,ERR,1
main,rnr,4096,1,last,first,0,4,9,1,0,0,0,quiet,512680716,220,-1,ERR,1
main,rnr,4096,4,all,first,0,0,10,4,0,0,0,quiet,512758516,308,-1,ERR,1
main,rnr,4096,4,all,first,0,1,11,4,0,0,0,quiet,512685449,317,-1,ERR,1
main,rnr,4096,4,all,first,0,2,12,4,0,0,0,quiet,512671949,304,-1,ERR,1
main,rnr,4096,4,all,first,0,3,13,4,0,0,0,quiet,512674652,322,-1,ERR,1
main,rnr,4096,4,all,first,0,4,14,4,0,0,0,quiet,512674497,307,-1,ERR,1
main,rnr,4096,4,all,middle,2,0,15,4,0,0,0,quiet,512650337,319,-1,ERR,1
main,rnr,4096,4,all,middle,2,1,16,4,0,0,0,quiet,512641181,278,-1,ERR,1
main,rnr,4096,4,all,middle,2,2,17,4,0,0,0,quiet,512640029,337,-1,ERR,1
main,rnr,4096,4,all,middle,2,3,18,4,0,0,0,quiet,512669139,328,-1,ERR,1
main,rnr,4096,4,all,middle,2,4,19,4,0,0,0,quiet,512638185,317,-1,ERR,1
main,rnr,4096,4,last,first,0,0,20,4,0,0,0,quiet,512669211,310,-1,ERR,1
main,rnr,4096,4,last,first,0,1,21,4,0,0,0,quiet,512652983,274,-1,ERR,1
main,rnr,4096,4,last,first,0,2,22,4,0,0,0,quiet,512621496,313,-1,ERR,1
main,rnr,4096,4,last,first,0,3,23,4,0,0,0,quiet,512662100,299,-1,ERR,1
main,rnr,4096,4,last,first,0,4,24,4,0,0,0,quiet,512646247,312,-1,ERR,1
main,rnr,4096,4,last,middle,2,0,25,2,0,0,0,quiet,512639676,333,-1,ERR,1
main,rnr,4096,4,last,middle,2,1,26,2,0,0,0,quiet,512669951,290,-1,ERR,1
main,rnr,4096,4,last,middle,2,2,27,2,0,0,0,quiet,512673133,314,-1,ERR,1
main,rnr,4096,4,last,middle,2,3,28,2,0,0,0,quiet,512655817,342,-1,ERR,1
main,rnr,4096,4,last,middle,2,4,29,2,0,0,0,quiet,512648984,298,-1,ERR,1
main,rnr,4096,16,all,first,0,0,30,16,0,0,0,quiet,512793668,588,-1,ERR,1
main,rnr,4096,16,all,first,0,1,31,16,0,0,0,quiet,512620702,565,-1,ERR,1
main,rnr,4096,16,all,first,0,2,32,16,0,0,0,quiet,512605884,565,-1,ERR,1
main,rnr,4096,16,all,first,0,3,33,16,0,0,0,quiet,512613949,522,-1,ERR,1
main,rnr,4096,16,all,first,0,4,34,16,0,0,0,quiet,512638972,584,-1,ERR,1
main,rnr,4096,16,all,middle,8,0,35,16,0,0,0,quiet,512572048,527,-1,ERR,1
main,rnr,4096,16,all,middle,8,1,36,16,0,0,0,quiet,512630194,525,-1,ERR,1
main,rnr,4096,16,all,middle,8,2,37,16,0,0,0,quiet,512614260,506,-1,ERR,1
main,rnr,4096,16,all,middle,8,3,38,16,0,0,0,quiet,512646056,515,-1,ERR,1
main,rnr,4096,16,all,middle,8,4,39,16,0,0,0,quiet,512621303,564,-1,ERR,1
main,rnr,4096,16,last,first,0,0,40,16,0,0,0,quiet,512717722,552,-1,ERR,1
main,rnr,4096,16,last,first,0,1,41,16,0,0,0,quiet,512636472,616,-1,ERR,1
main,rnr,4096,16,last,first,0,2,42,16,0,0,0,quiet,512600512,547,-1,ERR,1
main,rnr,4096,16,last,first,0,3,43,16,0,0,0,quiet,512603795,520,-1,ERR,1
main,rnr,4096,16,last,first,0,4,44,16,0,0,0,quiet,512639775,591,-1,ERR,1
main,rnr,4096,16,last,middle,8,0,45,8,0,0,0,quiet,512572642,589,-1,ERR,1
main,rnr,4096,16,last,middle,8,1,46,8,0,0,0,quiet,512656839,566,-1,ERR,1
main,rnr,4096,16,last,middle,8,2,47,8,0,0,0,quiet,512639623,541,-1,ERR,1
main,rnr,4096,16,last,middle,8,3,48,8,0,0,0,quiet,512618851,593,-1,ERR,1
main,rnr,4096,16,last,middle,8,4,49,8,0,0,0,quiet,512648907,556,-1,ERR,1
main,rnr,4096,64,all,first,0,0,50,64,0,0,0,quiet,513187795,1499,-1,ERR,1
main,rnr,4096,64,all,first,0,1,51,64,0,0,0,quiet,513594909,1547,-1,ERR,1
main,rnr,4096,64,all,first,0,2,52,64,0,0,0,quiet,513630761,1649,-1,ERR,1
main,rnr,4096,64,all,first,0,3,53,64,0,0,0,quiet,513625945,1600,-1,ERR,1
main,rnr,4096,64,all,first,0,4,54,64,0,0,0,quiet,513615939,1361,-1,ERR,1
main,rnr,4096,64,all,middle,32,0,55,64,0,0,0,quiet,513324661,1517,-1,ERR,1
main,rnr,4096,64,all,middle,32,1,56,64,0,0,0,quiet,512568104,1469,-1,ERR,1
main,rnr,4096,64,all,middle,32,2,57,64,0,0,0,quiet,512591839,1396,-1,ERR,1
main,rnr,4096,64,all,middle,32,3,58,64,0,0,0,quiet,512564408,1436,-1,ERR,1
main,rnr,4096,64,all,middle,32,4,59,64,0,0,0,quiet,512579915,1595,-1,ERR,1
main,rnr,4096,64,last,first,0,0,60,64,0,0,0,quiet,512864740,1560,-1,ERR,1
main,rnr,4096,64,last,first,0,1,61,64,0,0,0,quiet,513623548,1694,-1,ERR,1
main,rnr,4096,64,last,first,0,2,62,64,0,0,0,quiet,513614325,1455,-1,ERR,1
main,rnr,4096,64,last,first,0,3,63,64,0,0,0,quiet,513615920,1513,-1,ERR,1
main,rnr,4096,64,last,first,0,4,64,64,0,0,0,quiet,513619535,1792,-1,ERR,1
main,rnr,4096,64,last,middle,32,0,65,32,0,0,0,quiet,513338192,1521,-1,ERR,1
main,rnr,4096,64,last,middle,32,1,66,32,0,0,0,quiet,512592895,1481,-1,ERR,1
main,rnr,4096,64,last,middle,32,2,67,32,0,0,0,quiet,512635113,1418,-1,ERR,1
main,rnr,4096,64,last,middle,32,3,68,32,0,0,0,quiet,512593967,1373,-1,ERR,1
main,rnr,4096,64,last,middle,32,4,69,32,0,0,0,quiet,512611181,1360,-1,ERR,1
