id,kind,cells,observable,predicted,acceptance,basis
A1,N,f3_b@pc,transparent_ok,the peer QP error of the stock hook (all four of rank 1's QPs to ERR) is recovered transparently,count(transparent_ok == 1) >= 9,"f3_b@pr 5/5 transparent (gin-pair-reset G1, ../pair_reset/results/20261008/trials_scored.csv); the full reset recovered such faults on every earlier build"
A2,N,f3_b@pc,"n_refused_r1, refuse_reason_r1, not_rts_r1, n_rerun_r0, last_reason_r0, rec_qps_r0, rec_qps_r1","rank 1 refuses rank 0's narrowed scope once because its three other QPs are not RTS, and rank 0 reruns the round as a full reset (4 QPs on each rank)","count(n_refused_r1 == 1 and refuse_reason_r1 == ""not_rts"" and not_rts_r1 == 3 and n_rerun_r0 == 1 and last_reason_r0 == ""peer"" and rec_qps_r0 == 4 and rec_qps_r1 == 4) >= 9",f3_b@pr: rank 1's hook moved 4/4 QPs to ERR and rank 0 decided scope 0x1 (pair) in 5/5 (../pair_reset/qa/code_review.md finding 1); the responder check and the refusal rule of EXPERIMENT.md 9
A3,N,f3_b@pc,"n_notrts_r0, n_notrts_r1",no QP to the peer is left outside RTS on either rank at teardown,count(n_notrts_r0 == 0 and n_notrts_r1 == 0) == 10,"f3_b@pr left rank 1's QPs of contexts 1-3 in ERR with open gates until teardown in 5/5 (epochs [2,0,0,0] on both ranks, ../pair_reset/qa/code_review.md finding 1); a single leftover broken QP is the defect this study fixes, so all 10 must be clean"
B1,N,pc_dual_f1c0_r1c2_b@pcd,transparent_ok,"a local QP error on rank 0's context 0, while rank 1's idle context-2 QP is already broken, is recovered transparently on both contexts",count(transparent_ok == 1) >= 9,"pr_dual_f1c0_b@prd 10/10 transparent (gin-pair-reset P1a, ../pair_reset/results/20261008/trials_scored.csv); the full reset recovered every context on earlier builds"
B2,N,pc_dual_f1c0_r1c2_b@pcd,"n_refused_r1, not_rts_r1, n_rerun_r0, rec_qps_r0, rec_qps_r1",rank 1 refuses the narrowed scope (one QP outside it not RTS) and rank 0 reruns the round as a full reset,count(n_refused_r1 == 1 and not_rts_r1 == 1 and n_rerun_r0 == 1 and rec_qps_r0 == 4 and rec_qps_r1 == 4) >= 9,"rank 0's own other QPs are RTS (only its context-0 QP is broken), so its decision is pair; rank 1's context-2 QP is in ERR from its own hook (EXPERIMENT.md 7, 9)"
B3,N,pc_dual_f1c0_r1c2_b@pcd,"n_notrts_r0, n_notrts_r1",no QP to the peer is left outside RTS on either rank at teardown (rank 1's context-2 QP included),count(n_notrts_r0 == 0 and n_notrts_r1 == 0) == 10,"on the pr build the narrowed round would leave rank 1's context-2 QP in ERR, as in f3_b@pr (../pair_reset/qa/code_review.md finding 1)"
C1,N,pc_dual_f1c0_b@pcd,transparent_ok,"with a clean responder, the context-0 local QP error is still recovered transparently with both contexts in use",count(transparent_ok == 1) >= 9,pr_dual_f1c0_b@prd 10/10 (gin-pair-reset P1a)
C2,N,pc_dual_f1c0_b@pcd,"rec_scope_r0, rec_qps_r0, rec_scope_r1, rec_qps_r1, n_rec_r0, n_rec_r1, n_refused_r1, n_checked_r1","with a clean responder the round stays narrowed to context 0 on both ranks: rank 1 checks its three other QPs, finds them RTS and accepts; no refusal","count(rec_scope_r0 == ""0x1"" and rec_qps_r0 == 1 and rec_scope_r1 == ""0x1"" and rec_qps_r1 == 1 and n_rec_r0 == 1 and n_rec_r1 == 1 and n_refused_r1 == 0 and n_checked_r1 == 1) >= 9","pr_dual_f1c0_b@prd 10/10 narrowed (gin-pair-reset P1b); the hook moves only rank 0's context-0 QP, so rank 1's QPs are all RTS"
C3,N,pc_dual_f1c0_b@pcd,"dual_c1_in_win, dual_c1_max_in_win_us","while context 0 is held, context 1 keeps completing iterations, none of those overlapping the held window longer than 1 ms",count(dual_c1_in_win >= 1 and 0 <= dual_c1_max_in_win_us <= 1000) >= 9,"pr_dual_f1c0_b@prd: 6-9 context-1 iterations inside the window, longest overlapping 10.7-11.2 us, 10/10 (gin-pair-reset P1d, ../pair_reset/results/20261008/trials_scored.csv); the responder check queries only and changes no QP"
C4,N,pc_dual_f1c0_b@pcd,"ep_c0_r0, ep_c1_r0, ep_c0_r1, ep_c1_r1, n_notrts_r0, n_notrts_r1","the untouched pair's gates stay at epoch 0 on both ranks, the faulted pair is published once, and every QP to the peer is RTS at teardown",count(ep_c0_r0 == 2 and ep_c1_r0 == 0 and ep_c0_r1 == 2 and ep_c1_r1 == 0 and n_notrts_r0 == 0 and n_notrts_r1 == 0) >= 9,"pr_dual_f1c0_b@prd epochs [2,0,0,0] on both ranks 10/10 (gin-pair-reset P1c)"
T1,N,pc_dual_f1c0_b@pcd; pr_dual_f1c0_b@prd,commit_us_r0,the narrowed round's initiator commit is unchanged by the responder check: median at most 1.15 x that of the pr build in the same hold,"median(commit_us_r0, ""pc_dual_f1c0_b@pcd"") <= 1.15 * median(commit_us_r0, ""pr_dual_f1c0_b@prd"")","pr_dual_f1c0_b@prd today: initiator commit 743-785 us (10 rounds, median 768); the check runs before the responder's quiesce, outside the commit (EXPERIMENT.md 9)"
T2,N,pc_dual_f1c0_b@pcd; pr_dual_f1c0_b@prd,total_us_r0,"the responder check adds at most 1 ms to the initiator's whole narrowed round (median, same hold)","median(total_us_r0, ""pc_dual_f1c0_b@pcd"") - median(total_us_r0, ""pr_dual_f1c0_b@prd"") <= 1000","pr_dual_f1c0_b@prd today: initiator round 2934-3093 us (median 3013); the check is three QUERY_QP on rank 1; a 4-QP commit of 20 firmware commands took about 3.3 ms (inference: about 0.17 ms per command, about 0.5 ms for the check)"
E1,N,pc_bidirf_conflict_b@pc,"transparent_ok, decl_r0, decl_r1",simultaneous rounds with different scopes are both recovered and nothing is declined,count(transparent_ok == 1 and not nonempty(decl_r0) and not nonempty(decl_r1)) >= 9,pr_bidirf_conflict_b@pr 10/10 (gin-pair-reset B2a)
E2,N,pc_bidirf_conflict_b@pc,"conflict_r1, init_qps_r1, last_reason_r1, ep_c0_r0, ep_c1_r0, ep_c2_r0, ep_c3_r0, ep_c0_r1, ep_c1_r1, ep_c2_r1, ep_c3_r1","after the conflict, rank 1 re-decides its own fault and runs it as a pair round of context 1 instead of a full reset: contexts 2 and 3 are never reset","count(conflict_r1 == 1 and init_qps_r1 == 1 and last_reason_r1 == ""pair"" and ep_c0_r0 == 2 and ep_c1_r0 == 2 and ep_c2_r0 == 0 and ep_c3_r0 == 0 and ep_c0_r1 == 2 and ep_c1_r1 == 2 and ep_c2_r1 == 0 and ep_c3_r1 == 0) >= 9","pr_bidirf_conflict_b@pr: rank 1's rerun was always a full reset, epochs [4,2,2,2] on both ranks in 11/11 (../pair_reset/qa/code_review.md finding 5); after rank 0's round rank 1's other QPs are RTS"
E3,N,pc_bidirf_conflict_b@pc,"n_notrts_r0, n_notrts_r1",every QP to the peer is RTS at teardown on both ranks,count(n_notrts_r0 == 0 and n_notrts_r1 == 0) >= 9,both faulted pairs are recovered and no other QP is broken by the hooks (each hook moves one context's QP)
K1,C,f3_b_nocheck@pc,"transparent_ok, rec_qps_r0, rec_qps_r1, n_notrts_r0, n_notrts_r1","with NCCL_GIN_TS_PAIR_CHECK=0 the pr behaviour returns: transparent, narrowed, and rank 1's three other QPs left not RTS at teardown (the measure sees the defect)",count(transparent_ok == 1 and rec_qps_r0 == 1 and rec_qps_r1 == 1 and n_notrts_r0 == 0 and n_notrts_r1 == 3) >= 4,"f3_b@pr 5/5: transparent, qps=1 on both ranks, rank 1's contexts 1-3 in ERR until teardown (../pair_reset/qa/code_review.md finding 1)"
K2,C,pc_dual_f1c0_r1off_b@pcd,"transparent_ok, n_refused_r1, refuse_reason_r1, n_rerun_r0, rec_qps_r0, rec_qps_r1",a responder with its own NCCL_GIN_TS_PAIR_RESET=0 refuses the narrowed scope (reason off) and the round reruns as a full reset,"count(transparent_ok == 1 and n_refused_r1 == 1 and refuse_reason_r1 == ""off"" and n_rerun_r0 == 1 and rec_qps_r0 == 4 and rec_qps_r1 == 4) == 5",the pr build ignored the responder's switch (../pair_reset/qa/code_review.md nit 7); EXPERIMENT.md 9
K3,C,pr_dual_f1c0_b@prd,"transparent_ok, rec_qps_r0, rec_qps_r1",the pr reference behaves as in gin-pair-reset: transparent and narrowed on both ranks,count(transparent_ok == 1 and rec_qps_r0 == 1 and rec_qps_r1 == 1) == 5,"gin-pair-reset P1a, P1b 10/10"
G1,R,f1_b@pc; bidirf_sym_b@pc; mt256_f1_b@pc; pc_dual_f3c0_b@pcd; pc_dual_f1all_b@pcd,transparent_ok,the recovered replication cells stay transparent,per cell: count(transparent_ok == 1) == 5,"pr build: 5/5 (f1_b, bidirf_sym_b, mt256_f1_b) and 10/10 (dual peer error, all contexts) (gin-pair-reset G1, P2a, B1a)"
G2,R,f1_b@pc; bidirf_sym_b@pc; mt256_f1_b@pc; pc_dual_f3c0_b@pcd; pc_dual_f1all_b@pcd,"n_notrts_r0, n_notrts_r1",after a recovered fault every QP to the peer is RTS at teardown on both ranks,per cell: count(n_notrts_r0 == 0 and n_notrts_r1 == 0) == 5,"these hooks break either one QP that the round covers or every QP of one rank, which the full reset covers (gin-pair-reset epochs: [2,0,0,0] or [2,2,2,2] on both ranks)"
G3,R,pc_dual_f3c0_b@pcd,"rec_scope_r0, rec_qps_r0, rec_qps_r1, n_refused_r1","the dual peer-QP-error cell, whose hook breaks only rank 1's context-0 QP, stays narrowed with no refusal","count(rec_scope_r0 == ""0x1"" and rec_qps_r0 == 1 and rec_qps_r1 == 1 and n_refused_r1 == 0) == 5",pr_dual_f3c0_b@prd 10/10 narrowed (gin-pair-reset P2b)
G4,R,f4_b@pc,"decl_r0, teardown_r0",the kill without a mute is still declined with a death cause and the surviving rank's abort returns,"count((has(decl_r0, ""peer's socket shows FIN"") or has(decl_r0, ""peer's socket shows ECONNRESET"")) and teardown_r0 == ""no error"") == 5",pr build 5/5 (gin-pair-reset G4)
G5,R,f2rel_b@pc,"teardown_r1, r1rc, teardown_ms_r1, r1_outcome",the receiving rank's own wait is still released at ncclCommAbort,"count(teardown_r1 == ""no error"" and r1rc != 7 and teardown_ms_r1 <= 5000 and r1_outcome == ""async_error_kernel_stuck"") == 5","pr build 5/5, abort 859.0-871.8 ms (gin-pair-reset G5); the QP-state read at teardown adds a few QUERY_QP (inference: well under 100 ms)"
L1,C,lat_pc_on_4k@pc; lat_pr_on_4k@pr,lat_p50_us,"fault-free 4 KiB latency differs by at most 0.40 us between pc and pr (same hold, interleaved runs)","abs(median(lat_p50_us, ""lat_pc_on_4k@pc"") - median(lat_p50_us, ""lat_pr_on_4k@pr"")) <= 0.40",device code and driver binary unchanged (pc carries the rc driver d4b1f082); pr 10.56 us (gin-pair-reset L1)
L2,C,lat_pc_on_256k@pc; lat_pr_on_256k@pr,lat_p50_us,"fault-free 256 KiB latency differs by at most 0.30 us between pc and pr (same hold, interleaved runs)","abs(median(lat_p50_us, ""lat_pc_on_256k@pc"") - median(lat_p50_us, ""lat_pr_on_256k@pr"")) <= 0.30",as L1; pr 38.91 us (gin-pair-reset L2)
