side,counter,before,after,delta
# LOC_PROT_LEN,trial=0,status=4,vendor_err=0x53,latency_us=2319
client,local_ack_timeout_err,0,0,0
client,out_of_sequence,1,1,0
client,packet_seq_err,0,0,0
client,implied_nak_seq_err,0,0,0
client,rnr_nak_retry_err,0,0,0
client,req_cqe_error,0,1,1
client,resp_cqe_error,0,0,0
client,req_cqe_flush_error,0,0,0
client,resp_cqe_flush_error,0,0,0
client,req_remote_invalid_request,0,0,0
client,req_remote_access_errors,0,0,0
client,resp_remote_access_errors,0,0,0
client,resp_local_length_error,0,0,0
client,duplicate_request,0,0,0
client,out_of_buffer,783,783,0
client,rx_icrc_encapsulated,0,0,0
client,req_transport_retries_exceeded,0,0,0
client,req_rnr_retries_exceeded,0,0,0
client,roce_adp_retrans,0,0,0
client,roce_adp_retrans_to,0,0,0
client,roce_slow_restart,0,0,0
client,port_rcv_errors,0,0,0
client,local_link_integrity_errors,0,0,0
client,link_error_recovery,0,0,0
client,link_downed,0,0,0
# LOC_PROT_LEN,trial=1,status=4,vendor_err=0x53,latency_us=1761
client,local_ack_timeout_err,0,0,0
client,out_of_sequence,1,1,0
client,packet_seq_err,0,0,0
client,implied_nak_seq_err,0,0,0
client,rnr_nak_retry_err,0,0,0
client,req_cqe_error,1,2,1
client,resp_cqe_error,0,0,0
client,req_cqe_flush_error,0,0,0
client,resp_cqe_flush_error,0,0,0
client,req_remote_invalid_request,0,0,0
client,req_remote_access_errors,0,0,0
client,resp_remote_access_errors,0,0,0
client,resp_local_length_error,0,0,0
client,duplicate_request,0,0,0
client,out_of_buffer,783,783,0
client,rx_icrc_encapsulated,0,0,0
client,req_transport_retries_exceeded,0,0,0
client,req_rnr_retries_exceeded,0,0,0
client,roce_adp_retrans,0,0,0
client,roce_adp_retrans_to,0,0,0
client,roce_slow_restart,0,0,0
client,port_rcv_errors,0,0,0
client,local_link_integrity_errors,0,0,0
client,link_error_recovery,0,0,0
client,link_downed,0,0,0
# LOC_PROT_LEN,trial=2,status=4,vendor_err=0x53,latency_us=1729
client,local_ack_timeout_err,0,0,0
client,out_of_sequence,1,1,0
client,packet_seq_err,0,0,0
client,implied_nak_seq_err,0,0,0
client,rnr_nak_retry_err,0,0,0
client,req_cqe_error,2,3,1
client,resp_cqe_error,0,0,0
client,req_cqe_flush_error,0,0,0
client,resp_cqe_flush_error,0,0,0
client,req_remote_invalid_request,0,0,0
client,req_remote_access_errors,0,0,0
client,resp_remote_access_errors,0,0,0
client,resp_local_length_error,0,0,0
client,duplicate_request,0,0,0
client,out_of_buffer,783,783,0
client,rx_icrc_encapsulated,0,0,0
client,req_transport_retries_exceeded,0,0,0
client,req_rnr_retries_exceeded,0,0,0
client,roce_adp_retrans,0,0,0
client,roce_adp_retrans_to,0,0,0
client,roce_slow_restart,0,0,0
client,port_rcv_errors,0,0,0
client,local_link_integrity_errors,0,0,0
client,link_error_recovery,0,0,0
client,link_downed,0,0,0
# LOC_PROT_LEN,trial=3,status=4,vendor_err=0x53,latency_us=1689
client,local_ack_timeout_err,0,0,0
client,out_of_sequence,1,1,0
client,packet_seq_err,0,0,0
client,implied_nak_seq_err,0,0,0
client,rnr_nak_retry_err,0,0,0
client,req_cqe_error,3,4,1
client,resp_cqe_error,0,0,0
client,req_cqe_flush_error,0,0,0
client,resp_cqe_flush_error,0,0,0
client,req_remote_invalid_request,0,0,0
client,req_remote_access_errors,0,0,0
client,resp_remote_access_errors,0,0,0
client,resp_local_length_error,0,0,0
client,duplicate_request,0,0,0
client,out_of_buffer,783,783,0
client,rx_icrc_encapsulated,0,0,0
client,req_transport_retries_exceeded,0,0,0
client,req_rnr_retries_exceeded,0,0,0
client,roce_adp_retrans,0,0,0
client,roce_adp_retrans_to,0,0,0
client,roce_slow_restart,0,0,0
client,port_rcv_errors,0,0,0
client,local_link_integrity_errors,0,0,0
client,link_error_recovery,0,0,0
client,link_downed,0,0,0
# LOC_PROT_LEN,trial=4,status=4,vendor_err=0x53,latency_us=1698
client,local_ack_timeout_err,0,0,0
client,out_of_sequence,1,1,0
client,packet_seq_err,0,0,0
client,implied_nak_seq_err,0,0,0
client,rnr_nak_retry_err,0,0,0
client,req_cqe_error,4,5,1
client,resp_cqe_error,0,0,0
client,req_cqe_flush_error,0,0,0
client,resp_cqe_flush_error,0,0,0
client,req_remote_invalid_request,0,0,0
client,req_remote_access_errors,0,0,0
client,resp_remote_access_errors,0,0,0
client,resp_local_length_error,0,0,0
client,duplicate_request,0,0,0
client,out_of_buffer,783,783,0
client,rx_icrc_encapsulated,0,0,0
client,req_transport_retries_exceeded,0,0,0
client,req_rnr_retries_exceeded,0,0,0
client,roce_adp_retrans,0,0,0
client,roce_adp_retrans_to,0,0,0
client,roce_slow_restart,0,0,0
client,port_rcv_errors,0,0,0
client,local_link_integrity_errors,0,0,0
client,link_error_recovery,0,0,0
client,link_downed,0,0,0
# LOC_PROT_LEN,trial=5,status=4,vendor_err=0x53,latency_us=1720
client,local_ack_timeout_err,0,0,0
client,out_of_sequence,1,1,0
client,packet_seq_err,0,0,0
client,implied_nak_seq_err,0,0,0
client,rnr_nak_retry_err,0,0,0
client,req_cqe_error,5,6,1
client,resp_cqe_error,0,0,0
client,req_cqe_flush_error,0,0,0
client,resp_cqe_flush_error,0,0,0
client,req_remote_invalid_request,0,0,0
client,req_remote_access_errors,0,0,0
client,resp_remote_access_errors,0,0,0
client,resp_local_length_error,0,0,0
client,duplicate_request,0,0,0
client,out_of_buffer,783,783,0
client,rx_icrc_encapsulated,0,0,0
client,req_transport_retries_exceeded,0,0,0
client,req_rnr_retries_exceeded,0,0,0
client,roce_adp_retrans,0,0,0
client,roce_adp_retrans_to,0,0,0
client,roce_slow_restart,0,0,0
client,port_rcv_errors,0,0,0
client,local_link_integrity_errors,0,0,0
client,link_error_recovery,0,0,0
client,link_downed,0,0,0
# LOC_PROT_LEN,trial=6,status=4,vendor_err=0x53,latency_us=1665
client,local_ack_timeout_err,0,0,0
client,out_of_sequence,1,1,0
client,packet_seq_err,0,0,0
client,implied_nak_seq_err,0,0,0
client,rnr_nak_retry_err,0,0,0
client,req_cqe_error,6,7,1
client,resp_cqe_error,0,0,0
client,req_cqe_flush_error,0,0,0
client,resp_cqe_flush_error,0,0,0
client,req_remote_invalid_request,0,0,0
client,req_remote_access_errors,0,0,0
client,resp_remote_access_errors,0,0,0
client,resp_local_length_error,0,0,0
client,duplicate_request,0,0,0
client,out_of_buffer,783,783,0
client,rx_icrc_encapsulated,0,0,0
client,req_transport_retries_exceeded,0,0,0
client,req_rnr_retries_exceeded,0,0,0
client,roce_adp_retrans,0,0,0
client,roce_adp_retrans_to,0,0,0
client,roce_slow_restart,0,0,0
client,port_rcv_errors,0,0,0
client,local_link_integrity_errors,0,0,0
client,link_error_recovery,0,0,0
client,link_downed,0,0,0
# LOC_PROT_LEN,trial=7,status=4,vendor_err=0x53,latency_us=1692
client,local_ack_timeout_err,0,0,0
client,out_of_sequence,1,1,0
client,packet_seq_err,0,0,0
client,implied_nak_seq_err,0,0,0
client,rnr_nak_retry_err,0,0,0
client,req_cqe_error,7,8,1
client,resp_cqe_error,0,0,0
client,req_cqe_flush_error,0,0,0
client,resp_cqe_flush_error,0,0,0
client,req_remote_invalid_request,0,0,0
client,req_remote_access_errors,0,0,0
client,resp_remote_access_errors,0,0,0
client,resp_local_length_error,0,0,0
client,duplicate_request,0,0,0
client,out_of_buffer,783,783,0
client,rx_icrc_encapsulated,0,0,0
client,req_transport_retries_exceeded,0,0,0
client,req_rnr_retries_exceeded,0,0,0
client,roce_adp_retrans,0,0,0
client,roce_adp_retrans_to,0,0,0
client,roce_slow_restart,0,0,0
client,port_rcv_errors,0,0,0
client,local_link_integrity_errors,0,0,0
client,link_error_recovery,0,0,0
client,link_downed,0,0,0
# LOC_PROT_LEN,trial=8,status=4,vendor_err=0x53,latency_us=1688
client,local_ack_timeout_err,0,0,0
client,out_of_sequence,1,1,0
client,packet_seq_err,0,0,0
client,implied_nak_seq_err,0,0,0
client,rnr_nak_retry_err,0,0,0
client,req_cqe_error,8,9,1
client,resp_cqe_error,0,0,0
client,req_cqe_flush_error,0,0,0
client,resp_cqe_flush_error,0,0,0
client,req_remote_invalid_request,0,0,0
client,req_remote_access_errors,0,0,0
client,resp_remote_access_errors,0,0,0
client,resp_local_length_error,0,0,0
client,duplicate_request,0,0,0
client,out_of_buffer,783,783,0
client,rx_icrc_encapsulated,0,0,0
client,req_transport_retries_exceeded,0,0,0
client,req_rnr_retries_exceeded,0,0,0
client,roce_adp_retrans,0,0,0
client,roce_adp_retrans_to,0,0,0
client,roce_slow_restart,0,0,0
client,port_rcv_errors,0,0,0
client,local_link_integrity_errors,0,0,0
client,link_error_recovery,0,0,0
client,link_downed,0,0,0
# LOC_PROT_LEN,trial=9,status=4,vendor_err=0x53,latency_us=1694
client,local_ack_timeout_err,0,0,0
client,out_of_sequence,1,1,0
client,packet_seq_err,0,0,0
client,implied_nak_seq_err,0,0,0
client,rnr_nak_retry_err,0,0,0
client,req_cqe_error,9,10,1
client,resp_cqe_error,0,0,0
client,req_cqe_flush_error,0,0,0
client,resp_cqe_flush_error,0,0,0
client,req_remote_invalid_request,0,0,0
client,req_remote_access_errors,0,0,0
client,resp_remote_access_errors,0,0,0
client,resp_local_length_error,0,0,0
client,duplicate_request,0,0,0
client,out_of_buffer,783,783,0
client,rx_icrc_encapsulated,0,0,0
client,req_transport_retries_exceeded,0,0,0
client,req_rnr_retries_exceeded,0,0,0
client,roce_adp_retrans,0,0,0
client,roce_adp_retrans_to,0,0,0
client,roce_slow_restart,0,0,0
client,port_rcv_errors,0,0,0
client,local_link_integrity_errors,0,0,0
client,link_error_recovery,0,0,0
client,link_downed,0,0,0
