nvshmem-ibgda,unknown,none,timeout,1,0,unknown,ok,n/a,0,exit255,na,none,n/a,na,clean,pe0_rc=255;pe1_rc=255,na,na,na,na
nvshmem-ibgda,unknown,none,timeout,2,0,unknown,ok,n/a,0,exit255,na,none,n/a,na,clean,pe0_rc=255;pe1_rc=255,na,na,na,na
nvshmem-ibgda,unknown,F2b,timeout,1,0,unknown,ok,n/a,0,exit255,na,none,n/a,na,clean,pe0_rc=255;pe1_rc=255,na,na,na,na
nvshmem-ibgda,unknown,F2b,timeout,2,0,unknown,ok,n/a,0,exit255,na,none,n/a,na,clean,pe0_rc=255;pe1_rc=255,na,na,na,na
nvshmem-ibgda,unknown,F2b,timeout,3,0,unknown,ok,n/a,0,exit255,na,none,n/a,na,clean,pe0_rc=255;pe1_rc=255,na,na,na,na
nvshmem-ibgda,unknown,F1,timeout,1,0,unknown,ok,n/a,0,exit255,na,none,n/a,na,clean,pe0_rc=255;pe1_rc=255,na,na,na,na
nvshmem-ibgda,unknown,F1,timeout,2,0,unknown,ok,n/a,0,exit255,na,none,n/a,na,clean,pe0_rc=255;pe1_rc=255,na,na,na,na
nvshmem-ibgda,unknown,F1,timeout,3,0,unknown,ok,n/a,0,exit255,na,none,n/a,na,clean,pe0_rc=255;pe1_rc=255,na,na,na,na
nvshmem-ibgda,unknown,F3,timeout,1,0,unknown,ok,n/a,0,exit255,na,none,n/a,na,clean,pe0_rc=255;pe1_rc=255,na,na,na,na
nvshmem-ibgda,unknown,F3,timeout,2,0,unknown,ok,n/a,0,exit255,na,none,n/a,na,clean,pe0_rc=255;pe1_rc=255,na,na,na,na
nvshmem-ibgda,unknown,F3,timeout,3,0,unknown,ok,n/a,0,exit255,na,none,n/a,na,clean,pe0_rc=255;pe1_rc=255,na,na,na,na
nvshmem-ibgda,unknown,F2b,blocking,1,0,unknown,ok,n/a,0,exit255,na,none,n/a,na,clean,pe0_rc=255;pe1_rc=255,na,na,na,na
