fault,iter,recovery,detect_ns,status,status_name,vendor_err,cause,action,peer_alive,auto_recoverable,recover_ns,verify_ok,bytes_sent_psn,sq_psn_delta,bytes_landed_readback,matching_bytes_total,mtu_bytes,counter,cnt_delta,sub_cause,peer_rx_delta
partial_write,0,full_rebuild,358082,5,Work Request Flushed Error,0xf5,"WR flushed (local QP left RTS, e.g. forced ERR)","drain CQ, QP-only recover, repost",1,1,1917555,1,1146880,280,1146880,1146880,4096,roce_adp_retrans,0,-,-1
partial_write,1,full_rebuild,349601,5,Work Request Flushed Error,0xf5,"WR flushed (local QP left RTS, e.g. forced ERR)","drain CQ, QP-only recover, repost",1,1,1798051,1,1146880,280,1146880,1146880,4096,roce_adp_retrans,0,-,-1
partial_write,2,full_rebuild,339791,5,Work Request Flushed Error,0xf5,"WR flushed (local QP left RTS, e.g. forced ERR)","drain CQ, QP-only recover, repost",1,1,1824792,1,1118208,273,1118208,1118208,4096,roce_adp_retrans,0,-,-1
partial_write,3,full_rebuild,345780,5,Work Request Flushed Error,0xf5,"WR flushed (local QP left RTS, e.g. forced ERR)","drain CQ, QP-only recover, repost",1,1,1806647,1,1167360,285,1167360,1167360,4096,roce_adp_retrans,0,-,-1
partial_write,4,full_rebuild,344211,5,Work Request Flushed Error,0xf5,"WR flushed (local QP left RTS, e.g. forced ERR)","drain CQ, QP-only recover, repost",1,1,1831506,1,1150976,281,1150976,1150976,4096,roce_adp_retrans,0,-,-1
partial_write,5,full_rebuild,346129,5,Work Request Flushed Error,0xf5,"WR flushed (local QP left RTS, e.g. forced ERR)","drain CQ, QP-only recover, repost",1,1,1808513,1,1122304,274,1122304,1122304,4096,roce_adp_retrans,0,-,-1
partial_write,6,full_rebuild,339150,5,Work Request Flushed Error,0xf5,"WR flushed (local QP left RTS, e.g. forced ERR)","drain CQ, QP-only recover, repost",1,1,1819324,1,1114112,272,1114112,1114112,4096,roce_adp_retrans,0,-,-1
partial_write,7,full_rebuild,339938,5,Work Request Flushed Error,0xf5,"WR flushed (local QP left RTS, e.g. forced ERR)","drain CQ, QP-only recover, repost",1,1,1803810,1,1118208,273,1118208,1118208,4096,roce_adp_retrans,0,-,-1
partial_write,8,full_rebuild,374167,5,Work Request Flushed Error,0xf5,"WR flushed (local QP left RTS, e.g. forced ERR)","drain CQ, QP-only recover, repost",1,1,1837990,1,1175552,287,1175552,1175552,4096,roce_adp_retrans,0,-,-1
partial_write,9,full_rebuild,349333,5,Work Request Flushed Error,0xf5,"WR flushed (local QP left RTS, e.g. forced ERR)","drain CQ, QP-only recover, repost",1,1,1796774,1,1134592,277,1134592,1134592,4096,roce_adp_retrans,0,-,-1
partial_write,10,full_rebuild,346629,5,Work Request Flushed Error,0xf5,"WR flushed (local QP left RTS, e.g. forced ERR)","drain CQ, QP-only recover, repost",1,1,1815832,1,1122304,274,1122304,1122304,4096,roce_adp_retrans,0,-,-1
partial_write,11,full_rebuild,340371,5,Work Request Flushed Error,0xf5,"WR flushed (local QP left RTS, e.g. forced ERR)","drain CQ, QP-only recover, repost",1,1,1796653,1,1142784,279,1142784,1142784,4096,roce_adp_retrans,0,-,-1
partial_write,12,full_rebuild,390487,5,Work Request Flushed Error,0xf5,"WR flushed (local QP left RTS, e.g. forced ERR)","drain CQ, QP-only recover, repost",1,1,1852482,1,1171456,286,1171456,1171456,4096,roce_adp_retrans,0,-,-1
partial_write,13,full_rebuild,339304,5,Work Request Flushed Error,0xf5,"WR flushed (local QP left RTS, e.g. forced ERR)","drain CQ, QP-only recover, repost",1,1,1815969,1,1130496,276,1130496,1130496,4096,roce_adp_retrans,0,-,-1
partial_write,14,full_rebuild,341387,5,Work Request Flushed Error,0xf5,"WR flushed (local QP left RTS, e.g. forced ERR)","drain CQ, QP-only recover, repost",1,1,1825574,1,1142784,279,1142784,1142784,4096,roce_adp_retrans,0,-,-1
partial_write,15,full_rebuild,346829,5,Work Request Flushed Error,0xf5,"WR flushed (local QP left RTS, e.g. forced ERR)","drain CQ, QP-only recover, repost",1,1,1808258,1,1130496,276,1130496,1130496,4096,roce_adp_retrans,0,-,-1
partial_write,16,full_rebuild,345989,5,Work Request Flushed Error,0xf5,"WR flushed (local QP left RTS, e.g. forced ERR)","drain CQ, QP-only recover, repost",1,1,1830784,1,1122304,274,1122304,1122304,4096,roce_adp_retrans,0,-,-1
partial_write,17,full_rebuild,368168,5,Work Request Flushed Error,0xf5,"WR flushed (local QP left RTS, e.g. forced ERR)","drain CQ, QP-only recover, repost",1,1,1794908,1,1126400,275,1126400,1126400,4096,roce_adp_retrans,0,-,-1
partial_write,18,full_rebuild,347188,5,Work Request Flushed Error,0xf5,"WR flushed (local QP left RTS, e.g. forced ERR)","drain CQ, QP-only recover, repost",1,1,1809972,1,1126400,275,1126400,1126400,4096,roce_adp_retrans,0,-,-1
partial_write,19,full_rebuild,340064,5,Work Request Flushed Error,0xf5,"WR flushed (local QP left RTS, e.g. forced ERR)","drain CQ, QP-only recover, repost",1,1,1794950,1,1118208,273,1118208,1118208,4096,roce_adp_retrans,0,-,-1
partial_write,20,full_rebuild,338764,5,Work Request Flushed Error,0xf5,"WR flushed (local QP left RTS, e.g. forced ERR)","drain CQ, QP-only recover, repost",1,1,1848034,1,1122304,274,1122304,1122304,4096,roce_adp_retrans,0,-,-1
partial_write,21,full_rebuild,351011,5,Work Request Flushed Error,0xf5,"WR flushed (local QP left RTS, e.g. forced ERR)","drain CQ, QP-only recover, repost",1,1,1786292,1,1142784,279,1142784,1142784,4096,roce_adp_retrans,0,-,-1
partial_write,22,full_rebuild,346745,5,Work Request Flushed Error,0xf5,"WR flushed (local QP left RTS, e.g. forced ERR)","drain CQ, QP-only recover, repost",1,1,1832357,1,1126400,275,1126400,1126400,4096,roce_adp_retrans,0,-,-1
partial_write,23,full_rebuild,348656,5,Work Request Flushed Error,0xf5,"WR flushed (local QP left RTS, e.g. forced ERR)","drain CQ, QP-only recover, repost",1,1,1795020,1,1122304,274,1122304,1122304,4096,roce_adp_retrans,0,-,-1
partial_write,24,full_rebuild,365077,5,Work Request Flushed Error,0xf5,"WR flushed (local QP left RTS, e.g. forced ERR)","drain CQ, QP-only recover, repost",1,1,1828410,1,1134592,277,1134592,1134592,4096,roce_adp_retrans,0,-,-1
partial_write,25,full_rebuild,363889,5,Work Request Flushed Error,0xf5,"WR flushed (local QP left RTS, e.g. forced ERR)","drain CQ, QP-only recover, repost",1,1,1798798,1,1110016,271,1110016,1110016,4096,roce_adp_retrans,0,-,-1
partial_write,26,full_rebuild,366757,5,Work Request Flushed Error,0xf5,"WR flushed (local QP left RTS, e.g. forced ERR)","drain CQ, QP-only recover, repost",1,1,1806504,1,1118208,273,1118208,1118208,4096,roce_adp_retrans,0,-,-1
partial_write,27,full_rebuild,389335,5,Work Request Flushed Error,0xf5,"WR flushed (local QP left RTS, e.g. forced ERR)","drain CQ, QP-only recover, repost",1,1,1792923,1,1134592,277,1134592,1134592,4096,roce_adp_retrans,0,-,-1
partial_write,28,full_rebuild,386928,5,Work Request Flushed Error,0xf5,"WR flushed (local QP left RTS, e.g. forced ERR)","drain CQ, QP-only recover, repost",1,1,1859964,1,1114112,272,1114112,1114112,4096,roce_adp_retrans,0,-,-1
partial_write,29,full_rebuild,385985,5,Work Request Flushed Error,0xf5,"WR flushed (local QP left RTS, e.g. forced ERR)","drain CQ, QP-only recover, repost",1,1,1796377,1,1126400,275,1126400,1126400,4096,roce_adp_retrans,0,-,-1
