iter,retry_cnt,qp_timeout,rnr_retry,t0_ns,t_ack_ns,t1_ns,t2_ns,t1_t0_ms,t2_t1_ms,t2_t0_ms,tcp_rtt_ms,success_after_inject,wc_status
0,0,8,7,1468083662568757,1468083663368264,1468083663371980,1468084202120743,0.803,538.749,539.552,0.800,4,12
1,0,8,7,1468084310473868,1468084311933173,1468084311943276,1468084738999008,1.469,427.056,428.525,1.459,4,12
2,0,8,7,1468084847170285,1468084848547417,1468084848557332,1468085275863903,1.387,427.307,428.694,1.377,4,12
3,0,8,7,1468085382606236,1468085384093115,1468085384099750,1468085812738759,1.494,428.639,430.133,1.487,4,12
4,0,8,7,1468085919310648,1468085920788652,1468085920798444,1468086349609015,1.488,428.811,430.298,1.478,4,12
5,0,8,7,1468086456159019,1468086457498274,1468086457505146,1468086886482599,1.346,428.977,430.324,1.339,4,12
6,0,8,7,1468086992920768,1468086994596992,1468086994606335,1468087423353587,1.686,428.747,430.433,1.676,4,12
7,0,8,7,1468087530239660,1468087531485208,1468087531495193,1468087960227976,1.256,428.733,429.988,1.246,4,12
8,0,8,7,1468088066705399,1468088068326748,1468088068336977,1468088497099024,1.632,428.762,430.394,1.621,4,12
9,0,8,7,1468088604512063,1468088605573185,1468088605579927,1468089033970713,1.068,428.391,429.459,1.061,4,12
10,0,8,7,1468089170288567,1468089171627625,1468089171634466,1468089705070162,1.346,533.436,534.782,1.339,4,12
11,0,8,7,1468089810737305,1468089812098832,1468089812106587,1468090241938835,1.369,429.832,431.202,1.362,4,12
12,0,8,7,1468090348851884,1468090349945622,1468090349952300,1468090778810378,1.100,428.858,429.958,1.094,4,12
13,0,8,7,1468090885080444,1468090886254715,1468090886261503,1468091315679283,1.181,429.418,430.599,1.174,4,12
14,0,8,7,1468091422159732,1468091423362785,1468091423369528,1468091852554770,1.210,429.185,430.395,1.203,4,12
15,0,8,7,1468091959901007,1468091961225916,1468091961231876,1468092389425141,1.331,428.193,429.524,1.325,4,12
16,0,8,7,1468092496165701,1468092497685998,1468092497692771,1468092926297660,1.527,428.605,430.132,1.520,4,12
17,0,8,7,1468093034134480,1468093035585981,1468093035592590,1468093463171007,1.458,427.578,429.037,1.452,4,12
18,0,8,7,1468093570225790,1468093571752438,1468093571759217,1468094000042760,1.533,428.284,429.817,1.527,4,12
19,0,8,7,1468094106691861,1468094138075514,1468094138085559,1468094671134750,31.394,533.049,564.443,31.384,4,12
20,0,8,7,1468094777717122,1468094778938517,1468094778941852,1468095208005918,1.225,429.064,430.289,1.221,4,12
21,0,8,7,1468095314600956,1468095315974902,1468095315981731,1468095744882191,1.381,428.900,430.281,1.374,4,12
22,0,8,7,1468095851627744,1468095852876125,1468095852882916,1468096281751132,1.255,428.868,430.123,1.248,4,12
23,0,8,7,1468096388496001,1468096389773375,1468096389780056,1468096818625492,1.284,428.845,430.129,1.277,4,12
24,0,8,7,1468096925217340,1468096926537702,1468096926546272,1468097355496000,1.329,428.950,430.279,1.320,4,12
25,0,8,7,1468097461936688,1468097462904671,1468097462911347,1468097892368840,0.975,429.457,430.432,0.968,4,12
26,0,8,7,1468097998395966,1468097999619804,1468097999626887,1468098429240326,1.231,429.613,430.844,1.224,4,12
27,0,8,7,1468098536950422,1468098538342206,1468098538349269,1468098966114536,1.399,427.765,429.164,1.392,4,12
28,0,8,7,1468099072652730,1468099073859199,1468099073865984,1468099502986175,1.213,429.120,430.333,1.206,4,12
29,0,8,7,1468099638364042,1468099639449962,1468099639456524,1468100174076684,1.092,534.620,535.713,1.086,4,12
0,1,8,7,1468101197968306,1468101198366736,1468101198369645,1468101650482791,0.401,452.113,452.514,0.398,4,12
1,1,8,7,1468101756504255,1468101757500820,1468101757507538,1468102187352414,1.003,429.845,430.848,0.997,4,12
2,1,8,7,1468102293321375,1468102294218955,1468102294225402,1468102724222775,0.904,429.997,430.901,0.898,4,12
3,1,8,7,1468102830273949,1468102831414931,1468102831421745,1468103261097775,1.148,429.676,430.824,1.141,4,12
4,1,8,7,1468103366985330,1468103368103482,1468103368110045,1468103797968346,1.125,429.858,430.983,1.118,4,12
5,1,8,7,1468103903703613,1468103904810053,1468103904820226,1468104334838020,1.117,430.018,431.134,1.106,4,12
6,1,8,7,1468104440604469,1468104441735403,1468104441742144,1468104871711687,1.138,429.970,431.107,1.131,4,12
7,1,8,7,1468104977574745,1468104978661732,1468104978668357,1468105408586281,1.094,429.918,431.012,1.087,4,12
8,1,8,7,1468105514362279,1468105515333737,1468105515340388,1468105945460536,0.978,430.120,431.098,0.971,4,12
9,1,8,7,1468106051822723,1468106052850275,1468106052856940,1468106482327919,1.034,429.471,430.505,1.028,4,12
10,1,8,7,1468106587672194,1468106588570605,1468106588577325,1468107019201668,0.905,430.624,431.529,0.898,4,12
11,1,8,7,1468107124693934,1468107125732040,1468107125738630,1468107556074174,1.045,430.336,431.380,1.038,4,12
12,1,8,7,1468107661620796,1468107662653911,1468107662660694,1468108092945145,1.040,430.284,431.324,1.033,4,12
13,1,8,7,1468108198690974,1468108199524407,1468108199531108,1468108629818405,0.840,430.287,431.127,0.833,4,12
14,1,8,7,1468108736131834,1468108737047672,1468108737054461,1468109166690518,0.923,429.636,430.559,0.916,4,12
15,1,8,7,1468109272402303,1468109273380954,1468109273387739,1468109703565599,0.985,430.178,431.163,0.979,4,12
16,1,8,7,1468109809068535,1468109810214499,1468109810221221,1468110240436842,1.153,430.216,431.368,1.146,4,12
17,1,8,7,1468110346098106,1468110347024187,1468110347027616,1468110777309750,0.930,430.282,431.212,0.926,4,12
18,1,8,7,1468110883467616,1468110884563308,1468110884570042,1468111314180652,1.102,429.611,430.713,1.096,4,12
19,1,8,7,1468111419901239,1468111421091300,1468111421098078,1468111851055536,1.197,429.957,431.154,1.190,4,12
20,1,8,7,1468111957243793,1468111958449671,1468111958456338,1468112387930137,1.213,429.474,430.686,1.206,4,12
21,1,8,7,1468112494201092,1468112495203829,1468112495210509,1468112924798844,1.009,429.588,430.598,1.003,4,12
22,1,8,7,1468113030975495,1468113032064882,1468113032071514,1468113461670194,1.096,429.599,430.695,1.089,4,12
23,1,8,7,1468113567715896,1468113568850020,1468113568856723,1468113998543349,1.141,429.687,430.827,1.134,4,12
24,1,8,7,1468114104267885,1468114105276678,1468114105283436,1468114535415222,1.016,430.132,431.147,1.009,4,12
25,1,8,7,1468114641700383,1468114642840551,1468114642847667,1468115072287025,1.147,429.439,430.587,1.140,4,12
26,1,8,7,1468115178852403,1468115179920769,1468115179932246,1468115609161079,1.080,429.229,430.309,1.068,4,12
27,1,8,7,1468115715347589,1468115716324508,1468115716331178,1468116146032650,0.984,429.701,430.685,0.977,4,12
28,1,8,7,1468116251793784,1468116252776118,1468116252782802,1468116682906888,0.989,430.124,431.113,0.982,4,12
29,1,8,7,1468116788903975,1468116790042774,1468116790049457,1468117219777768,1.145,429.728,430.874,1.139,4,12
0,2,8,7,1468118243651322,1468118244114084,1468118244116967,1468119098834212,0.466,854.717,855.183,0.463,4,12
1,2,8,7,1468119205897232,1468119207225878,1468119207232531,1468120172582508,1.335,965.350,966.685,1.329,4,12
2,2,8,7,1468120279057863,1468120280364154,1468120280367034,1468121246323037,1.309,965.956,967.265,1.306,4,12
3,2,8,7,1468121352536477,1468121353835563,1468121353842241,1468122320067706,1.306,966.225,967.531,1.299,4,12
4,2,8,7,1468122426094939,1468122427392749,1468122427397109,1468123393813477,1.302,966.416,967.719,1.298,4,12
5,2,8,7,1468123499716285,1468123500876983,1468123500883692,1468124467557837,1.167,966.674,967.842,1.161,4,12
6,2,8,7,1468124573955767,1468124575117391,1468124575124085,1468125541303338,1.168,966.179,967.348,1.162,4,12
7,2,8,7,1468125676269558,1468125677691526,1468125677701859,1468126615047216,1.432,937.345,938.778,1.422,4,12
8,2,8,7,1468126721214972,1468126722514603,1468126722521684,1468127688801040,1.307,966.279,967.586,1.300,4,12
9,2,8,7,1468127794875553,1468127796137104,1468127796143751,1468128762539496,1.268,966.396,967.664,1.262,4,12
10,2,8,7,1468128869141118,1468128870314862,1468128870321630,1468129836284697,1.181,965.963,967.144,1.174,4,12
11,2,8,7,1468129942300355,1468129943685900,1468129943692754,1468130910032358,1.392,966.340,967.732,1.386,4,12
12,2,8,7,1468131046218394,1468131047460831,1468131047467726,1468131983776299,1.249,936.309,937.558,1.242,4,12
13,2,8,7,1468132089814029,1468132091053732,1468132091060602,1468133057519283,1.247,966.459,967.705,1.240,4,12
14,2,8,7,1468133163434756,1468133164615789,1468133164622594,1468134131264855,1.188,966.642,967.830,1.181,4,12
15,2,8,7,1468134237374168,1468134238687043,1468134238693819,1468135205007626,1.320,966.314,967.633,1.313,4,12
16,2,8,7,1468135311198256,1468135312360791,1468135312367654,1468136278752709,1.169,966.385,967.554,1.163,4,12
17,2,8,7,1468136386228299,1468136387563583,1468136387570411,1468137352495851,1.342,964.925,966.268,1.335,4,12
18,2,8,7,1468137457957859,1468137458930235,1468137458936818,1468138426241490,0.979,967.305,968.284,0.972,4,12
19,2,8,7,1468138532465237,1468138533663585,1468138533670206,1468139499986140,1.205,966.316,967.521,1.198,4,12
20,2,8,7,1468139606081113,1468139607330139,1468139607337495,1468140573731445,1.256,966.394,967.650,1.249,4,12
21,2,8,7,1468140679194346,1468140680567637,1468140680577158,1468141647476789,1.383,966.900,968.282,1.373,4,12
22,2,8,7,1468141755068073,1468141755939319,1468141755945993,1468142721227596,0.878,965.282,966.160,0.871,4,12
23,2,8,7,1468142827137415,1468142828225498,1468142828233068,1468143794969379,1.096,966.736,967.832,1.088,4,12
24,2,8,7,1468143901525259,1468143902710718,1468143902717355,1468144868711851,1.192,965.994,967.187,1.185,4,12
25,2,8,7,1468144975627724,1468144976870396,1468144976877004,1468145942461295,1.249,965.584,966.834,1.243,4,12
26,2,8,7,1468146049988744,1468146051279137,1468146051285913,1468147016200369,1.297,964.914,966.212,1.290,4,12
27,2,8,7,1468147123839702,1468147125042041,1468147125049004,1468148089948911,1.209,964.900,966.109,1.202,4,12
28,2,8,7,1468148195919433,1468148197216629,1468148197223484,1468149163691671,1.304,966.468,967.772,1.297,4,12
29,2,8,7,1468149269373201,1468149270515050,1468149270519593,1468150237435424,1.146,966.916,968.062,1.142,4,12
0,3,8,7,1468151263582401,1468151264154035,1468151264157826,1468152653362350,0.575,1389.205,1389.780,0.572,4,12
1,3,8,7,1468152760176956,1468152761385114,1468152761388160,1468154263983150,1.211,1502.595,1503.806,1.208,4,12
2,3,8,7,1468154370298614,1468154371554510,1468154371557418,1468155874598959,1.259,1503.042,1504.300,1.256,4,12
3,3,8,7,1468155982105614,1468155983036948,1468155983043532,1468157485213767,0.938,1502.170,1503.108,0.931,4,12
4,3,8,7,1468157591919628,1468157593334510,1468157593346851,1468159095831143,1.427,1502.484,1503.912,1.415,4,12
5,3,8,7,1468159202970522,1468159204206300,1468159204220124,1468160706448967,1.250,1502.229,1503.478,1.236,4,12
6,3,8,7,1468160812768111,1468160813904396,1468160813907367,1468162317065575,1.139,1503.158,1504.297,1.136,4,12
7,3,8,7,1468162423535418,1468162424528789,1468162424535554,1468163927685076,1.000,1503.150,1504.150,0.993,4,12
8,3,8,7,1468164034558974,1468164035941477,1468164035951330,1468165538299085,1.392,1502.348,1503.740,1.383,4,12
9,3,8,7,1468165643880733,1468165645048614,1468165645056180,1468167148917545,1.175,1503.861,1505.037,1.168,4,12
10,3,8,7,1468167254198766,1468167255287039,1468167255293676,1468168759534961,1.095,1504.241,1505.336,1.088,4,12
11,3,8,7,1468168865564307,1468168866530505,1468168866533683,1468170370151554,0.969,1503.618,1504.587,0.966,4,12
12,3,8,7,1468170476506801,1468170477846388,1468170477856342,1468171980771048,1.350,1502.915,1504.264,1.340,4,12
13,3,8,7,1468172088034527,1468172089295857,1468172089302516,1468173591386163,1.268,1502.084,1503.352,1.261,4,12
14,3,8,7,1468173697253091,1468173698530743,1468173698537254,1468175202002380,1.284,1503.465,1504.749,1.278,4,12
15,3,8,7,1468175308169415,1468175309360289,1468175309367275,1468176812621124,1.198,1503.254,1504.452,1.191,4,12
16,3,8,7,1468176918429144,1468176919637659,1468176919644248,1468178423236722,1.215,1503.592,1504.808,1.209,4,12
17,3,8,7,1468178528923957,1468178530122489,1468178530129631,1468180033858774,1.206,1503.729,1504.935,1.199,4,12
18,3,8,7,1468180139828906,1468180140751004,1468180140754269,1468181644472409,0.925,1503.718,1504.644,0.922,4,12
19,3,8,7,1468181750997638,1468181752184719,1468181752191318,1468183255088349,1.194,1502.897,1504.091,1.187,4,12
20,3,8,7,1468183361383028,1468183362706498,1468183362713948,1468184865706535,1.331,1502.993,1504.324,1.323,4,12
21,3,8,7,1468184971488159,1468184972731325,1468184972738109,1468186476322938,1.250,1503.585,1504.835,1.243,4,12
22,3,8,7,1468186582534112,1468186583466081,1468186583472801,1468188086943603,0.939,1503.471,1504.409,0.932,4,12
23,3,8,7,1468188193735443,1468188195110141,1468188195119620,1468189697558811,1.384,1502.439,1503.823,1.375,4,12
24,3,8,7,1468189803782359,1468189804993310,1468189804999938,1468191308178257,1.218,1503.178,1504.396,1.211,4,12
25,3,8,7,1468191415119989,1468191415983142,1468191415989648,1468192918792844,0.870,1502.803,1503.673,0.863,4,12
26,3,8,7,1468193024557714,1468193025409468,1468193025412493,1468194529408856,0.855,1503.996,1504.851,0.852,4,12
27,3,8,7,1468194635400862,1468194636397848,1468194636404624,1468196140033814,1.004,1503.629,1504.633,0.997,4,12
28,3,8,7,1468196246245674,1468196247504677,1468196247511514,1468197750647369,1.266,1503.136,1504.402,1.259,4,12
29,3,8,7,1468197856606358,1468197857785567,1468197857792109,1468199361259914,1.186,1503.468,1504.654,1.179,4,12
0,4,8,7,1468200384773043,1468200385180202,1468200385184252,1468202314062690,0.411,1928.878,1929.290,0.407,4,12
1,4,8,7,1468202419720368,1468202420685251,1468202420688270,1468204461547271,0.968,2040.859,2041.827,0.965,4,12
2,4,8,7,1468204567259527,1468204568531763,1468204568538477,1468206609036388,1.279,2040.498,2041.777,1.272,4,12
3,4,8,7,1468206714952959,1468206715985065,1468206715991896,1468208756532438,1.039,2040.541,2041.579,1.032,4,12
4,4,8,7,1468208862090914,1468208863307982,1468208863314661,1468210904016803,1.224,2040.702,2041.926,1.217,4,12
5,4,8,7,1468211009967773,1468211010948118,1468211010954899,1468213051506770,0.987,2040.552,2041.539,0.980,4,12
6,4,8,7,1468213157043177,1468213158257417,1468213158264015,1468215198998839,1.221,2040.735,2041.956,1.214,4,12
7,4,8,7,1468215304615643,1468215305963682,1468215305973008,1468217346484563,1.357,2040.512,2041.869,1.348,4,12
8,4,8,7,1468217452411344,1468217453795896,1468217453802464,1468219493973582,1.391,2040.171,2041.562,1.385,4,12
9,4,8,7,1468219600438356,1468219601932316,1468219601941895,1468221641464298,1.504,2039.522,2041.026,1.494,4,12
10,4,8,7,1468221747809145,1468221748997894,1468221749040886,1468223788955286,1.232,2039.914,2041.146,1.189,4,12
11,4,8,7,1468223895143119,1468223896565123,1468223896574759,1468225936442361,1.432,2039.868,2041.299,1.422,4,12
12,4,8,7,1468226042815857,1468226044346318,1468226044356107,1468228083934844,1.540,2039.579,2041.119,1.530,4,12
13,4,8,7,1468228191142016,1468228192597155,1468228192607938,1468230231420359,1.466,2038.812,2040.278,1.455,4,12
14,4,8,7,1468230337412518,1468230338937916,1468230338947692,1468232378909489,1.535,2039.962,2041.497,1.525,4,12
15,4,8,7,1468232485658776,1468232486789110,1468232486795943,1468234526399829,1.137,2039.604,2040.741,1.130,4,12
16,4,8,7,1468234632486285,1468234633724088,1468234633734007,1468236673890656,1.248,2040.157,2041.404,1.238,4,12
17,4,8,7,1468236780158912,1468236781563485,1468236781570250,1468238821377814,1.411,2039.808,2041.219,1.405,4,12
18,4,8,7,1468238927558802,1468238928826071,1468238928828996,1468240968867471,1.270,2040.038,2041.309,1.267,4,12
19,4,8,7,1468241075474948,1468241076930906,1468241076937720,1468243116355679,1.463,2039.418,2040.881,1.456,4,12
20,4,8,7,1468243222712223,1468243223981041,1468243223987831,1468245263846590,1.276,2039.859,2041.134,1.269,4,12
21,4,8,7,1468245370488450,1468245371801478,1468245371808168,1468247411335560,1.320,2039.527,2040.847,1.313,4,12
22,4,8,7,1468247517341755,1468247518318326,1468247518324860,1468249558828966,0.983,2040.504,2041.487,0.977,4,12
23,4,8,7,1468249663559711,1468249664873793,1468249664880408,1468251706317478,1.321,2041.437,2042.758,1.314,4,12
24,4,8,7,1468251812083672,1468251813153588,1468251813160220,1468253853803583,1.077,2040.643,2041.720,1.070,4,12
25,4,8,7,1468253989115827,1468253990235819,1468253990248170,1468256001295789,1.132,2011.048,2012.180,1.120,4,12
26,4,8,7,1468256106997303,1468256108158332,1468256108165007,1468258148782260,1.168,2040.617,2041.785,1.161,4,12
27,4,8,7,1468258255165154,1468258256535213,1468258256541992,1468260296271330,1.377,2039.729,2041.106,1.370,4,12
28,4,8,7,1468260402688829,1468260404054723,1468260404061390,1468262443760628,1.373,2039.699,2041.072,1.366,4,12
29,4,8,7,1468262550223847,1468262551514356,1468262551525607,1468264591249352,1.302,2039.724,2041.026,1.291,4,12
0,5,8,7,1468265614786682,1468265615128624,1468265615131444,1468268080922342,0.345,2465.791,2466.136,0.342,4,12
1,5,8,7,1468268187245758,1468268188457864,1468268188464825,1468270765282230,1.219,2576.817,2578.036,1.212,4,12
2,5,8,7,1468270871213303,1468270872372021,1468270872375217,1468273449642480,1.162,2577.267,2578.429,1.159,4,12
3,5,8,7,1468273555434376,1468273556635297,1468273556642448,1468276134007298,1.208,2577.365,2578.573,1.201,4,12
4,5,8,7,1468276240071569,1468276241221410,1468276241227973,1468278818370333,1.156,2577.142,2578.299,1.150,4,12
5,5,8,7,1468278924712715,1468278925903153,1468278925910044,1468281502727541,1.197,2576.817,2578.015,1.190,4,12
6,5,8,7,1468281608089283,1468281609202777,1468281609209492,1468284187088750,1.120,2577.879,2578.999,1.113,4,12
7,5,8,7,1468284293633103,1468284294895065,1468284294901686,1468286871449997,1.269,2576.548,2577.817,1.262,4,12
8,5,8,7,1468286977505376,1468286978795886,1468286978802465,1468289555810307,1.297,2577.008,2578.305,1.291,4,12
9,5,8,7,1468289661461420,1468289662785471,1468289662791964,1468292240174110,1.331,2577.382,2578.713,1.324,4,12
10,5,8,7,1468292346441703,1468292347836343,1468292347846495,1468294924533598,1.405,2576.687,2578.092,1.395,4,12
11,5,8,7,1468295030272735,1468295031199881,1468295031202952,1468297608895676,0.930,2577.693,2578.623,0.927,4,12
12,5,8,7,1468297715075406,1468297715965645,1468297715972424,1468300293257939,0.897,2577.286,2578.183,0.890,4,12
13,5,8,7,1468300399555022,1468300400784798,1468300400791480,1468302977619146,1.236,2576.828,2578.064,1.230,4,12
14,5,8,7,1468303083803914,1468303085195571,1468303085205517,1468305661980435,1.402,2576.775,2578.177,1.392,4,12
15,5,8,7,1468305767912302,1468305768935701,1468305768939120,1468308346342150,1.027,2577.403,2578.430,1.023,4,12
16,5,8,7,1468308452366826,1468308453265673,1468308453272381,1468311030702786,0.906,2577.430,2578.336,0.899,4,12
17,5,8,7,1468311136894653,1468311138294832,1468311138304256,1468313715068459,1.410,2576.764,2578.174,1.400,4,12
18,5,8,7,1468313821304994,1468313822666632,1468313822678750,1468316399425747,1.374,2576.747,2578.121,1.362,4,12
19,5,8,7,1468316505830913,1468316506778010,1468316506784797,1468319083786663,0.954,2577.002,2577.956,0.947,4,12
20,5,8,7,1468319189678435,1468319190814402,1468319190821085,1468321768148375,1.143,2577.327,2578.470,1.136,4,12
21,5,8,7,1468321874091055,1468321875161556,1468321875170538,1468324452510306,1.079,2577.340,2578.419,1.071,4,12
22,5,8,7,1468324558762632,1468324560056098,1468324560063895,1468327136869862,1.301,2576.806,2578.107,1.293,4,12
23,5,8,7,1468327243145639,1468327244383814,1468327244387160,1468329821236728,1.242,2576.850,2578.091,1.238,4,12
24,5,8,7,1468329927055392,1468329928237066,1468329928243629,1468332505593505,1.188,2577.350,2578.538,1.182,4,12
25,5,8,7,1468332611214988,1468332612467706,1468332612474402,1468335189952879,1.259,2577.478,2578.738,1.253,4,12
26,5,8,7,1468335296243838,1468335297645122,1468335297654864,1468337874315495,1.411,2576.661,2578.072,1.401,4,12
27,5,8,7,1468337980310653,1468337981691751,1468337981701705,1468340558676753,1.391,2576.975,2578.366,1.381,4,12
28,5,8,7,1468340664570020,1468340665654696,1468340665664312,1468343243037900,1.094,2577.374,2578.468,1.085,4,12
29,5,8,7,1468343348911196,1468343349963185,1468343349973181,1468345927399586,1.062,2577.426,2578.488,1.052,4,12
0,6,8,7,1468346952226393,1468346952762338,1468346952765264,1468349953941485,0.539,3001.176,3001.715,0.536,4,12
1,6,8,7,1468350060457763,1468350061760616,1468350061770595,1468353175174425,1.313,3113.404,3114.717,1.303,4,12
2,6,8,7,1468353282563183,1468353283739138,1468353283745856,1468356396407778,1.183,3112.662,3113.845,1.176,4,12
3,6,8,7,1468356502944287,1468356504115935,1468356504122883,1468359617640952,1.179,3113.518,3114.697,1.172,4,12
4,6,8,7,1468359723978151,1468359725126222,1468359725133934,1468362838874834,1.156,3113.741,3114.897,1.148,4,12
5,6,8,7,1468362945616169,1468362946890874,1468362946897662,1468366060112196,1.281,3113.215,3114.496,1.275,4,12
6,6,8,7,1468366166172538,1468366167289615,1468366167296446,1468369281348764,1.124,3114.052,3115.176,1.117,4,12
7,6,8,7,1468369387215697,1468369388618326,1468369388628587,1468372502579011,1.413,3113.950,3115.363,1.403,4,12
8,6,8,7,1468372608557998,1468372610083179,1468372610093601,1468375723813443,1.536,3113.720,3115.255,1.525,4,12
9,6,8,7,1468375830233459,1468375831498775,1468375831505718,1468378945046956,1.272,3113.541,3114.813,1.265,4,12
10,6,8,7,1468379051156285,1468379052438814,1468379052448856,1468382166274134,1.293,3113.825,3115.118,1.283,4,12
11,6,8,7,1468382272704166,1468382274220102,1468382274230161,1468385387506713,1.526,3113.277,3114.803,1.516,4,12
12,6,8,7,1468385493712867,1468385494938186,1468385494941183,1468388608739218,1.228,3113.798,3115.026,1.225,4,12
13,6,8,7,1468388715256785,1468388716179183,1468388716186008,1468391829976919,0.929,3113.791,3114.720,0.922,4,12
14,6,8,7,1468391935725204,1468391937061097,1468391937070540,1468395051206529,1.345,3114.136,3115.481,1.336,4,12
15,6,8,7,1468395157756183,1468395159312029,1468395159321867,1468398272439796,1.566,3113.118,3114.684,1.556,4,12
16,6,8,7,1468398378840944,1468398380114177,1468398380120712,1468401493672454,1.280,3113.552,3114.832,1.273,4,12
17,6,8,7,1468401599520282,1468401600602773,1468401600609633,1468404714907429,1.089,3114.298,3115.387,1.082,4,12
18,6,8,7,1468404821227776,1468404822559999,1468404822566896,1468407936140988,1.339,3113.574,3114.913,1.332,4,12
19,6,8,7,1468408042909499,1468408044335052,1468408044345452,1468411157372618,1.436,3113.027,3114.463,1.426,4,12
20,6,8,7,1468411264483813,1468411265887136,1468411265893958,1468414378604920,1.410,3112.711,3114.121,1.403,4,12
21,6,8,7,1468414484753476,1468414486215398,1468414486225656,1468417599837134,1.472,3113.611,3115.084,1.462,4,12
22,6,8,7,1468417706279809,1468417707786125,1468417707796416,1468420821072612,1.517,3113.276,3114.793,1.506,4,12
23,6,8,7,1468420927713697,1468420929232444,1468420929243306,1468424042306923,1.530,3113.064,3114.593,1.519,4,12
24,6,8,7,1468424148986856,1468424150224455,1468424150231367,1468427263535923,1.245,3113.305,3114.549,1.238,4,12
25,6,8,7,1468427369979864,1468427371320393,1468427371327204,1468430484768843,1.347,3113.442,3114.789,1.341,4,12
26,6,8,7,1468430590730018,1468430592248773,1468430592255708,1468433706003354,1.526,3113.748,3115.273,1.519,4,12
27,6,8,7,1468433813187517,1468433814729205,1468433814738867,1468436927236888,1.551,3112.498,3114.049,1.542,4,12
28,6,8,7,1468437032922799,1468437034407435,1468437034417249,1468440148472032,1.494,3114.055,3115.549,1.485,4,12
29,6,8,7,1468440254378862,1468440255677883,1468440255684509,1468443369700720,1.306,3114.016,3115.322,1.299,4,12
0,7,8,7,1468444392063968,1468444392478838,1468444392481743,1468447933117849,0.418,3540.636,3541.054,0.415,4,12
1,7,8,7,1468448038904001,1468448039946788,1468448039956871,1468451691221761,1.053,3651.265,3652.318,1.043,4,12
2,7,8,7,1468451796896264,1468451797975926,1468451797982660,1468455449324615,1.086,3651.342,3652.428,1.080,4,12
3,7,8,7,1468455554621350,1468455555680685,1468455555687361,1468459207429529,1.066,3651.742,3652.808,1.059,4,12
4,7,8,7,1468459313107372,1468459314121458,1468459314128315,1468462965535023,1.021,3651.407,3652.428,1.014,4,12
5,7,8,7,1468463070916960,1468463071950532,1468463071957168,1468466723639657,1.040,3651.682,3652.723,1.034,4,12
6,7,8,7,1468466828986102,1468466830032445,1468466830039435,1468470481748439,1.053,3651.709,3652.762,1.046,4,12
7,7,8,7,1468470587801691,1468470588848122,1468470588854929,1468474239849743,1.053,3650.995,3652.048,1.046,4,12
8,7,8,7,1468474345648757,1468474346764958,1468474346774203,1468477997955579,1.125,3651.181,3652.307,1.116,4,12
9,7,8,7,1468478103474046,1468478104661721,1468478104668461,1468481756067479,1.194,3651.399,3652.593,1.188,4,12
10,7,8,7,1468481861839227,1468481863058507,1468481863068030,1468485514165111,1.229,3651.097,3652.326,1.219,4,12
11,7,8,7,1468485618926853,1468485620073312,1468485620079845,1468489272269515,1.153,3652.190,3653.343,1.146,4,12
12,7,8,7,1468489378589154,1468489379764889,1468489379771657,1468493030379460,1.183,3650.608,3651.790,1.176,4,12
13,7,8,7,1468493135957490,1468493137110810,1468493137117633,1468496788484169,1.160,3651.367,3652.527,1.153,4,12
14,7,8,7,1468496895112629,1468496896471968,1468496896481808,1468500546584628,1.369,3650.103,3651.472,1.359,4,12
15,7,8,7,1468500652568596,1468500653467208,1468500653474051,1468504304687991,0.905,3651.214,3652.119,0.899,4,12
16,7,8,7,1468504411408478,1468504412533417,1468504412536426,1468508062796049,1.128,3650.260,3651.388,1.125,4,12
17,7,8,7,1468508168319135,1468508169353099,1468508169363123,1468511820901927,1.044,3651.539,3652.583,1.034,4,12
18,7,8,7,1468511926673174,1468511927999148,1468511928043226,1468515579001475,1.370,3650.958,3652.328,1.326,4,12
19,7,8,7,1468515684606765,1468515685767885,1468515685774842,1468519337106803,1.168,3651.332,3652.500,1.161,4,12
20,7,8,7,1468519442985648,1468519444181713,1468519444188458,1468523095212099,1.203,3651.024,3652.226,1.196,4,12
21,7,8,7,1468523201152874,1468523202309955,1468523202316614,1468526853317063,1.164,3651.000,3652.164,1.157,4,12
22,7,8,7,1468526960112206,1468526961406673,1468526961418094,1468530611421006,1.306,3650.003,3651.309,1.294,4,12
23,7,8,7,1468530717259741,1468530718506264,1468530718516263,1468534369525243,1.257,3651.009,3652.266,1.247,4,12
24,7,8,7,1468534475512027,1468534476481979,1468534476489334,1468538127632510,0.977,3651.143,3652.120,0.970,4,12
25,7,8,7,1468538233941937,1468538235175850,1468538235182688,1468541885736434,1.241,3650.554,3651.794,1.234,4,12
26,7,8,7,1468541992592526,1468541993945813,1468541993952600,1468545643839573,1.360,3649.887,3651.247,1.353,4,12
27,7,8,7,1468545750392614,1468545751526308,1468545751533139,1468549401949391,1.141,3650.416,3651.557,1.134,4,12
28,7,8,7,1468549508477168,1468549509647655,1468549509657343,1468553160050884,1.180,3650.394,3651.574,1.170,4,12
29,7,8,7,1468553266747562,1468553267859627,1468553267866678,1468556918154611,1.119,3650.288,3651.407,1.112,4,12
